trade_date,ticker,open_aud,high_aud,low_aud,close_aud,volume,market_cap_b
2022-01-03,CBA.AX,92.37,95.18,91.83,93.2,7569664,5219.3
2022-01-03,ANZ.AX,24.46,24.92,23.98,24.48,3493308,3553.1
2022-01-03,WBC.AX,21.6,21.63,21.03,21.16,6614695,1283.3
2022-01-03,NAB.AX,27.25,27.62,26.71,27.22,5916430,3754.4
2022-01-03,MQG.AX,180.66,183.18,177.32,178.79,4563485,29014.8
2022-01-04,CBA.AX,96.31,96.75,93.99,94.75,5517703,15959.6
2022-01-04,ANZ.AX,24.53,24.77,23.86,24.45,7955325,2377.7
2022-01-04,WBC.AX,21.8,21.91,21.63,21.72,7214541,3242.3
2022-01-04,NAB.AX,27.08,28.03,26.94,27.43,6752042,2286.7
2022-01-04,MQG.AX,180.23,183.27,179.89,180.53,1345943,13276.6
2022-01-05,CBA.AX,92.72,95.12,92.53,93.06,7773123,17358.9
2022-01-05,ANZ.AX,24.49,24.53,23.87,24.31,2412421,2132.5
2022-01-05,WBC.AX,21.99,22.2,21.5,21.82,7845716,1625.6
2022-01-05,NAB.AX,28.04,28.06,27.28,27.43,6398860,5138.0
2022-01-05,MQG.AX,182.43,186.03,181.74,182.23,3836079,28659.3
2022-01-06,CBA.AX,92.1,94.46,91.94,92.71,4806642,15404.0
2022-01-06,ANZ.AX,23.62,23.78,23.34,23.68,5943632,2899.9
2022-01-06,WBC.AX,21.85,21.92,21.47,21.73,1065329,2351.0
2022-01-06,NAB.AX,28.25,28.6,27.35,27.91,5327933,4085.0
2022-01-06,MQG.AX,185.12,185.21,180.73,183.26,5528621,23910.3
2022-01-07,CBA.AX,92.99,93.46,92.5,93.31,6260444,10877.5
2022-01-07,ANZ.AX,23.5,23.7,23.37,23.52,7912124,3568.9
2022-01-07,WBC.AX,21.73,22.08,21.67,21.73,3813260,3707.1
2022-01-07,NAB.AX,27.83,28.0,27.61,27.94,1680351,3145.4
2022-01-07,MQG.AX,182.63,183.0,179.23,182.38,6644277,21419.2
2022-01-10,CBA.AX,93.98,94.94,93.51,93.71,6082699,17712.9
2022-01-10,ANZ.AX,23.78,24.21,23.37,23.76,1337821,4720.6
2022-01-10,WBC.AX,21.46,21.76,21.35,21.65,557450,1252.4
2022-01-10,NAB.AX,27.74,28.19,27.22,27.64,1613943,2589.2
2022-01-10,MQG.AX,179.63,182.51,177.84,182.08,2642064,17983.0
2022-01-11,CBA.AX,96.24,97.12,93.28,95.06,5438611,13474.1
2022-01-11,ANZ.AX,24.59,24.82,23.65,24.25,7489287,1946.2
2022-01-11,WBC.AX,21.38,21.62,20.57,21.09,7517048,2061.4
2022-01-11,NAB.AX,26.91,27.85,26.85,27.51,666764,5330.1
2022-01-11,MQG.AX,181.55,184.41,180.51,181.52,2279733,23035.6
2022-01-12,CBA.AX,95.68,96.29,93.27,95.25,3291599,15211.3
2022-01-12,ANZ.AX,23.9,23.94,23.76,23.79,2831840,3854.1
2022-01-12,WBC.AX,20.8,21.12,20.8,20.99,6960553,2413.6
2022-01-12,NAB.AX,28.31,28.35,27.8,27.92,5330633,5071.6
2022-01-12,MQG.AX,183.45,183.49,179.35,182.72,5157679,16501.2
2022-01-13,CBA.AX,94.15,96.25,93.17,95.53,854312,11425.9
2022-01-13,ANZ.AX,24.19,24.29,23.9,24.06,4628394,2282.7
2022-01-13,WBC.AX,20.37,20.57,20.01,20.27,2368747,2755.8
2022-01-13,NAB.AX,28.1,28.34,27.76,27.86,5767519,4574.3
2022-01-13,MQG.AX,185.61,187.91,181.91,185.8,2767145,13390.8
2022-01-14,CBA.AX,97.6,98.1,95.57,96.0,1255169,9894.3
2022-01-14,ANZ.AX,23.24,23.39,23.0,23.29,7806514,1225.9
2022-01-14,WBC.AX,19.81,20.25,19.79,20.14,1308402,2709.4
2022-01-14,NAB.AX,27.33,27.73,27.11,27.51,3564355,5319.1
2022-01-14,MQG.AX,185.47,187.41,183.43,186.71,4068184,29999.1
2022-01-17,CBA.AX,97.66,99.54,95.78,97.75,6830166,15501.8
2022-01-17,ANZ.AX,23.44,23.76,22.87,23.27,7829898,2547.2
2022-01-17,WBC.AX,19.37,19.64,19.28,19.57,6929474,1623.7
2022-01-17,NAB.AX,27.83,28.11,27.04,27.44,3524885,4346.1
2022-01-17,MQG.AX,185.24,185.89,181.89,184.47,2953966,34904.3
2022-01-18,CBA.AX,98.91,99.5,98.44,98.9,6370296,4981.9
2022-01-18,ANZ.AX,22.95,22.97,22.79,22.83,1225209,2413.8
2022-01-18,WBC.AX,20.24,20.32,19.59,19.83,6911884,1260.2
2022-01-18,NAB.AX,27.69,27.8,27.16,27.26,7392938,2752.8
2022-01-18,MQG.AX,184.32,185.71,182.3,184.15,696323,34994.9
2022-01-19,CBA.AX,99.72,100.88,97.53,99.68,1498639,11717.0
2022-01-19,ANZ.AX,23.03,23.04,22.49,22.74,7914719,1721.2
2022-01-19,WBC.AX,19.4,19.44,19.23,19.39,4093791,1889.6
2022-01-19,NAB.AX,27.41,27.58,27.21,27.37,5849937,3207.9
2022-01-19,MQG.AX,184.89,186.56,182.57,182.82,6399430,16257.0
2022-01-20,CBA.AX,98.42,99.93,96.94,98.35,3132970,7905.3
2022-01-20,ANZ.AX,22.13,22.41,21.67,21.93,833795,3869.5
2022-01-20,WBC.AX,19.05,19.65,19.01,19.28,5392114,1151.4
2022-01-20,NAB.AX,27.66,27.67,26.82,27.26,6893005,4275.2
2022-01-20,MQG.AX,182.64,184.75,180.06,182.85,4740675,16371.7
2022-01-21,CBA.AX,98.39,98.46,96.72,97.14,6248275,11836.3
2022-01-21,ANZ.AX,21.68,21.97,21.49,21.91,1412464,1688.4
2022-01-21,WBC.AX,19.62,19.95,19.46,19.65,1240007,2595.3
2022-01-21,NAB.AX,27.5,27.58,26.42,27.03,5927770,4551.0
2022-01-21,MQG.AX,181.65,183.72,179.49,180.7,1622522,31138.6
2022-01-24,CBA.AX,96.47,97.13,96.47,96.97,3870458,10492.5
2022-01-24,ANZ.AX,21.7,21.99,21.46,21.95,1606920,1820.0
2022-01-24,WBC.AX,18.91,19.42,18.83,19.04,5141242,2684.7
2022-01-24,NAB.AX,27.44,27.55,26.81,27.06,6047830,2586.1
2022-01-24,MQG.AX,183.03,186.56,181.9,182.43,3152333,10332.1
2022-01-25,CBA.AX,96.77,97.19,95.27,95.68,7756408,8017.3
2022-01-25,ANZ.AX,22.23,22.51,21.6,21.97,611314,3736.1
2022-01-25,WBC.AX,18.9,19.05,18.6,18.69,7880737,1545.7
2022-01-25,NAB.AX,26.82,27.49,26.79,27.25,7581307,4500.2
2022-01-25,MQG.AX,178.1,179.72,176.31,178.01,5683046,25015.0
2022-01-26,CBA.AX,95.8,98.73,94.7,96.6,7396845,8889.5
2022-01-26,ANZ.AX,22.48,22.5,21.77,22.21,3111904,1323.4
2022-01-26,WBC.AX,19.01,19.17,18.71,18.75,6385117,1225.5
2022-01-26,NAB.AX,26.97,27.84,26.92,27.39,3860445,3570.6
2022-01-26,MQG.AX,180.06,181.35,176.17,179.26,7371406,34087.9
2022-01-27,CBA.AX,96.19,96.33,95.22,96.15,4277677,13719.3
2022-01-27,ANZ.AX,22.16,22.5,22.1,22.19,5858722,4349.9
2022-01-27,WBC.AX,18.73,19.04,18.62,18.86,4468052,2568.3
2022-01-27,NAB.AX,27.17,27.17,26.87,26.95,7373648,4468.9
2022-01-27,MQG.AX,177.05,180.37,174.53,178.91,1630050,25400.5
2022-01-28,CBA.AX,95.23,96.14,94.3,94.95,2247452,17118.6
2022-01-28,ANZ.AX,21.68,22.01,21.62,21.8,6399714,3278.8
2022-01-28,WBC.AX,19.28,19.62,18.92,19.29,5193931,3204.1
2022-01-28,NAB.AX,26.91,27.36,26.35,26.97,6415820,4026.2
2022-01-28,MQG.AX,180.0,182.44,179.29,179.49,1968428,17053.9
2022-01-31,CBA.AX,92.58,93.33,91.32,92.41,2633134,12071.7
2022-01-31,ANZ.AX,22.26,22.72,22.25,22.38,4413820,4175.2
2022-01-31,WBC.AX,19.23,19.57,19.01,19.16,6599821,1309.6
2022-01-31,NAB.AX,27.66,28.04,27.21,27.52,5955126,1715.9
2022-01-31,MQG.AX,178.35,182.47,177.82,178.3,1033867,20735.0
2022-02-01,CBA.AX,92.5,92.61,91.57,91.78,1145273,11660.0
2022-02-01,ANZ.AX,22.61,22.73,22.56,22.67,1329481,1908.6
2022-02-01,WBC.AX,19.55,19.7,19.24,19.33,3743069,2993.4
2022-02-01,NAB.AX,27.93,28.51,27.37,27.93,4272763,2602.2
2022-02-01,MQG.AX,181.3,182.68,175.4,179.33,7709409,12339.0
2022-02-02,CBA.AX,92.13,92.68,90.28,90.43,740516,15534.6
2022-02-02,ANZ.AX,22.93,23.16,22.8,22.9,6783917,1246.6
2022-02-02,WBC.AX,19.3,19.63,18.88,19.28,2082155,2166.0
2022-02-02,NAB.AX,27.58,27.82,26.88,27.49,3985364,3081.1
2022-02-02,MQG.AX,183.42,183.91,178.17,179.44,2831067,13652.6
2022-02-03,CBA.AX,91.66,92.56,88.22,90.41,7532060,6256.5
2022-02-03,ANZ.AX,22.35,22.75,22.33,22.58,2251178,3585.2
2022-02-03,WBC.AX,19.08,19.15,18.48,18.7,4595504,1939.4
2022-02-03,NAB.AX,27.49,28.08,27.2,27.48,5832342,2628.9
2022-02-03,MQG.AX,176.78,182.16,174.54,178.49,5673937,13320.8
2022-02-04,CBA.AX,89.59,90.7,88.87,90.47,3524063,10416.9
2022-02-04,ANZ.AX,23.13,23.31,23.02,23.12,940792,1537.6
2022-02-04,WBC.AX,18.4,18.59,18.14,18.51,7062364,3009.1
2022-02-04,NAB.AX,28.18,28.26,27.47,27.74,5815908,2780.3
2022-02-04,MQG.AX,176.81,178.36,175.88,177.4,7888674,15860.7
2022-02-07,CBA.AX,89.24,90.44,89.21,90.15,7700068,17607.4
2022-02-07,ANZ.AX,23.35,23.45,22.94,23.43,3379599,1394.8
2022-02-07,WBC.AX,18.67,18.71,18.0,18.37,2774035,3066.4
2022-02-07,NAB.AX,27.73,28.37,27.59,27.97,4995821,2358.0
2022-02-07,MQG.AX,174.86,176.84,174.23,176.66,2458112,10584.7
2022-02-08,CBA.AX,91.09,92.62,90.18,90.93,4545001,8534.8
2022-02-08,ANZ.AX,22.92,23.82,22.83,23.33,2687030,3604.5
2022-02-08,WBC.AX,18.12,18.36,18.05,18.14,1624183,3287.5
2022-02-08,NAB.AX,27.3,27.78,27.07,27.75,2545647,3222.4
2022-02-08,MQG.AX,174.63,177.7,171.19,175.36,3637137,21973.9
2022-02-09,CBA.AX,89.8,90.22,89.31,90.0,2540183,5658.0
2022-02-09,ANZ.AX,22.95,23.43,22.81,23.36,4538117,3042.2
2022-02-09,WBC.AX,18.22,18.32,17.82,18.23,4575900,3094.8
2022-02-09,NAB.AX,28.02,28.13,27.82,28.07,3185055,3185.6
2022-02-09,MQG.AX,176.86,177.17,175.26,176.45,3910356,25823.0
2022-02-10,CBA.AX,91.08,91.91,89.49,89.96,2550101,16973.2
2022-02-10,ANZ.AX,23.18,23.77,22.97,23.34,6428470,3768.4
2022-02-10,WBC.AX,18.37,18.39,17.86,18.29,4121674,3313.1
2022-02-10,NAB.AX,28.15,28.77,27.84,28.08,6333224,1483.5
2022-02-10,MQG.AX,173.56,175.49,173.35,174.61,7112415,12748.3
2022-02-11,CBA.AX,90.76,92.75,90.53,91.77,1132399,8113.8
2022-02-11,ANZ.AX,23.3,23.34,23.28,23.31,7989655,2039.1
2022-02-11,WBC.AX,17.86,18.39,17.78,18.01,7654480,1269.6
2022-02-11,NAB.AX,29.08,29.28,29.05,29.09,6077075,2222.9
2022-02-11,MQG.AX,172.45,177.86,172.3,176.11,6063785,28331.5
2022-02-14,CBA.AX,91.19,92.21,90.03,91.87,2253855,7675.2
2022-02-14,ANZ.AX,22.42,22.85,22.33,22.77,2022829,2904.4
2022-02-14,WBC.AX,18.03,18.22,17.76,18.11,3314672,3166.7
2022-02-14,NAB.AX,28.62,29.36,28.51,29.04,3052479,2260.8
2022-02-14,MQG.AX,173.77,174.58,170.68,173.17,1953432,15508.5
2022-02-15,CBA.AX,92.32,94.23,91.62,92.99,6753062,5409.8
2022-02-15,ANZ.AX,23.06,23.18,22.86,23.02,4472454,3309.5
2022-02-15,WBC.AX,17.75,17.99,17.27,17.61,5114963,2563.1
2022-02-15,NAB.AX,29.15,29.33,28.26,28.73,1272717,2878.5
2022-02-15,MQG.AX,176.17,176.32,172.63,175.4,3611555,30188.3
2022-02-16,CBA.AX,93.73,93.79,92.29,92.61,3601536,15570.5
2022-02-16,ANZ.AX,23.18,23.48,22.69,22.98,3994322,2584.6
2022-02-16,WBC.AX,17.77,18.24,17.45,17.8,5378855,2753.6
2022-02-16,NAB.AX,29.05,29.11,28.86,28.97,2771592,5462.9
2022-02-16,MQG.AX,173.13,175.7,169.84,172.76,6361473,26503.1
2022-02-17,CBA.AX,94.34,95.89,91.65,93.71,6924603,12790.3
2022-02-17,ANZ.AX,23.39,23.44,22.86,23.33,6833216,4630.6
2022-02-17,WBC.AX,17.51,17.8,17.38,17.57,3341680,2129.9
2022-02-17,NAB.AX,29.63,29.66,29.1,29.18,6749065,4195.9
2022-02-17,MQG.AX,173.17,178.75,171.66,174.67,6031017,16243.1
2022-02-18,CBA.AX,91.67,93.49,91.62,92.45,7083314,6026.8
2022-02-18,ANZ.AX,23.26,23.66,22.73,23.23,5451272,3387.8
2022-02-18,WBC.AX,17.23,17.64,17.2,17.31,1306828,1785.9
2022-02-18,NAB.AX,28.74,28.97,28.72,28.79,3802187,5312.9
2022-02-18,MQG.AX,169.23,175.38,169.08,173.29,7264599,14076.8
2022-02-21,CBA.AX,91.97,92.76,90.2,92.38,7001301,16121.7
2022-02-21,ANZ.AX,23.32,23.67,23.0,23.35,5146369,4333.2
2022-02-21,WBC.AX,17.28,17.34,17.25,17.31,2807693,2355.5
2022-02-21,NAB.AX,29.27,30.22,29.04,29.5,6944243,2793.0
2022-02-21,MQG.AX,176.46,180.66,174.45,177.19,2831791,31141.0
2022-02-22,CBA.AX,92.97,93.84,90.9,92.35,3389646,15015.9
2022-02-22,ANZ.AX,22.51,22.61,22.36,22.48,4358839,1591.7
2022-02-22,WBC.AX,17.62,17.95,17.62,17.68,3816952,3060.4
2022-02-22,NAB.AX,29.09,29.41,29.06,29.2,6101657,1941.1
2022-02-22,MQG.AX,174.23,176.9,171.96,175.11,5704475,19524.7
2022-02-23,CBA.AX,91.84,93.26,88.79,91.01,5119639,7611.1
2022-02-23,ANZ.AX,22.27,22.35,22.26,22.31,3435210,3743.4
2022-02-23,WBC.AX,18.04,18.19,17.53,17.93,2571134,2423.3
2022-02-23,NAB.AX,28.75,29.7,28.47,29.14,2783172,5705.9
2022-02-23,MQG.AX,178.02,178.97,177.34,177.87,4543570,26417.0
2022-02-24,CBA.AX,89.55,92.73,89.4,91.47,5225737,12058.0
2022-02-24,ANZ.AX,22.24,23.1,22.18,22.7,1096923,4080.2
2022-02-24,WBC.AX,17.65,17.83,17.44,17.78,1370146,1957.0
2022-02-24,NAB.AX,29.56,29.86,28.83,29.15,6060948,4333.3
2022-02-24,MQG.AX,177.69,179.47,177.35,177.96,824240,12916.0
2022-02-25,CBA.AX,92.2,92.45,90.78,91.13,1498831,10081.7
2022-02-25,ANZ.AX,22.93,23.18,22.54,22.63,2567354,2122.6
2022-02-25,WBC.AX,17.71,17.83,17.68,17.76,4710612,3273.1
2022-02-25,NAB.AX,28.84,29.63,28.79,29.42,3178075,2342.5
2022-02-25,MQG.AX,177.73,179.23,175.77,177.24,6131271,11418.7
2022-02-28,CBA.AX,92.39,92.75,92.17,92.44,1169725,9113.6
2022-02-28,ANZ.AX,22.34,22.38,22.0,22.1,7133003,2747.6
2022-02-28,WBC.AX,17.75,18.11,17.59,17.79,7610149,3069.4
2022-02-28,NAB.AX,29.66,30.34,29.08,29.6,7776544,1499.1
2022-02-28,MQG.AX,176.38,183.42,175.67,179.78,1611658,31651.6
2022-03-01,CBA.AX,91.92,93.3,91.28,92.19,4564942,17523.8
2022-03-01,ANZ.AX,22.71,22.78,22.31,22.64,3591222,2799.0
2022-03-01,WBC.AX,18.0,18.16,17.75,18.01,2503552,2397.4
2022-03-01,NAB.AX,30.15,30.18,29.17,29.7,6016527,5877.1
2022-03-01,MQG.AX,178.43,180.36,177.65,179.65,2592987,26267.0
2022-03-02,CBA.AX,92.19,93.05,92.11,92.85,3314507,7675.8
2022-03-02,ANZ.AX,22.68,22.84,22.55,22.79,6052332,1773.8
2022-03-02,WBC.AX,18.64,18.64,17.95,18.26,1972203,2988.2
2022-03-02,NAB.AX,29.43,30.27,29.36,29.88,1665435,4331.1
2022-03-02,MQG.AX,178.61,179.4,177.51,178.94,5509766,27864.2
2022-03-03,CBA.AX,95.14,95.31,93.42,94.59,4072866,10269.1
2022-03-03,ANZ.AX,22.33,23.26,22.27,22.72,3597445,1497.1
2022-03-03,WBC.AX,18.6,19.0,18.39,18.54,4286766,1894.4
2022-03-03,NAB.AX,29.64,29.98,29.5,29.69,1721755,5277.7
2022-03-03,MQG.AX,175.6,178.04,175.37,177.08,1809145,19205.6
2022-03-04,CBA.AX,94.66,96.73,93.37,95.7,567066,11623.9
2022-03-04,ANZ.AX,23.27,23.4,22.48,23.01,5985390,4329.3
2022-03-04,WBC.AX,18.85,19.12,18.36,18.66,4031430,3343.3
2022-03-04,NAB.AX,29.87,30.07,29.67,29.85,7026583,5110.4
2022-03-04,MQG.AX,177.82,180.1,176.24,177.21,5529012,10428.7
2022-03-07,CBA.AX,96.14,96.35,95.47,95.63,4575701,6726.3
2022-03-07,ANZ.AX,22.96,23.33,22.91,23.21,3445863,4190.0
2022-03-07,WBC.AX,18.55,19.18,18.45,18.86,1742212,1455.0
2022-03-07,NAB.AX,29.88,29.99,29.17,29.58,4912481,2333.6
2022-03-07,MQG.AX,176.58,181.02,174.7,176.61,510811,16060.5
2022-03-08,CBA.AX,96.67,98.21,96.47,97.49,3629166,17888.1
2022-03-08,ANZ.AX,22.95,23.4,22.8,23.32,6095317,1269.9
2022-03-08,WBC.AX,19.2,19.21,19.07,19.1,1721539,1427.0
2022-03-08,NAB.AX,29.51,29.57,28.78,29.09,564221,4908.4
2022-03-08,MQG.AX,178.55,178.76,174.04,175.63,5168466,34613.4
2022-03-09,CBA.AX,97.05,99.22,96.37,97.72,1570602,18468.6
2022-03-09,ANZ.AX,23.2,23.96,22.9,23.43,7770590,3674.9
2022-03-09,WBC.AX,19.08,19.28,18.77,19.11,7811401,3131.3
2022-03-09,NAB.AX,29.3,29.85,29.11,29.19,4438711,3892.5
2022-03-09,MQG.AX,175.91,176.68,170.05,173.18,1581231,22962.0
2022-03-10,CBA.AX,98.65,100.17,98.21,98.48,3734025,8203.6
2022-03-10,ANZ.AX,23.9,24.01,23.76,23.79,6459002,4644.0
2022-03-10,WBC.AX,19.17,19.3,18.91,19.03,1316604,1585.0
2022-03-10,NAB.AX,29.26,29.46,28.75,28.97,2602025,5494.9
2022-03-10,MQG.AX,175.62,178.24,174.39,176.36,3284461,23435.1
2022-03-11,CBA.AX,98.99,99.56,96.93,97.23,5469046,13206.2
2022-03-11,ANZ.AX,24.13,24.23,23.28,23.77,505559,4162.5
2022-03-11,WBC.AX,19.07,19.28,18.71,18.99,6283697,1798.5
2022-03-11,NAB.AX,29.25,29.89,28.87,29.3,6605964,1678.0
2022-03-11,MQG.AX,173.27,176.34,172.33,174.77,6843012,15905.0
2022-03-14,CBA.AX,96.1,97.92,94.81,96.9,2367897,10924.3
2022-03-14,ANZ.AX,24.06,24.14,23.38,23.8,991456,1689.8
2022-03-14,WBC.AX,18.9,19.15,18.74,19.0,5648764,1408.1
2022-03-14,NAB.AX,29.17,29.83,28.92,29.37,4357350,4877.8
2022-03-14,MQG.AX,169.52,171.66,169.5,170.17,2865454,25746.2
2022-03-15,CBA.AX,95.51,97.58,94.82,96.92,2283349,9228.9
2022-03-15,ANZ.AX,23.76,23.94,23.68,23.87,6541024,2378.6
2022-03-15,WBC.AX,19.05,19.13,18.92,19.0,3248344,2473.5
2022-03-15,NAB.AX,29.48,29.96,29.18,29.26,7496907,3653.1
2022-03-15,MQG.AX,169.61,175.2,167.46,171.69,3594747,20229.7
2022-03-16,CBA.AX,97.11,97.66,94.96,97.05,6167817,13583.9
2022-03-16,ANZ.AX,24.54,24.58,24.29,24.35,3202461,3555.2
2022-03-16,WBC.AX,18.66,19.31,18.65,19.11,7446936,1356.3
2022-03-16,NAB.AX,29.39,29.5,28.57,29.17,5677756,4084.2
2022-03-16,MQG.AX,167.88,172.19,167.18,170.81,1599091,9218.0
2022-03-17,CBA.AX,97.42,97.54,95.89,97.24,1983386,18064.8
2022-03-17,ANZ.AX,24.14,24.34,23.84,24.21,4483238,4327.9
2022-03-17,WBC.AX,19.63,19.64,18.94,19.24,7373681,1986.4
2022-03-17,NAB.AX,29.56,30.03,29.09,29.41,3033949,3815.8
2022-03-17,MQG.AX,169.55,175.12,168.29,171.1,878185,19282.6
2022-03-18,CBA.AX,96.64,98.51,96.14,97.07,5692507,8139.7
2022-03-18,ANZ.AX,23.64,24.5,23.58,24.13,987670,3545.2
2022-03-18,WBC.AX,19.01,19.54,18.92,19.36,7560576,1956.8
2022-03-18,NAB.AX,30.14,30.38,29.58,29.84,1036789,3793.2
2022-03-18,MQG.AX,167.71,168.83,166.16,167.42,5714770,28760.1
2022-03-21,CBA.AX,99.18,99.78,96.86,99.34,3386760,15799.4
2022-03-21,ANZ.AX,24.38,24.45,24.24,24.29,4431934,2910.5
2022-03-21,WBC.AX,19.36,19.72,19.21,19.34,3661200,1807.2
2022-03-21,NAB.AX,29.64,30.12,29.58,29.77,2980581,5708.3
2022-03-21,MQG.AX,164.26,165.16,162.18,163.61,1375855,30758.6
2022-03-22,CBA.AX,97.43,98.89,96.33,97.79,990006,9944.3
2022-03-22,ANZ.AX,23.85,24.0,23.38,23.6,1061168,1622.6
2022-03-22,WBC.AX,19.28,19.43,19.21,19.37,5092259,1128.1
2022-03-22,NAB.AX,29.81,30.06,29.39,29.56,1807613,2063.5
2022-03-22,MQG.AX,166.25,166.54,162.54,164.49,701665,17757.9
2022-03-23,CBA.AX,97.68,100.07,97.07,98.03,2564222,6893.7
2022-03-23,ANZ.AX,23.48,24.03,23.44,23.7,1658126,2530.7
2022-03-23,WBC.AX,19.77,19.94,19.47,19.62,3583939,2199.7
2022-03-23,NAB.AX,29.33,29.92,29.06,29.69,680971,1662.8
2022-03-23,MQG.AX,166.72,167.91,160.91,164.05,6983631,30554.2
2022-03-24,CBA.AX,95.68,98.91,94.64,96.71,6349304,5896.6
2022-03-24,ANZ.AX,23.47,23.65,23.21,23.55,5754364,2951.5
2022-03-24,WBC.AX,19.45,19.46,19.12,19.38,6486157,1718.6
2022-03-24,NAB.AX,30.27,30.41,29.68,30.03,4668570,3360.7
2022-03-24,MQG.AX,159.62,161.84,157.17,160.37,845980,10285.7
2022-03-25,CBA.AX,94.91,97.57,94.83,95.69,3753397,16322.3
2022-03-25,ANZ.AX,23.82,23.89,23.35,23.7,7855335,1968.3
2022-03-25,WBC.AX,19.26,20.03,19.13,19.59,2035775,3898.7
2022-03-25,NAB.AX,30.21,30.62,29.81,29.9,7499645,3134.0
2022-03-25,MQG.AX,162.38,163.68,161.56,161.99,4436452,31849.5
2022-03-28,CBA.AX,94.56,96.38,94.2,95.61,7329550,16284.8
2022-03-28,ANZ.AX,23.69,24.2,23.62,24.01,3073851,2665.6
2022-03-28,WBC.AX,19.54,19.82,19.18,19.61,3242999,2107.3
2022-03-28,NAB.AX,29.92,30.63,29.8,29.93,6138552,1740.0
2022-03-28,MQG.AX,160.81,162.99,158.69,161.1,5510322,30882.7
2022-03-29,CBA.AX,96.69,97.69,95.11,95.89,5401520,15979.5
2022-03-29,ANZ.AX,24.04,24.5,23.42,23.98,3026328,2771.2
2022-03-29,WBC.AX,19.77,20.49,19.77,20.09,1736013,3377.4
2022-03-29,NAB.AX,30.2,30.24,29.69,29.82,6365606,4479.5
2022-03-29,MQG.AX,162.33,166.17,160.31,163.27,4633458,25871.1
2022-03-30,CBA.AX,93.58,94.52,93.19,93.59,5998222,5408.7
2022-03-30,ANZ.AX,23.95,24.15,23.64,24.11,1623690,1544.0
2022-03-30,WBC.AX,19.78,20.21,19.71,19.74,2538561,1558.7
2022-03-30,NAB.AX,30.28,30.47,29.86,29.98,5259578,4641.1
2022-03-30,MQG.AX,165.57,166.96,161.01,163.18,4235170,8446.6
2022-03-31,CBA.AX,94.06,94.54,93.07,94.0,7619431,16866.8
2022-03-31,ANZ.AX,24.59,24.6,23.91,24.46,7909496,4135.4
2022-03-31,WBC.AX,19.76,19.79,19.6,19.7,7977112,3609.4
2022-03-31,NAB.AX,30.29,30.54,29.19,29.85,6986363,5811.9
2022-03-31,MQG.AX,162.64,164.0,158.48,161.73,4047203,28685.6
2022-04-01,CBA.AX,95.51,95.72,92.31,93.5,6299362,12252.1
2022-04-01,ANZ.AX,24.3,24.46,24.02,24.2,6349475,1960.8
2022-04-01,WBC.AX,19.86,20.25,19.7,19.91,4147919,3613.8
2022-04-01,NAB.AX,30.31,30.33,29.14,29.87,4017397,2747.7
2022-04-01,MQG.AX,162.46,165.11,158.11,161.59,6905522,29098.3
2022-04-04,CBA.AX,93.78,95.26,92.89,93.14,7419512,13781.2
2022-04-04,ANZ.AX,24.0,24.3,23.8,24.21,4486211,2463.3
2022-04-04,WBC.AX,20.29,20.35,19.74,19.9,5887850,1174.1
2022-04-04,NAB.AX,30.17,30.46,29.67,30.05,6609029,4816.9
2022-04-04,MQG.AX,159.26,161.91,159.09,160.65,1015361,14585.6
2022-04-05,CBA.AX,95.14,96.3,92.6,94.19,7493061,9374.3
2022-04-05,ANZ.AX,24.25,24.66,24.1,24.33,5916744,2009.3
2022-04-05,WBC.AX,19.83,20.08,19.42,19.82,600849,1297.5
2022-04-05,NAB.AX,30.41,30.66,30.26,30.34,4252884,2017.6
2022-04-05,MQG.AX,162.62,162.97,158.1,161.79,812071,11845.5
2022-04-06,CBA.AX,93.01,94.28,92.86,93.15,5586091,12022.6
2022-04-06,ANZ.AX,23.45,24.21,23.37,23.91,3568667,3046.0
2022-04-06,WBC.AX,19.78,19.89,19.66,19.69,4043307,1317.7
2022-04-06,NAB.AX,30.15,30.6,29.54,29.97,6479456,3842.1
2022-04-06,MQG.AX,157.87,163.59,157.47,160.87,7796286,9049.4
2022-04-07,CBA.AX,93.18,95.3,91.91,93.04,2643989,9627.8
2022-04-07,ANZ.AX,23.96,24.3,23.71,23.97,4188736,3735.4
2022-04-07,WBC.AX,19.78,19.99,19.49,19.52,5476684,3231.9
2022-04-07,NAB.AX,29.71,30.29,29.35,29.89,6031935,2131.3
2022-04-07,MQG.AX,156.02,159.57,155.77,157.59,3270345,20630.7
2022-04-08,CBA.AX,93.17,94.11,92.04,93.42,5573030,16848.4
2022-04-08,ANZ.AX,24.38,24.7,24.04,24.56,2215542,1808.6
2022-04-08,WBC.AX,19.74,19.94,19.13,19.53,4107080,2712.3
2022-04-08,NAB.AX,30.15,30.25,29.7,29.99,6456921,1774.9
2022-04-08,MQG.AX,156.46,157.71,155.72,156.35,3015107,17819.3
2022-04-11,CBA.AX,94.73,94.84,93.02,93.52,564206,12183.4
2022-04-11,ANZ.AX,24.83,24.91,24.21,24.55,7566312,1256.9
2022-04-11,WBC.AX,19.03,19.38,18.96,19.11,4558242,3229.7
2022-04-11,NAB.AX,30.52,30.54,30.08,30.17,1472689,2055.5
2022-04-11,MQG.AX,156.42,157.8,155.14,156.45,4727475,29448.8
2022-04-12,CBA.AX,92.08,93.12,92.01,92.59,4212675,17231.9
2022-04-12,ANZ.AX,24.53,24.72,24.5,24.61,2976344,3722.8
2022-04-12,WBC.AX,19.4,19.41,19.1,19.17,3425936,3083.1
2022-04-12,NAB.AX,29.51,30.0,29.46,29.5,5692913,5166.4
2022-04-12,MQG.AX,159.68,159.92,156.29,156.81,6186265,21474.1
2022-04-13,CBA.AX,91.92,93.13,91.27,92.23,3845049,10181.8
2022-04-13,ANZ.AX,24.51,24.8,24.07,24.51,6568565,3730.2
2022-04-13,WBC.AX,18.66,19.15,18.65,19.0,6484432,1994.9
2022-04-13,NAB.AX,29.39,29.6,29.31,29.46,1661064,5832.0
2022-04-13,MQG.AX,153.1,155.53,152.49,154.65,6326371,11961.4
2022-04-14,CBA.AX,94.68,95.4,92.39,93.43,2545790,18462.8
2022-04-14,ANZ.AX,24.44,24.66,23.98,24.42,4034401,1404.4
2022-04-14,WBC.AX,18.71,18.83,18.51,18.76,1458728,1170.5
2022-04-14,NAB.AX,29.33,30.08,28.84,29.55,7452512,5509.0
2022-04-14,MQG.AX,150.91,156.19,150.73,154.48,3866564,15802.9
2022-04-15,CBA.AX,92.12,93.42,91.46,92.74,4322808,16649.4
2022-04-15,ANZ.AX,24.17,24.89,23.84,24.33,4758058,3042.7
2022-04-15,WBC.AX,18.57,18.89,18.44,18.83,3879935,2274.6
2022-04-15,NAB.AX,29.54,30.05,29.38,29.95,6463298,3767.8
2022-04-15,MQG.AX,152.0,155.5,150.9,152.23,1806662,8135.5
2022-04-18,CBA.AX,94.08,94.12,93.34,93.56,6310564,6624.6
2022-04-18,ANZ.AX,23.99,24.27,23.86,24.16,5019161,2415.1
2022-04-18,WBC.AX,18.53,19.03,18.43,18.63,6544866,2323.3
2022-04-18,NAB.AX,30.35,30.58,29.72,29.97,6018269,2133.5
2022-04-18,MQG.AX,151.25,154.48,150.95,152.33,6091340,24668.7
2022-04-19,CBA.AX,93.56,95.22,92.71,93.8,2248785,16282.3
2022-04-19,ANZ.AX,24.18,24.22,23.38,23.91,2202201,3812.3
2022-04-19,WBC.AX,18.94,18.99,18.51,18.88,7588505,2800.2
2022-04-19,NAB.AX,29.65,29.77,29.28,29.59,2184201,5082.8
2022-04-19,MQG.AX,153.56,155.67,151.21,152.87,5492804,21141.4
2022-04-20,CBA.AX,92.84,94.25,92.66,94.01,529792,16116.3
2022-04-20,ANZ.AX,23.9,24.28,23.22,23.71,2434756,2380.2
2022-04-20,WBC.AX,19.31,19.73,18.82,19.27,5534311,3148.7
2022-04-20,NAB.AX,29.14,30.06,28.81,29.51,2350737,4279.1
2022-04-20,MQG.AX,152.94,154.13,148.96,152.45,3804340,11519.0
2022-04-21,CBA.AX,96.05,96.11,92.06,94.23,6157102,13689.6
2022-04-21,ANZ.AX,23.99,24.0,23.29,23.68,6884001,3216.0
2022-04-21,WBC.AX,19.75,19.84,19.23,19.36,7813313,1977.1
2022-04-21,NAB.AX,29.09,29.29,28.1,28.77,1240520,1595.3
2022-04-21,MQG.AX,150.62,152.03,150.16,151.11,7731130,21447.2
2022-04-22,CBA.AX,94.88,96.62,93.47,95.39,4726500,8922.1
2022-04-22,ANZ.AX,23.85,24.5,23.74,23.91,4041592,3370.4
2022-04-22,WBC.AX,19.76,19.83,19.29,19.59,5932788,1064.1
2022-04-22,NAB.AX,28.98,29.08,28.33,28.72,4770532,3569.5
2022-04-22,MQG.AX,150.15,150.86,148.77,149.28,5052437,25612.5
2022-04-25,CBA.AX,96.26,97.02,94.74,95.93,3499221,5150.1
2022-04-25,ANZ.AX,24.81,25.0,24.17,24.55,5867704,1822.1
2022-04-25,WBC.AX,19.6,19.81,19.43,19.72,4817811,3443.5
2022-04-25,NAB.AX,28.78,29.0,28.3,28.62,4254290,4193.9
2022-04-25,MQG.AX,151.11,153.93,147.66,150.82,5875620,21165.2
2022-04-26,CBA.AX,97.38,98.68,95.35,96.52,4390632,9045.4
2022-04-26,ANZ.AX,23.84,24.44,23.55,24.09,5721798,2926.8
2022-04-26,WBC.AX,19.73,19.74,19.22,19.5,7512422,2425.8
2022-04-26,NAB.AX,28.64,28.66,28.17,28.5,4964426,1530.3
2022-04-26,MQG.AX,152.16,153.27,149.45,153.01,2940319,10514.8
2022-04-27,CBA.AX,94.54,96.1,92.63,94.24,2081009,12792.9
2022-04-27,ANZ.AX,24.84,24.89,23.78,24.31,7739135,2500.8
2022-04-27,WBC.AX,19.25,19.44,18.89,19.17,7559126,3767.9
2022-04-27,NAB.AX,29.12,29.26,28.18,28.87,3528799,4794.7
2022-04-27,MQG.AX,155.63,156.64,153.84,155.51,4886008,29886.6
2022-04-28,CBA.AX,94.53,95.64,93.93,94.28,4384391,18748.8
2022-04-28,ANZ.AX,23.77,24.49,23.76,24.02,1352914,3835.1
2022-04-28,WBC.AX,18.76,19.02,18.74,18.93,4754498,2058.0
2022-04-28,NAB.AX,28.4,28.74,28.39,28.59,6049631,4187.6
2022-04-28,MQG.AX,154.06,155.4,153.8,153.97,7638555,12064.3
2022-04-29,CBA.AX,90.98,94.12,90.34,92.62,851044,4820.5
2022-04-29,ANZ.AX,23.48,24.26,23.46,23.69,1641702,4071.3
2022-04-29,WBC.AX,18.92,19.36,18.76,19.04,7252243,2592.0
2022-04-29,NAB.AX,28.0,28.13,27.48,27.86,5827238,2597.7
2022-04-29,MQG.AX,156.59,159.32,156.31,157.29,5885494,25857.9
2022-05-02,CBA.AX,93.66,93.7,92.72,92.93,3582633,17210.1
2022-05-02,ANZ.AX,23.43,23.59,23.24,23.42,4635137,3942.7
2022-05-02,WBC.AX,18.74,18.77,18.26,18.59,2336013,1638.9
2022-05-02,NAB.AX,28.28,28.29,27.72,27.82,6058795,4824.2
2022-05-02,MQG.AX,155.57,157.26,155.15,155.78,6770805,28178.6
2022-05-03,CBA.AX,91.7,92.29,90.56,90.97,3462635,13485.1
2022-05-03,ANZ.AX,23.84,23.95,23.17,23.4,7480370,2905.8
2022-05-03,WBC.AX,18.14,18.54,18.07,18.39,7719879,2748.4
2022-05-03,NAB.AX,27.87,28.29,27.5,27.95,4760511,5175.3
2022-05-03,MQG.AX,157.81,158.95,153.14,155.5,5204773,12870.2
2022-05-04,CBA.AX,90.74,93.5,89.85,91.59,6613619,10495.6
2022-05-04,ANZ.AX,23.34,23.51,22.81,23.19,7130738,2222.5
2022-05-04,WBC.AX,18.46,18.65,17.98,18.28,5498609,1393.5
2022-05-04,NAB.AX,27.77,28.43,27.22,27.91,2851864,2116.5
2022-05-04,MQG.AX,157.0,161.46,155.91,157.57,883178,24351.1
2022-05-05,CBA.AX,90.34,90.43,87.36,89.29,3140165,8075.9
2022-05-05,ANZ.AX,23.54,23.86,23.0,23.39,6251440,1186.3
2022-05-05,WBC.AX,18.43,18.43,17.92,18.23,1422232,1880.5
2022-05-05,NAB.AX,28.1,28.36,27.64,27.88,3015721,5544.5
2022-05-05,MQG.AX,157.73,161.07,155.99,158.77,7921555,9480.1
2022-05-06,CBA.AX,90.75,91.43,88.44,89.39,6260159,13484.5
2022-05-06,ANZ.AX,23.61,23.71,23.31,23.41,2077819,1446.7
2022-05-06,WBC.AX,18.36,18.72,18.32,18.38,2504882,2729.9
2022-05-06,NAB.AX,27.41,28.24,27.22,27.64,4364791,4769.8
2022-05-06,MQG.AX,157.81,158.79,155.77,158.07,2036613,27017.1
2022-05-09,CBA.AX,88.56,89.67,87.31,88.47,5147349,13910.7
2022-05-09,ANZ.AX,23.96,23.99,23.34,23.77,2677213,3441.6
2022-05-09,WBC.AX,18.29,18.6,18.26,18.32,2447417,1806.8
2022-05-09,NAB.AX,27.73,27.76,27.43,27.68,3385849,4825.2
2022-05-09,MQG.AX,159.41,159.72,155.68,156.97,4005423,11043.9
2022-05-10,CBA.AX,89.92,90.45,89.54,89.96,2176013,7837.1
2022-05-10,ANZ.AX,24.07,24.27,23.66,23.77,7466364,2884.4
2022-05-10,WBC.AX,18.72,18.86,18.28,18.42,6767662,1381.8
2022-05-10,NAB.AX,26.95,27.21,26.67,27.07,4910051,1834.8
2022-05-10,MQG.AX,159.36,162.61,157.26,158.73,618410,21964.0
2022-05-11,CBA.AX,90.7,91.59,90.03,90.99,669262,15333.2
2022-05-11,ANZ.AX,23.54,23.81,23.41,23.65,1118690,2728.6
2022-05-11,WBC.AX,18.42,18.51,18.2,18.34,7391292,2540.6
2022-05-11,NAB.AX,27.17,27.19,26.93,27.07,6404731,4291.6
2022-05-11,MQG.AX,155.69,156.59,152.81,156.06,2852140,26100.5
2022-05-12,CBA.AX,92.15,93.5,90.47,91.59,822779,8818.9
2022-05-12,ANZ.AX,23.09,23.67,23.06,23.28,3597890,3286.5
2022-05-12,WBC.AX,18.45,18.9,18.43,18.77,6200242,1346.1
2022-05-12,NAB.AX,27.07,27.4,26.78,27.3,6934973,2884.6
2022-05-12,MQG.AX,158.44,160.34,155.48,158.74,1424417,25041.3
2022-05-13,CBA.AX,91.99,92.25,89.81,91.53,4873294,16258.1
2022-05-13,ANZ.AX,23.16,23.48,22.92,23.34,5659304,2471.2
2022-05-13,WBC.AX,18.7,18.89,18.67,18.85,5409481,2310.5
2022-05-13,NAB.AX,27.09,27.33,26.97,27.23,3922554,1962.2
2022-05-13,MQG.AX,155.17,158.37,153.12,154.74,7062066,30018.3
2022-05-16,CBA.AX,90.34,92.01,89.88,90.17,1856636,11396.1
2022-05-16,ANZ.AX,23.64,23.79,23.25,23.42,4603470,1974.0
2022-05-16,WBC.AX,18.77,19.05,18.35,18.75,2565154,2054.3
2022-05-16,NAB.AX,27.69,28.01,27.45,27.69,4560475,1857.6
2022-05-16,MQG.AX,151.33,153.07,149.5,152.82,4285115,18811.9
2022-05-17,CBA.AX,90.83,91.24,88.68,89.33,1179268,9466.7
2022-05-17,ANZ.AX,23.24,23.63,23.06,23.5,586841,4026.2
2022-05-17,WBC.AX,18.89,19.11,18.66,18.8,5201490,2334.1
2022-05-17,NAB.AX,28.15,28.29,27.75,27.85,3097772,4057.5
2022-05-17,MQG.AX,154.08,154.96,151.27,153.64,896201,13160.9
2022-05-18,CBA.AX,89.29,90.63,87.24,88.88,6529954,14958.7
2022-05-18,ANZ.AX,23.47,23.72,23.05,23.44,5000232,3671.8
2022-05-18,WBC.AX,19.13,19.23,19.02,19.14,1307472,1085.2
2022-05-18,NAB.AX,27.99,28.81,27.93,28.33,7809392,4605.1
2022-05-18,MQG.AX,149.78,151.92,148.5,151.4,1343474,19958.1
2022-05-19,CBA.AX,88.34,89.51,88.1,88.92,7178122,7594.4
2022-05-19,ANZ.AX,23.24,23.5,23.18,23.46,6633784,1443.2
2022-05-19,WBC.AX,19.1,19.21,19.02,19.14,3984090,3371.8
2022-05-19,NAB.AX,28.01,28.18,27.67,27.99,1221031,4122.3
2022-05-19,MQG.AX,150.2,152.54,148.15,149.74,4780544,20795.4
2022-05-20,CBA.AX,85.58,86.54,84.68,85.82,887327,4841.2
2022-05-20,ANZ.AX,22.91,23.81,22.86,23.39,4475270,4373.9
2022-05-20,WBC.AX,19.08,19.45,18.94,19.22,3563384,3473.1
2022-05-20,NAB.AX,28.24,28.86,28.17,28.47,2317740,3382.7
2022-05-20,MQG.AX,147.34,152.25,146.73,150.19,7052179,20669.3
2022-05-23,CBA.AX,87.77,87.95,85.12,86.53,4025863,12185.7
2022-05-23,ANZ.AX,23.3,23.6,23.14,23.5,7401329,1580.0
2022-05-23,WBC.AX,19.29,19.38,19.04,19.32,7302163,1303.1
2022-05-23,NAB.AX,28.81,29.35,28.43,28.8,1685867,5096.7
2022-05-23,MQG.AX,150.44,150.82,149.21,150.29,3701787,28337.2
2022-05-24,CBA.AX,85.84,88.51,85.77,87.5,3548893,10864.2
2022-05-24,ANZ.AX,23.62,23.82,23.03,23.32,7405202,4638.6
2022-05-24,WBC.AX,19.3,19.46,18.94,19.36,6517887,3179.2
2022-05-24,NAB.AX,28.44,28.8,28.21,28.72,3698267,2193.8
2022-05-24,MQG.AX,150.85,153.7,150.85,152.0,6204058,10118.3
2022-05-25,CBA.AX,87.46,88.16,86.3,87.87,1357870,9330.8
2022-05-25,ANZ.AX,22.98,23.24,22.6,23.05,4961600,3701.1
2022-05-25,WBC.AX,19.18,19.64,19.03,19.5,3127259,2078.0
2022-05-25,NAB.AX,29.61,30.19,29.01,29.47,4552001,5571.2
2022-05-25,MQG.AX,149.68,155.48,149.51,152.48,5040616,12653.3
2022-05-26,CBA.AX,89.33,90.73,88.92,89.18,6614762,7495.8
2022-05-26,ANZ.AX,23.62,23.66,22.83,23.31,7038620,4504.5
2022-05-26,WBC.AX,19.41,19.64,18.96,19.17,1906494,2346.1
2022-05-26,NAB.AX,29.88,29.96,29.07,29.77,918420,3172.5
2022-05-26,MQG.AX,150.42,156.65,149.77,153.06,5056826,18022.7
2022-05-27,CBA.AX,88.54,90.73,88.49,89.61,5000266,6015.7
2022-05-27,ANZ.AX,23.82,23.85,23.28,23.43,5969402,1359.3
2022-05-27,WBC.AX,19.41,19.5,19.07,19.27,6600018,2468.4
2022-05-27,NAB.AX,29.63,29.69,29.15,29.48,5379110,4190.4
2022-05-27,MQG.AX,152.12,153.35,151.97,152.61,1542190,10157.2
2022-05-30,CBA.AX,88.87,90.61,87.99,89.35,4002318,9238.1
2022-05-30,ANZ.AX,23.67,23.72,22.87,23.4,578963,2688.7
2022-05-30,WBC.AX,19.08,19.22,18.79,18.98,7758304,2960.6
2022-05-30,NAB.AX,28.79,29.99,28.67,29.26,5502778,3486.3
2022-05-30,MQG.AX,154.59,157.04,152.6,153.37,1993243,24804.1
2022-05-31,CBA.AX,88.93,90.73,88.43,89.36,5202265,11265.4
2022-05-31,ANZ.AX,23.2,23.34,23.16,23.27,7655026,3571.0
2022-05-31,WBC.AX,19.0,19.01,18.44,18.73,1898294,2896.7
2022-05-31,NAB.AX,29.0,29.12,28.43,29.01,4690873,1785.0
2022-05-31,MQG.AX,154.29,158.19,153.78,155.07,2360621,26419.5
2022-06-01,CBA.AX,88.32,90.87,87.97,89.3,7526118,7707.6
2022-06-01,ANZ.AX,22.81,22.92,22.47,22.72,880918,2194.1
2022-06-01,WBC.AX,18.72,19.1,18.37,18.81,1870213,2637.3
2022-06-01,NAB.AX,28.96,29.58,28.64,29.01,4032425,5383.4
2022-06-01,MQG.AX,153.98,156.45,150.31,153.28,5415695,20267.3
2022-06-02,CBA.AX,89.95,91.52,89.51,89.6,5802586,6551.5
2022-06-02,ANZ.AX,23.03,23.1,22.44,22.58,1387861,2612.3
2022-06-02,WBC.AX,18.76,19.08,18.36,18.75,7866602,1125.3
2022-06-02,NAB.AX,30.19,30.22,29.62,29.66,2631216,5184.9
2022-06-02,MQG.AX,157.38,159.47,152.43,155.93,2028380,24325.1
2022-06-03,CBA.AX,87.91,88.84,85.78,87.9,3814884,7470.7
2022-06-03,ANZ.AX,22.32,22.44,21.92,22.37,2611321,2186.7
2022-06-03,WBC.AX,18.61,18.69,18.34,18.63,5559234,1608.8
2022-06-03,NAB.AX,30.4,30.62,29.78,30.16,7002597,5841.7
2022-06-03,MQG.AX,153.58,154.19,152.19,153.87,3065688,16057.0
2022-06-06,CBA.AX,88.05,88.59,86.59,88.21,5217781,17447.1
2022-06-06,ANZ.AX,22.27,22.4,21.96,22.05,4366328,2701.5
2022-06-06,WBC.AX,18.56,18.96,18.52,18.65,3859302,2354.3
2022-06-06,NAB.AX,29.98,30.01,29.33,29.93,4446576,2359.0
2022-06-06,MQG.AX,154.08,156.17,150.08,153.47,6427494,14435.4
2022-06-07,CBA.AX,88.17,88.43,88.06,88.32,5956422,6690.0
2022-06-07,ANZ.AX,22.3,22.47,22.11,22.3,7143044,3923.1
2022-06-07,WBC.AX,19.01,19.15,18.92,19.03,2560523,1479.1
2022-06-07,NAB.AX,30.02,30.64,29.28,29.96,5942642,5052.3
2022-06-07,MQG.AX,155.22,156.29,151.81,155.06,5136777,28049.2
2022-06-08,CBA.AX,87.18,89.61,86.24,88.11,7282272,15464.9
2022-06-08,ANZ.AX,22.63,22.91,22.5,22.69,3950676,2329.3
2022-06-08,WBC.AX,19.24,19.44,18.87,19.11,3321617,2149.5
2022-06-08,NAB.AX,29.86,30.09,29.55,29.86,1364447,2876.7
2022-06-08,MQG.AX,151.08,155.96,149.92,153.52,826580,15043.1
2022-06-09,CBA.AX,90.55,91.16,87.35,89.29,1282981,13630.7
2022-06-09,ANZ.AX,22.17,22.93,22.11,22.46,7393834,3750.5
2022-06-09,WBC.AX,18.7,18.95,18.54,18.92,5671601,1704.2
2022-06-09,NAB.AX,29.65,30.02,29.57,29.86,4528921,3205.0
2022-06-09,MQG.AX,152.38,152.58,149.39,151.05,4051959,21145.8
2022-06-10,CBA.AX,88.59,90.1,88.43,89.51,2597557,5722.4
2022-06-10,ANZ.AX,22.13,22.17,21.99,22.11,2109560,3124.7
2022-06-10,WBC.AX,19.15,19.36,19.12,19.23,5983675,2781.4
2022-06-10,NAB.AX,29.54,30.05,29.16,29.91,1990443,3794.3
2022-06-10,MQG.AX,150.92,152.65,149.06,151.76,5570980,12825.4
2022-06-13,CBA.AX,89.62,91.14,88.72,90.53,6687249,11680.3
2022-06-13,ANZ.AX,22.02,22.17,21.49,21.77,3536435,3739.9
2022-06-13,WBC.AX,19.24,19.45,18.98,19.35,3718868,3706.8
2022-06-13,NAB.AX,30.05,30.62,29.91,30.34,7388661,5307.4
2022-06-13,MQG.AX,153.09,153.21,148.45,150.97,7651831,20217.4
2022-06-14,CBA.AX,90.95,93.08,90.15,91.62,4523211,16173.6
2022-06-14,ANZ.AX,21.56,22.06,21.18,21.59,5575520,3908.7
2022-06-14,WBC.AX,19.26,19.34,18.73,19.17,3896191,1902.1
2022-06-14,NAB.AX,30.31,30.71,29.82,30.49,2189542,1545.2
2022-06-14,MQG.AX,150.3,152.6,147.92,151.21,4319578,12375.0
2022-06-15,CBA.AX,89.72,90.34,88.03,89.66,5911123,9889.0
2022-06-15,ANZ.AX,21.17,21.35,20.88,21.11,2666056,2502.5
2022-06-15,WBC.AX,19.6,19.79,19.14,19.58,7673407,2866.0
2022-06-15,NAB.AX,31.18,31.35,30.26,31.0,5711217,3597.5
2022-06-15,MQG.AX,148.05,149.03,144.97,148.59,7197639,19099.7
2022-06-16,CBA.AX,90.27,92.53,89.13,90.42,4530176,15768.4
2022-06-16,ANZ.AX,20.36,20.74,20.36,20.51,3341276,1261.1
2022-06-16,WBC.AX,19.34,19.58,19.11,19.55,2953929,1742.2
2022-06-16,NAB.AX,30.54,31.29,30.35,30.61,6324162,2483.2
2022-06-16,MQG.AX,151.19,153.45,148.78,150.98,656418,27545.0
2022-06-17,CBA.AX,91.4,92.34,88.45,90.1,639576,13231.8
2022-06-17,ANZ.AX,20.55,20.93,20.44,20.56,3378598,1986.7
2022-06-17,WBC.AX,19.37,19.39,19.16,19.31,1992733,3269.4
2022-06-17,NAB.AX,30.68,30.77,29.9,30.23,7223782,3532.5
2022-06-17,MQG.AX,148.77,153.05,148.13,151.8,967220,29912.3
2022-06-20,CBA.AX,89.79,90.56,89.05,89.77,6745890,6810.4
2022-06-20,ANZ.AX,20.44,20.59,20.29,20.39,7123523,1237.7
2022-06-20,WBC.AX,18.78,19.23,18.64,18.98,6780173,2108.3
2022-06-20,NAB.AX,30.27,30.99,29.82,30.55,3210160,3874.4
2022-06-20,MQG.AX,152.57,152.79,151.34,152.33,1685328,17653.7
2022-06-21,CBA.AX,90.69,92.82,90.49,91.46,7265517,12946.9
2022-06-21,ANZ.AX,20.46,20.84,20.24,20.5,7783214,3803.9
2022-06-21,WBC.AX,19.24,19.6,19.03,19.35,4483314,1109.1
2022-06-21,NAB.AX,30.71,30.76,30.55,30.62,2308851,2696.4
2022-06-21,MQG.AX,154.27,156.59,150.85,153.92,3880326,19440.2
2022-06-22,CBA.AX,90.04,91.61,88.22,89.97,6156146,17494.7
2022-06-22,ANZ.AX,20.24,20.38,19.93,20.26,1244717,2461.9
2022-06-22,WBC.AX,19.31,19.85,19.23,19.62,4245518,1868.2
2022-06-22,NAB.AX,30.49,30.61,29.54,29.96,1951726,4532.4
2022-06-22,MQG.AX,154.95,159.0,153.1,155.33,845108,19636.2
2022-06-23,CBA.AX,90.96,91.31,88.25,89.29,4596869,15363.0
2022-06-23,ANZ.AX,20.11,20.63,19.91,20.23,2906308,2984.1
2022-06-23,WBC.AX,20.2,20.36,19.79,19.89,1660457,2747.1
2022-06-23,NAB.AX,30.39,30.55,29.62,30.19,730656,5867.3
2022-06-23,MQG.AX,153.98,156.73,151.59,153.68,5177258,18641.1
2022-06-24,CBA.AX,91.28,91.58,91.06,91.44,3475367,5676.4
2022-06-24,ANZ.AX,20.16,20.62,19.97,20.31,1137797,1981.5
2022-06-24,WBC.AX,19.77,20.12,19.26,19.73,7116651,1082.1
2022-06-24,NAB.AX,30.14,30.78,29.89,30.23,780994,5122.4
2022-06-24,MQG.AX,150.97,154.47,149.54,152.47,2709488,15477.4
2022-06-27,CBA.AX,92.48,93.43,92.0,92.18,6013203,10453.2
2022-06-27,ANZ.AX,20.31,20.8,20.24,20.33,3952900,2327.3
2022-06-27,WBC.AX,20.34,20.36,20.15,20.32,6897921,1057.1
2022-06-27,NAB.AX,30.53,30.55,30.47,30.5,1088373,1799.2
2022-06-27,MQG.AX,153.11,153.15,149.42,152.1,6084085,15856.6
2022-06-28,CBA.AX,92.28,93.4,90.81,91.79,6670645,10084.5
2022-06-28,ANZ.AX,20.26,20.55,19.91,20.38,6228138,3729.7
2022-06-28,WBC.AX,19.97,20.14,19.86,19.91,1141735,1927.2
2022-06-28,NAB.AX,30.69,30.74,30.06,30.49,4784286,4464.5
2022-06-28,MQG.AX,150.5,153.36,148.04,150.79,5395175,16849.5
2022-06-29,CBA.AX,91.96,92.28,90.33,90.73,5093266,16586.9
2022-06-29,ANZ.AX,20.19,20.57,19.93,20.37,5536510,2809.5
2022-06-29,WBC.AX,19.69,19.9,19.68,19.87,6525780,1482.5
2022-06-29,NAB.AX,30.35,31.09,30.18,30.52,4046813,5684.1
2022-06-29,MQG.AX,154.41,155.37,149.45,152.1,6207685,13125.5
2022-06-30,CBA.AX,89.13,90.5,88.37,90.07,2314300,16334.2
2022-06-30,ANZ.AX,20.2,20.62,20.02,20.34,3079734,2393.2
2022-06-30,WBC.AX,20.09,20.3,19.5,19.88,4697178,2006.6
2022-06-30,NAB.AX,30.67,31.21,30.43,30.98,1575438,1561.4
2022-06-30,MQG.AX,151.73,151.97,151.03,151.44,6138802,11353.8
2022-07-01,CBA.AX,91.33,92.48,90.26,90.82,2392975,15961.2
2022-07-01,ANZ.AX,20.95,21.03,20.47,20.64,3969694,1992.1
2022-07-01,WBC.AX,19.82,20.3,19.61,19.87,2209489,1262.3
2022-07-01,NAB.AX,30.59,31.49,30.44,31.08,4812723,3297.1
2022-07-01,MQG.AX,153.37,154.24,152.74,153.1,3169923,19930.1
2022-07-04,CBA.AX,91.74,92.94,90.35,91.48,5849377,6876.4
2022-07-04,ANZ.AX,20.58,20.8,20.48,20.72,7855335,2971.1
2022-07-04,WBC.AX,19.67,19.81,19.39,19.55,1137334,3665.6
2022-07-04,NAB.AX,30.67,31.36,30.26,30.62,3528337,5240.5
2022-07-04,MQG.AX,155.64,156.3,153.56,155.73,1991616,12811.9
2022-07-05,CBA.AX,89.13,89.51,88.58,88.98,3109267,11556.2
2022-07-05,ANZ.AX,21.13,21.29,20.68,20.82,2144821,4040.7
2022-07-05,WBC.AX,19.31,19.57,19.15,19.52,2673620,1348.3
2022-07-05,NAB.AX,30.07,30.35,29.45,30.09,7850950,3174.4
2022-07-05,MQG.AX,155.39,155.45,152.85,153.59,7605081,8878.0
2022-07-06,CBA.AX,86.06,87.37,85.82,86.92,2120611,8194.7
2022-07-06,ANZ.AX,20.5,21.03,20.15,20.52,2149551,1793.8
2022-07-06,WBC.AX,19.53,19.54,19.26,19.35,3190459,1616.1
2022-07-06,NAB.AX,30.47,30.71,30.37,30.54,4273030,3547.0
2022-07-06,MQG.AX,159.0,159.57,154.48,156.07,3916404,16244.4
2022-07-07,CBA.AX,87.62,89.02,86.98,87.78,4330393,9745.0
2022-07-07,ANZ.AX,21.04,21.05,20.29,20.66,3046578,1403.9
2022-07-07,WBC.AX,19.3,19.42,19.11,19.14,1324436,1362.8
2022-07-07,NAB.AX,30.75,31.69,30.69,31.21,3073507,4764.7
2022-07-07,MQG.AX,157.51,158.31,154.22,154.68,692164,17463.8
2022-07-08,CBA.AX,89.42,89.97,88.2,89.06,1282518,4683.7
2022-07-08,ANZ.AX,21.28,21.36,20.81,20.89,6596086,2694.1
2022-07-08,WBC.AX,19.32,19.45,19.23,19.37,1686110,2181.3
2022-07-08,NAB.AX,31.69,32.03,30.93,31.62,5808476,5425.4
2022-07-08,MQG.AX,153.55,153.83,152.1,153.05,5268762,25538.6
2022-07-11,CBA.AX,88.91,92.42,88.07,90.26,2773229,11236.1
2022-07-11,ANZ.AX,21.01,21.41,20.49,21.01,1667294,3136.9
2022-07-11,WBC.AX,19.31,19.33,18.97,19.02,3450231,2355.5
2022-07-11,NAB.AX,31.49,32.03,31.39,31.65,755899,1803.9
2022-07-11,MQG.AX,152.51,153.22,148.64,150.73,5188030,15214.7
2022-07-12,CBA.AX,91.34,91.51,88.65,89.69,1714234,12691.9
2022-07-12,ANZ.AX,21.05,21.09,20.66,21.02,7306533,1191.9
2022-07-12,WBC.AX,19.16,19.34,18.72,18.9,1736647,3534.9
2022-07-12,NAB.AX,31.74,31.98,30.76,31.24,868409,2911.7
2022-07-12,MQG.AX,153.56,157.11,151.0,153.88,3508256,27249.0
2022-07-13,CBA.AX,91.87,92.04,88.35,90.03,3848223,13854.6
2022-07-13,ANZ.AX,21.1,21.22,20.33,20.84,5823111,2613.4
2022-07-13,WBC.AX,18.79,19.12,18.53,18.77,6269774,1669.4
2022-07-13,NAB.AX,32.07,32.32,31.88,32.03,1628580,2661.2
2022-07-13,MQG.AX,156.68,156.98,152.85,154.75,4214454,24636.3
2022-07-14,CBA.AX,90.51,91.39,89.06,89.2,2493594,5451.0
2022-07-14,ANZ.AX,21.09,21.24,20.98,21.02,1573548,3841.6
2022-07-14,WBC.AX,19.29,19.38,18.94,18.96,7782453,1498.4
2022-07-14,NAB.AX,32.53,32.75,32.33,32.42,5441911,2968.5
2022-07-14,MQG.AX,153.13,155.28,153.1,154.83,4769295,8128.8
2022-07-15,CBA.AX,87.29,87.66,86.3,86.89,7687677,17309.9
2022-07-15,ANZ.AX,20.07,20.54,19.97,20.36,6525185,2757.4
2022-07-15,WBC.AX,18.67,18.76,18.4,18.6,2677812,2212.3
2022-07-15,NAB.AX,31.85,32.62,31.74,32.31,2507968,4467.8
2022-07-15,MQG.AX,155.82,158.03,154.29,154.6,2303994,22562.4
2022-07-18,CBA.AX,87.02,87.84,86.49,87.29,565653,14941.8
2022-07-18,ANZ.AX,20.11,20.3,19.9,20.16,7334135,2903.4
2022-07-18,WBC.AX,18.75,18.98,18.3,18.6,5474454,3415.7
2022-07-18,NAB.AX,32.02,32.22,31.62,31.91,6066258,2483.7
2022-07-18,MQG.AX,154.41,157.08,154.41,156.31,6908407,10413.0
2022-07-19,CBA.AX,85.26,86.99,84.8,86.45,4164056,15970.9
2022-07-19,ANZ.AX,20.19,20.28,19.74,19.91,4568126,3703.2
2022-07-19,WBC.AX,18.67,18.88,18.34,18.58,3848930,1705.3
2022-07-19,NAB.AX,32.35,32.78,31.76,32.0,7470521,4359.2
2022-07-19,MQG.AX,153.26,156.46,151.48,155.06,2183309,9640.7
2022-07-20,CBA.AX,84.87,85.73,83.59,84.26,1830774,15888.5
2022-07-20,ANZ.AX,20.05,20.34,19.71,19.98,4336563,3892.2
2022-07-20,WBC.AX,18.89,19.21,18.53,18.87,6237004,3455.1
2022-07-20,NAB.AX,32.22,33.05,31.82,32.3,1509152,5680.1
2022-07-20,MQG.AX,152.46,155.59,150.89,153.16,2749999,21744.0
2022-07-21,CBA.AX,83.07,83.59,81.36,82.8,7031787,12105.3
2022-07-21,ANZ.AX,19.89,20.15,19.69,19.94,6561823,1020.7
2022-07-21,WBC.AX,18.88,19.36,18.75,18.97,6677353,2383.5
2022-07-21,NAB.AX,31.97,32.94,31.93,32.6,6863605,5231.0
2022-07-21,MQG.AX,155.48,158.67,154.89,156.35,2855368,11208.3
2022-07-22,CBA.AX,82.02,82.76,79.53,81.14,5534862,6094.3
2022-07-22,ANZ.AX,19.89,20.08,19.65,19.88,4861237,3279.1
2022-07-22,WBC.AX,19.03,19.1,18.54,18.65,781740,1700.7
2022-07-22,NAB.AX,32.57,33.5,32.17,32.84,542010,1996.6
2022-07-22,MQG.AX,159.49,160.49,155.62,158.66,4920658,17431.9
2022-07-25,CBA.AX,81.32,81.54,78.52,79.58,3237169,7097.1
2022-07-25,ANZ.AX,19.64,19.98,19.42,19.84,5659449,3642.2
2022-07-25,WBC.AX,18.76,18.91,18.32,18.67,3879775,2706.2
2022-07-25,NAB.AX,33.05,33.51,32.75,32.98,6344879,5866.6
2022-07-25,MQG.AX,157.98,160.74,157.65,159.44,6295470,11634.9
2022-07-26,CBA.AX,77.66,77.76,76.37,76.93,1788187,13112.9
2022-07-26,ANZ.AX,19.89,19.9,19.24,19.71,7877603,3590.9
2022-07-26,WBC.AX,18.88,18.96,18.44,18.55,2324589,2477.6
2022-07-26,NAB.AX,33.42,33.97,32.96,33.25,7837950,3258.6
2022-07-26,MQG.AX,160.63,163.84,159.74,162.17,5594736,17127.9
2022-07-27,CBA.AX,78.07,79.48,77.5,78.5,3817056,3954.8
2022-07-27,ANZ.AX,19.17,19.36,19.07,19.33,6089360,3231.8
2022-07-27,WBC.AX,18.25,18.68,18.2,18.41,4735176,1099.1
2022-07-27,NAB.AX,32.7,33.02,32.58,32.87,1305116,5555.7
2022-07-27,MQG.AX,160.17,164.89,158.95,162.37,1341463,18577.8
2022-07-28,CBA.AX,78.05,79.37,77.62,78.31,7048344,11481.3
2022-07-28,ANZ.AX,19.61,19.95,19.35,19.62,4143785,2012.5
2022-07-28,WBC.AX,18.17,18.49,18.01,18.46,6584124,2619.7
2022-07-28,NAB.AX,32.61,32.9,32.1,32.36,3066222,2698.8
2022-07-28,MQG.AX,164.44,165.34,158.94,162.61,7216784,21879.4
2022-07-29,CBA.AX,78.58,78.99,76.57,77.15,2728278,12741.5
2022-07-29,ANZ.AX,19.69,19.88,19.63,19.67,7757227,1315.6
2022-07-29,WBC.AX,18.34,18.51,18.2,18.4,927426,2752.6
2022-07-29,NAB.AX,33.49,33.63,32.63,33.09,6929865,3082.7
2022-07-29,MQG.AX,162.98,169.64,162.46,165.65,6030300,14802.9
2022-08-01,CBA.AX,77.32,77.4,75.43,76.67,3325001,8448.5
2022-08-01,ANZ.AX,19.57,19.71,19.31,19.64,6633992,2849.4
2022-08-01,WBC.AX,18.3,18.48,18.15,18.32,5697367,2743.9
2022-08-01,NAB.AX,33.48,33.62,33.31,33.46,3627938,3427.2
2022-08-01,MQG.AX,171.58,172.27,168.02,169.06,4576732,27392.0
2022-08-02,CBA.AX,77.36,77.48,75.83,76.85,1319743,11377.1
2022-08-02,ANZ.AX,19.91,19.97,19.29,19.53,5768631,2852.2
2022-08-02,WBC.AX,18.26,18.75,18.11,18.39,6721524,2949.9
2022-08-02,NAB.AX,33.45,33.98,32.99,33.59,2610763,3697.2
2022-08-02,MQG.AX,167.76,168.78,165.99,166.25,1305440,14658.7
2022-08-03,CBA.AX,78.95,79.21,77.77,78.21,2559880,15339.3
2022-08-03,ANZ.AX,19.29,19.56,19.16,19.48,3352509,3880.5
2022-08-03,WBC.AX,18.5,18.67,17.95,18.24,811046,1247.6
2022-08-03,NAB.AX,33.37,33.61,33.21,33.56,661858,2069.8
2022-08-03,MQG.AX,161.27,167.29,160.56,164.52,6788978,9096.3
2022-08-04,CBA.AX,79.57,80.17,78.47,79.36,5320295,4366.1
2022-08-04,ANZ.AX,19.0,19.23,18.89,19.13,1320966,2098.2
2022-08-04,WBC.AX,18.32,18.47,17.74,18.15,5351139,3113.9
2022-08-04,NAB.AX,33.69,34.27,33.23,33.6,6177878,2939.9
2022-08-04,MQG.AX,168.51,171.17,165.99,167.0,2514547,17568.8
2022-08-05,CBA.AX,78.87,80.03,77.75,78.95,4312241,5464.4
2022-08-05,ANZ.AX,19.06,19.2,18.56,18.94,2292068,1601.8
2022-08-05,WBC.AX,17.79,18.19,17.64,18.09,895341,2542.4
2022-08-05,NAB.AX,33.84,34.53,33.17,33.76,3098421,6628.3
2022-08-05,MQG.AX,166.97,170.17,164.02,167.3,6975090,26613.6
2022-08-08,CBA.AX,80.62,80.78,79.39,79.91,6325922,7208.2
2022-08-08,ANZ.AX,19.33,19.46,19.06,19.09,6071655,1102.1
2022-08-08,WBC.AX,18.21,18.28,17.92,18.06,6994287,2606.7
2022-08-08,NAB.AX,34.04,34.21,33.87,34.05,7628645,3452.9
2022-08-08,MQG.AX,164.96,169.09,163.68,165.16,6619151,19923.5
2022-08-09,CBA.AX,80.45,80.84,77.43,79.28,7747617,13044.6
2022-08-09,ANZ.AX,18.97,19.19,18.94,18.99,7296851,1309.1
2022-08-09,WBC.AX,18.24,18.53,17.74,18.16,1895791,1785.9
2022-08-09,NAB.AX,34.35,34.4,33.69,34.24,5412208,4224.7
2022-08-09,MQG.AX,166.64,167.55,162.77,163.55,7757377,15687.7
2022-08-10,CBA.AX,78.89,80.23,77.79,78.32,2715481,11307.6
2022-08-10,ANZ.AX,19.03,19.26,18.53,18.92,3159403,1741.1
2022-08-10,WBC.AX,18.3,19.07,18.22,18.64,6979909,2854.3
2022-08-10,NAB.AX,33.64,34.49,33.11,33.89,4276093,2648.1
2022-08-10,MQG.AX,160.06,164.56,159.3,160.67,2228703,21351.8
2022-08-11,CBA.AX,78.51,78.98,76.08,77.62,6558898,8874.0
2022-08-11,ANZ.AX,18.71,18.84,18.27,18.69,2844266,3351.0
2022-08-11,WBC.AX,19.08,19.12,18.4,18.8,2689724,2806.5
2022-08-11,NAB.AX,33.35,34.0,33.12,33.77,1000506,6244.4
2022-08-11,MQG.AX,161.79,164.54,161.76,162.27,513584,20482.3
2022-08-12,CBA.AX,77.92,80.0,77.06,78.27,4550897,4456.0
2022-08-12,ANZ.AX,17.89,18.37,17.83,18.07,5058898,1546.5
2022-08-12,WBC.AX,18.46,18.71,18.09,18.49,521673,2264.6
2022-08-12,NAB.AX,33.49,33.51,32.92,33.42,4685811,2409.3
2022-08-12,MQG.AX,159.5,161.06,157.83,159.82,5205289,9173.5
2022-08-15,CBA.AX,77.11,79.53,76.4,77.93,7438303,11743.5
2022-08-15,ANZ.AX,18.15,18.5,17.98,18.31,3860524,1620.5
2022-08-15,WBC.AX,17.93,18.6,17.9,18.32,6522383,3406.3
2022-08-15,NAB.AX,33.23,34.2,33.21,33.56,7081931,6267.6
2022-08-15,MQG.AX,163.13,164.41,159.29,160.53,5912102,8398.9
2022-08-16,CBA.AX,76.75,77.4,75.47,76.77,1460434,11958.9
2022-08-16,ANZ.AX,18.04,18.11,17.62,18.04,5186323,2454.9
2022-08-16,WBC.AX,18.13,18.23,18.11,18.13,3782125,2169.8
2022-08-16,NAB.AX,33.48,34.01,33.3,33.88,5519416,2959.3
2022-08-16,MQG.AX,163.22,164.28,159.43,160.64,3359912,30985.9
2022-08-17,CBA.AX,76.7,77.11,75.57,76.71,6847921,4124.1
2022-08-17,ANZ.AX,18.25,18.37,17.8,18.05,4815092,930.8
2022-08-17,WBC.AX,18.43,18.58,18.34,18.46,2436010,3016.4
2022-08-17,NAB.AX,33.65,33.87,32.5,33.18,5858461,2070.5
2022-08-17,MQG.AX,156.68,162.41,156.15,158.88,3113037,16000.9
2022-08-18,CBA.AX,77.49,77.81,76.39,77.26,6422511,7863.1
2022-08-18,ANZ.AX,18.14,18.23,17.75,18.18,1241780,1319.5
2022-08-18,WBC.AX,18.47,18.74,18.1,18.48,3584015,2346.7
2022-08-18,NAB.AX,32.24,33.25,31.96,32.77,7278214,5366.3
2022-08-18,MQG.AX,158.64,159.06,153.1,156.64,1183217,27968.5
2022-08-19,CBA.AX,77.63,77.79,76.07,77.07,7993138,10479.2
2022-08-19,ANZ.AX,18.06,18.09,17.7,18.04,3704337,915.0
2022-08-19,WBC.AX,18.69,18.92,18.3,18.66,5158031,2586.1
2022-08-19,NAB.AX,32.89,33.19,32.52,32.99,1467234,5390.8
2022-08-19,MQG.AX,153.67,155.08,152.59,153.24,1008693,7877.8
2022-08-22,CBA.AX,78.06,78.17,76.21,77.57,6003388,13684.8
2022-08-22,ANZ.AX,18.55,18.61,18.21,18.39,7569571,1140.3
2022-08-22,WBC.AX,18.39,18.85,18.37,18.49,2394133,1415.5
2022-08-22,NAB.AX,32.69,33.31,32.38,32.63,6832812,6445.9
2022-08-22,MQG.AX,154.91,155.74,149.47,152.31,1475682,25423.9
2022-08-23,CBA.AX,76.37,78.4,75.48,77.33,7825317,15271.3
2022-08-23,ANZ.AX,18.27,18.9,18.19,18.56,1277872,3686.5
2022-08-23,WBC.AX,17.82,18.55,17.78,18.16,5485781,3031.2
2022-08-23,NAB.AX,33.52,33.63,33.05,33.13,6524019,6078.2
2022-08-23,MQG.AX,151.43,153.5,149.49,152.92,5332931,18487.8
2022-08-24,CBA.AX,75.83,77.06,75.33,76.42,6734243,7845.6
2022-08-24,ANZ.AX,18.32,18.76,18.23,18.49,6230455,2523.7
2022-08-24,WBC.AX,18.38,18.41,17.95,18.26,6206772,980.7
2022-08-24,NAB.AX,33.27,33.59,33.08,33.15,7699703,3392.3
2022-08-24,MQG.AX,153.36,154.86,152.44,153.17,5450392,24405.7
2022-08-25,CBA.AX,76.96,78.46,76.85,77.18,4857067,5389.7
2022-08-25,ANZ.AX,18.68,19.09,18.67,18.89,6938506,3387.8
2022-08-25,WBC.AX,18.32,18.81,18.3,18.6,5988284,1502.3
2022-08-25,NAB.AX,32.51,33.06,32.42,32.59,2369159,4059.1
2022-08-25,MQG.AX,149.78,153.03,149.54,149.97,7087779,9419.6
2022-08-26,CBA.AX,77.95,77.98,75.65,76.17,1533499,5294.0
2022-08-26,ANZ.AX,18.75,19.1,18.33,18.78,5979086,3520.2
2022-08-26,WBC.AX,18.23,18.67,18.13,18.52,7012209,1597.9
2022-08-26,NAB.AX,32.33,33.14,32.01,32.65,689227,5489.3
2022-08-26,MQG.AX,151.21,151.81,148.21,148.75,3669600,20066.3
2022-08-29,CBA.AX,77.66,78.93,75.65,77.59,5989218,5398.5
2022-08-29,ANZ.AX,18.65,18.89,18.49,18.72,7030766,1330.7
2022-08-29,WBC.AX,18.58,18.65,18.23,18.48,776876,3101.3
2022-08-29,NAB.AX,32.94,33.56,32.24,32.85,7446002,4380.6
2022-08-29,MQG.AX,146.19,151.8,145.45,148.28,5354129,21465.4
2022-08-30,CBA.AX,77.66,80.14,77.64,78.62,1898536,8201.4
2022-08-30,ANZ.AX,18.89,19.45,18.71,19.19,4225098,2140.3
2022-08-30,WBC.AX,18.52,18.83,18.34,18.37,7216879,1000.8
2022-08-30,NAB.AX,32.2,32.23,31.48,31.87,5066392,3490.8
2022-08-30,MQG.AX,147.48,149.16,143.1,146.62,1591033,11043.1
2022-08-31,CBA.AX,78.48,79.61,78.36,78.62,6515318,14586.8
2022-08-31,ANZ.AX,19.54,19.56,19.24,19.28,5464936,3207.3
2022-08-31,WBC.AX,18.22,18.45,18.0,18.23,7928514,2331.8
2022-08-31,NAB.AX,31.31,31.64,31.28,31.46,7222955,2316.3
2022-08-31,MQG.AX,144.74,147.59,144.38,146.01,6091284,19947.2
2022-09-01,CBA.AX,77.7,80.12,77.68,79.45,2133246,13032.7
2022-09-01,ANZ.AX,18.6,19.24,18.54,19.01,846679,1460.3
2022-09-01,WBC.AX,17.89,18.39,17.85,18.16,677857,1308.8
2022-09-01,NAB.AX,32.24,32.39,31.05,31.78,3527048,3007.5
2022-09-01,MQG.AX,146.77,151.83,144.84,148.31,4679952,21197.5
2022-09-02,CBA.AX,78.55,78.83,78.36,78.65,1604008,14248.8
2022-09-02,ANZ.AX,18.8,18.87,18.57,18.71,3482248,1415.7
2022-09-02,WBC.AX,17.69,18.17,17.66,18.04,7778972,2853.9
2022-09-02,NAB.AX,31.3,31.4,30.95,31.33,2952448,5020.4
2022-09-02,MQG.AX,150.5,152.12,149.54,151.24,4639033,10777.9
2022-09-05,CBA.AX,77.6,78.46,77.03,77.94,6432572,11429.1
2022-09-05,ANZ.AX,18.73,18.75,18.04,18.35,1787895,1548.2
2022-09-05,WBC.AX,18.24,18.4,17.79,18.21,4958754,1845.3
2022-09-05,NAB.AX,30.52,31.56,30.47,31.18,1396385,4203.8
2022-09-05,MQG.AX,150.69,150.74,148.6,148.82,6114574,10392.9
2022-09-06,CBA.AX,77.99,78.44,75.45,77.3,1798031,10238.9
2022-09-06,ANZ.AX,17.98,18.54,17.81,18.21,1753212,3558.8
2022-09-06,WBC.AX,18.08,18.33,18.02,18.19,4498155,2507.0
2022-09-06,NAB.AX,30.93,31.6,30.85,31.19,4992319,6072.7
2022-09-06,MQG.AX,146.35,148.94,144.4,147.65,2270101,25146.4
2022-09-07,CBA.AX,76.7,77.9,74.88,76.64,662716,14224.8
2022-09-07,ANZ.AX,17.7,18.02,17.66,17.81,7141398,3463.6
2022-09-07,WBC.AX,18.56,18.7,17.95,18.28,7435079,1567.2
2022-09-07,NAB.AX,31.1,31.17,30.17,30.88,2494262,4754.4
2022-09-07,MQG.AX,149.25,149.35,147.18,148.57,7141479,27818.3
2022-09-08,CBA.AX,77.71,78.32,75.43,76.55,4526669,5800.8
2022-09-08,ANZ.AX,17.75,17.99,17.33,17.65,2157194,2549.5
2022-09-08,WBC.AX,18.06,18.59,17.95,18.18,7773003,1935.4
2022-09-08,NAB.AX,30.98,31.53,30.61,31.14,6464333,5533.9
2022-09-08,MQG.AX,146.33,151.51,145.37,148.94,5292867,8494.2
2022-09-09,CBA.AX,77.81,79.22,76.2,77.64,657393,11343.7
2022-09-09,ANZ.AX,18.05,18.21,17.79,17.82,6548144,1024.2
2022-09-09,WBC.AX,18.3,18.49,18.16,18.35,3472391,2246.8
2022-09-09,NAB.AX,31.28,31.63,30.48,30.95,6320616,5416.0
2022-09-09,MQG.AX,146.8,149.67,146.28,149.07,777268,12391.2
2022-09-12,CBA.AX,78.83,78.96,75.98,77.77,7464089,11232.3
2022-09-12,ANZ.AX,17.42,17.71,17.27,17.67,4415474,1524.2
2022-09-12,WBC.AX,18.48,18.67,18.35,18.45,1052252,1638.2
2022-09-12,NAB.AX,31.09,31.63,30.36,30.89,7109883,1603.6
2022-09-12,MQG.AX,150.53,150.84,149.29,149.73,2323915,29471.9
2022-09-13,CBA.AX,78.04,79.01,77.68,77.79,7220343,7462.1
2022-09-13,ANZ.AX,17.88,17.93,17.7,17.81,6891899,1753.5
2022-09-13,WBC.AX,18.74,18.89,18.4,18.68,7106168,2269.6
2022-09-13,NAB.AX,31.96,32.08,31.52,31.86,1893885,3654.1
2022-09-13,MQG.AX,148.67,151.05,146.61,147.67,7037849,12617.2
2022-09-14,CBA.AX,76.88,78.13,76.86,77.67,818226,12075.8
2022-09-14,ANZ.AX,18.07,18.16,17.61,17.87,3910633,1074.6
2022-09-14,WBC.AX,18.62,18.86,18.54,18.78,6686981,2926.9
2022-09-14,NAB.AX,31.32,31.85,31.29,31.58,2883540,2412.9
2022-09-14,MQG.AX,148.09,149.58,144.51,147.69,1013090,23660.8
2022-09-15,CBA.AX,79.22,79.52,77.33,78.61,5289092,6579.3
2022-09-15,ANZ.AX,17.78,18.36,17.77,18.05,3179864,3213.8
2022-09-15,WBC.AX,19.6,19.67,19.14,19.31,7136936,3836.9
2022-09-15,NAB.AX,31.19,31.77,30.7,31.32,2581381,5452.4
2022-09-15,MQG.AX,147.5,152.55,146.06,149.44,665203,28414.2
2022-09-16,CBA.AX,78.66,79.97,78.32,78.7,2016563,15571.9
2022-09-16,ANZ.AX,17.95,18.45,17.84,18.25,2958870,2987.9
2022-09-16,WBC.AX,19.46,19.63,19.04,19.35,4347319,1424.0
2022-09-16,NAB.AX,31.01,31.5,30.77,31.29,1109205,3440.8
2022-09-16,MQG.AX,152.03,153.13,150.98,151.79,1253082,15914.5
2022-09-19,CBA.AX,79.83,80.7,78.97,79.94,7244204,11044.8
2022-09-19,ANZ.AX,18.31,18.88,18.21,18.55,5932716,3203.1
2022-09-19,WBC.AX,19.39,19.61,19.24,19.28,1097322,1191.6
2022-09-19,NAB.AX,30.65,31.34,30.32,31.03,4783992,5278.8
2022-09-19,MQG.AX,149.75,150.86,148.57,150.58,5418933,9587.4
2022-09-20,CBA.AX,78.68,81.9,78.61,79.95,6502022,12907.0
2022-09-20,ANZ.AX,19.48,19.51,18.82,19.16,6892888,3757.6
2022-09-20,WBC.AX,18.97,19.0,18.77,18.93,3134517,1962.9
2022-09-20,NAB.AX,30.74,31.25,30.41,30.52,7190265,2581.8
2022-09-20,MQG.AX,151.09,153.69,150.24,153.05,7545554,25647.4
2022-09-21,CBA.AX,79.67,79.91,78.39,79.6,1124393,11995.9
2022-09-21,ANZ.AX,19.38,19.82,19.24,19.39,1602458,996.4
2022-09-21,WBC.AX,19.02,19.06,18.43,18.69,3122789,1050.9
2022-09-21,NAB.AX,30.97,31.15,30.22,30.7,6100609,4538.1
2022-09-21,MQG.AX,152.56,156.72,152.21,154.36,2092555,23597.9
2022-09-22,CBA.AX,80.35,81.07,78.23,79.25,5473275,4413.5
2022-09-22,ANZ.AX,19.18,19.2,19.1,19.16,4003064,3063.9
2022-09-22,WBC.AX,18.93,19.19,18.65,18.9,4701321,2524.9
2022-09-22,NAB.AX,29.89,30.63,29.6,30.21,3777757,4485.2
2022-09-22,MQG.AX,153.23,155.4,150.99,153.32,6436798,19985.0
2022-09-23,CBA.AX,79.93,80.47,78.74,79.72,4027108,15118.5
2022-09-23,ANZ.AX,19.23,19.4,19.15,19.36,3857622,3171.4
2022-09-23,WBC.AX,18.88,19.22,18.56,18.96,4895675,1045.5
2022-09-23,NAB.AX,30.23,30.38,29.84,30.0,5147085,2005.2
2022-09-23,MQG.AX,154.27,156.08,152.81,153.46,5803895,12119.2
2022-09-26,CBA.AX,79.76,80.07,78.95,79.96,6472024,13366.1
2022-09-26,ANZ.AX,19.87,20.07,19.21,19.6,5563870,2283.7
2022-09-26,WBC.AX,19.35,19.54,19.23,19.25,5881654,1699.7
2022-09-26,NAB.AX,29.5,30.32,29.29,29.6,4370928,5439.1
2022-09-26,MQG.AX,153.94,155.55,152.96,153.32,4820990,24298.6
2022-09-27,CBA.AX,80.77,82.02,79.17,81.06,6899345,10028.2
2022-09-27,ANZ.AX,19.77,19.99,19.33,19.8,7174020,2075.4
2022-09-27,WBC.AX,19.43,19.6,19.37,19.39,6795600,1229.5
2022-09-27,NAB.AX,29.84,30.42,29.74,30.07,6537777,1649.5
2022-09-27,MQG.AX,154.1,155.55,153.34,154.1,3278948,25235.9
2022-09-28,CBA.AX,80.97,82.9,80.35,81.44,6179145,6516.0
2022-09-28,ANZ.AX,20.21,20.4,20.03,20.2,5465239,3381.8
2022-09-28,WBC.AX,19.25,19.6,19.19,19.45,7648049,1274.5
2022-09-28,NAB.AX,30.1,30.14,29.21,29.92,7362422,2797.8
2022-09-28,MQG.AX,156.69,156.74,150.19,152.93,4755379,30437.5
2022-09-29,CBA.AX,83.3,84.24,81.98,82.73,5118444,14596.9
2022-09-29,ANZ.AX,19.91,20.26,19.55,19.94,1633339,1923.8
2022-09-29,WBC.AX,19.05,19.4,18.96,19.34,7156816,3206.4
2022-09-29,NAB.AX,29.91,30.43,29.19,29.92,2941501,2498.6
2022-09-29,MQG.AX,154.74,154.96,151.5,154.22,648982,19085.9
2022-09-30,CBA.AX,84.41,84.48,82.57,83.52,3962620,8110.9
2022-09-30,ANZ.AX,19.81,20.06,19.77,19.91,5694202,2478.4
2022-09-30,WBC.AX,19.16,19.68,19.07,19.38,1801936,2284.0
2022-09-30,NAB.AX,29.61,30.34,29.61,30.07,1568664,2630.3
2022-09-30,MQG.AX,157.21,158.17,154.41,156.93,4288361,27928.4
2022-10-03,CBA.AX,84.59,87.15,83.15,85.07,6030568,8961.6
2022-10-03,ANZ.AX,19.95,19.98,19.78,19.84,1892523,3290.1
2022-10-03,WBC.AX,19.39,19.6,19.29,19.35,3962966,2135.9
2022-10-03,NAB.AX,30.3,30.61,29.87,30.5,4591934,3937.0
2022-10-03,MQG.AX,157.31,158.83,154.66,157.56,782238,21673.2
2022-10-04,CBA.AX,83.56,84.83,82.75,84.58,3209177,14748.1
2022-10-04,ANZ.AX,20.0,20.36,19.86,19.95,3041169,1462.2
2022-10-04,WBC.AX,19.47,19.75,19.38,19.61,5065246,3440.7
2022-10-04,NAB.AX,31.07,31.19,30.3,31.02,2468852,3700.8
2022-10-04,MQG.AX,160.53,161.11,156.62,157.39,4971241,8614.7
2022-10-05,CBA.AX,84.84,85.26,84.12,84.86,7313003,5793.2
2022-10-05,ANZ.AX,19.99,20.32,19.76,19.94,3714806,1252.0
2022-10-05,WBC.AX,19.83,19.87,19.68,19.73,7826253,2470.3
2022-10-05,NAB.AX,31.14,31.23,30.78,31.12,1550208,4980.6
2022-10-05,MQG.AX,157.89,159.89,154.06,156.55,5526852,11185.8
2022-10-06,CBA.AX,84.13,85.69,83.71,84.47,1031758,16499.0
2022-10-06,ANZ.AX,19.79,20.33,19.73,20.2,6838587,1221.4
2022-10-06,WBC.AX,20.03,20.68,19.95,20.18,581432,3880.9
2022-10-06,NAB.AX,31.65,31.95,30.93,31.66,1813424,3078.3
2022-10-06,MQG.AX,159.09,162.12,156.6,159.4,4713833,16605.3
2022-10-07,CBA.AX,85.78,85.93,85.23,85.84,7266856,17159.3
2022-10-07,ANZ.AX,20.18,20.46,19.86,20.12,1080566,1071.7
2022-10-07,WBC.AX,20.2,20.32,20.14,20.25,3769254,1838.0
2022-10-07,NAB.AX,30.87,30.89,30.22,30.75,5530174,2777.3
2022-10-07,MQG.AX,158.99,160.53,158.95,160.16,2301827,28617.0
2022-10-10,CBA.AX,87.78,87.96,85.63,86.59,4906223,10171.4
2022-10-10,ANZ.AX,20.09,20.36,19.66,20.05,6439293,1690.5
2022-10-10,WBC.AX,20.19,20.4,19.82,20.24,3020436,1227.0
2022-10-10,NAB.AX,28.89,30.01,28.67,29.39,6867603,5036.3
2022-10-10,MQG.AX,157.24,160.27,155.63,157.46,3826732,13575.5
2022-10-11,CBA.AX,86.54,90.13,86.44,88.58,4977968,12435.2
2022-10-11,ANZ.AX,19.7,20.33,19.51,19.93,814168,2157.9
2022-10-11,WBC.AX,19.89,20.24,19.61,20.08,4870914,2208.8
2022-10-11,NAB.AX,28.85,29.09,28.52,28.8,4852222,3992.9
2022-10-11,MQG.AX,155.11,157.25,153.24,155.2,5949503,13497.5
2022-10-12,CBA.AX,88.76,88.87,88.35,88.67,532956,14455.3
2022-10-12,ANZ.AX,20.05,20.11,19.84,19.88,2361629,2943.8
2022-10-12,WBC.AX,20.1,20.18,19.77,19.88,810145,2318.5
2022-10-12,NAB.AX,29.43,29.6,29.42,29.5,1394368,4013.8
2022-10-12,MQG.AX,152.71,159.26,152.55,155.4,1278677,14018.2
2022-10-13,CBA.AX,87.19,87.36,86.46,86.66,3303368,15371.9
2022-10-13,ANZ.AX,19.69,19.84,19.53,19.71,6066612,2654.9
2022-10-13,WBC.AX,19.94,20.19,19.81,19.97,1856929,1683.9
2022-10-13,NAB.AX,30.23,30.42,29.74,29.9,3521518,2588.5
2022-10-13,MQG.AX,154.85,155.37,154.82,155.21,5677354,23934.9
2022-10-14,CBA.AX,86.29,87.48,85.97,86.1,3737304,13573.2
2022-10-14,ANZ.AX,19.86,20.1,19.43,19.63,4328242,1674.5
2022-10-14,WBC.AX,20.06,20.43,19.78,20.14,1798307,1831.9
2022-10-14,NAB.AX,30.24,30.28,29.66,29.89,2144805,5048.9
2022-10-14,MQG.AX,155.94,159.85,154.02,156.52,6047000,13545.3
2022-10-17,CBA.AX,85.08,85.66,83.96,84.32,3754950,11215.5
2022-10-17,ANZ.AX,19.52,19.6,19.49,19.54,5336090,1565.4
2022-10-17,WBC.AX,20.04,20.06,19.85,19.98,3775893,2318.6
2022-10-17,NAB.AX,29.92,30.22,29.64,29.93,2420953,5199.2
2022-10-17,MQG.AX,157.81,158.45,153.12,156.56,1518671,16953.4
2022-10-18,CBA.AX,83.32,85.5,82.81,83.78,7856036,8851.3
2022-10-18,ANZ.AX,19.49,19.88,19.39,19.74,5470498,2571.5
2022-10-18,WBC.AX,20.18,20.42,19.77,19.95,3248591,2076.7
2022-10-18,NAB.AX,29.86,29.92,29.77,29.89,2490927,2617.8
2022-10-18,MQG.AX,162.33,162.4,157.3,158.51,3834746,30602.7
2022-10-19,CBA.AX,84.11,86.2,83.11,84.93,5569544,14868.1
2022-10-19,ANZ.AX,19.91,19.92,19.2,19.61,559458,1121.4
2022-10-19,WBC.AX,19.82,19.84,19.74,19.78,6097066,3275.7
2022-10-19,NAB.AX,30.73,30.85,30.05,30.51,4356017,2406.6
2022-10-19,MQG.AX,159.9,160.86,156.68,159.71,5730184,23001.4
2022-10-20,CBA.AX,87.63,88.95,84.91,87.08,5164411,11041.7
2022-10-20,ANZ.AX,20.11,20.22,19.48,19.89,6086891,3893.0
2022-10-20,WBC.AX,20.27,20.33,19.77,19.94,6446561,3449.4
2022-10-20,NAB.AX,29.86,30.71,29.65,30.06,2329146,1834.8
2022-10-20,MQG.AX,160.11,160.22,158.18,159.58,4410801,30687.7
2022-10-21,CBA.AX,88.39,88.49,87.78,87.89,3543392,17174.9
2022-10-21,ANZ.AX,19.94,19.97,19.85,19.88,4948531,2625.0
2022-10-21,WBC.AX,19.56,20.29,19.36,19.85,1184604,2559.5
2022-10-21,NAB.AX,30.63,30.85,30.25,30.73,5762831,6029.6
2022-10-21,MQG.AX,156.28,160.23,155.35,159.22,2696124,26221.4
2022-10-24,CBA.AX,86.9,88.07,86.36,87.48,5748549,12371.7
2022-10-24,ANZ.AX,19.61,19.69,19.55,19.64,625414,3446.6
2022-10-24,WBC.AX,20.31,20.44,19.94,20.1,6024646,1546.7
2022-10-24,NAB.AX,31.31,31.53,31.05,31.24,7928206,5717.9
2022-10-24,MQG.AX,163.28,164.06,157.05,160.39,2516619,19112.8
2022-10-25,CBA.AX,85.87,86.31,85.29,85.69,7593906,15339.5
2022-10-25,ANZ.AX,19.72,20.28,19.53,19.83,3027359,3025.4
2022-10-25,WBC.AX,20.13,20.17,19.98,20.02,6766229,2892.3
2022-10-25,NAB.AX,31.63,31.66,30.6,31.3,1474309,1914.2
2022-10-25,MQG.AX,154.49,160.4,154.2,157.29,2660099,8438.0
2022-10-26,CBA.AX,86.49,86.87,84.47,85.63,3161403,13304.5
2022-10-26,ANZ.AX,19.93,20.08,19.6,19.78,6966974,2888.8
2022-10-26,WBC.AX,19.98,20.02,19.39,19.63,937302,1487.2
2022-10-26,NAB.AX,31.24,32.11,31.09,31.81,6483084,5072.4
2022-10-26,MQG.AX,159.18,163.76,158.19,161.78,6577363,31546.1
2022-10-27,CBA.AX,83.26,85.8,82.83,84.91,3217916,10724.8
2022-10-27,ANZ.AX,20.11,20.26,19.81,20.16,5444557,2724.9
2022-10-27,WBC.AX,19.95,20.06,19.68,19.81,7182830,2688.0
2022-10-27,NAB.AX,31.74,31.92,31.17,31.52,1065795,4244.1
2022-10-27,MQG.AX,161.62,163.33,157.24,160.69,2760162,24477.7
2022-10-28,CBA.AX,86.33,86.48,84.61,85.95,599400,7113.5
2022-10-28,ANZ.AX,20.1,20.56,19.85,20.28,5977224,2422.5
2022-10-28,WBC.AX,19.79,19.9,19.48,19.71,1845261,1592.4
2022-10-28,NAB.AX,30.85,31.64,30.81,31.59,3838017,6110.6
2022-10-28,MQG.AX,164.23,168.22,163.44,165.28,2620188,32912.9
2022-10-31,CBA.AX,85.87,87.7,85.35,86.45,7534355,15532.8
2022-10-31,ANZ.AX,20.36,20.55,20.14,20.3,1198138,1538.0
2022-10-31,WBC.AX,19.87,19.88,19.5,19.65,6896285,3693.2
2022-10-31,NAB.AX,30.75,31.41,30.7,31.38,4268071,5546.2
2022-10-31,MQG.AX,164.17,167.31,161.39,164.97,7459226,24912.6
2022-11-01,CBA.AX,85.59,86.01,84.23,84.93,2256076,12262.6
2022-11-01,ANZ.AX,20.47,20.63,20.02,20.45,3245069,2106.8
2022-11-01,WBC.AX,19.67,19.99,19.64,19.96,4805600,1341.8
2022-11-01,NAB.AX,31.48,31.96,31.32,31.7,1581274,2197.5
2022-11-01,MQG.AX,162.67,166.3,162.63,165.94,4289946,11648.3
2022-11-02,CBA.AX,84.35,85.01,82.41,84.44,4937129,7146.8
2022-11-02,ANZ.AX,20.45,20.56,19.97,20.41,2803998,1625.1
2022-11-02,WBC.AX,19.9,20.05,19.7,19.81,4146855,3271.2
2022-11-02,NAB.AX,32.31,32.36,31.96,32.3,6451417,3535.5
2022-11-02,MQG.AX,170.18,170.5,169.0,169.82,5635642,18311.0
2022-11-03,CBA.AX,83.29,83.61,81.34,82.92,2632712,8795.5
2022-11-03,ANZ.AX,19.81,20.73,19.79,20.27,1335423,2338.8
2022-11-03,WBC.AX,19.63,19.82,19.55,19.79,6660432,1972.9
2022-11-03,NAB.AX,32.57,32.78,32.17,32.73,4608752,3635.7
2022-11-03,MQG.AX,169.3,176.51,169.27,172.89,1587112,16313.5
2022-11-04,CBA.AX,84.68,85.12,82.68,84.79,5987801,11995.7
2022-11-04,ANZ.AX,20.67,20.89,20.08,20.39,6983021,1616.3
2022-11-04,WBC.AX,19.26,19.65,19.07,19.48,1840476,3013.9
2022-11-04,NAB.AX,32.33,33.31,32.28,32.66,4721267,5735.7
2022-11-04,MQG.AX,170.93,172.81,169.42,171.84,3051484,14649.7
2022-11-07,CBA.AX,86.61,88.32,85.86,86.26,3893962,6569.0
2022-11-07,ANZ.AX,20.17,20.38,20.12,20.2,3554564,1151.6
2022-11-07,WBC.AX,19.35,19.74,19.16,19.57,4749185,2991.7
2022-11-07,NAB.AX,33.13,33.47,32.32,32.78,5131881,4285.8
2022-11-07,MQG.AX,171.83,174.85,167.52,170.65,2496151,9041.2
2022-11-08,CBA.AX,88.33,88.66,85.26,86.68,7973360,14703.5
2022-11-08,ANZ.AX,20.66,20.86,20.51,20.61,7204785,3778.4
2022-11-08,WBC.AX,19.56,20.01,19.49,19.59,5609939,3893.5
2022-11-08,NAB.AX,32.85,33.25,32.68,32.96,6630708,3449.9
2022-11-08,MQG.AX,177.45,179.58,171.5,175.7,3458028,23636.9
2022-11-09,CBA.AX,85.63,86.94,85.5,85.62,6209449,6700.2
2022-11-09,ANZ.AX,20.73,20.94,20.48,20.7,653691,3235.3
2022-11-09,WBC.AX,19.51,20.08,19.32,19.6,6934517,3531.9
2022-11-09,NAB.AX,32.49,32.63,32.49,32.52,5281398,6401.1
2022-11-09,MQG.AX,178.48,181.55,178.36,178.92,6846088,11872.1
2022-11-10,CBA.AX,83.37,84.21,83.2,83.43,1475475,13890.1
2022-11-10,ANZ.AX,20.5,21.14,20.49,20.82,4811894,1652.4
2022-11-10,WBC.AX,19.81,20.19,19.78,19.95,6133948,2516.5
2022-11-10,NAB.AX,32.25,32.61,31.47,32.1,4659424,2956.9
2022-11-10,MQG.AX,180.4,181.74,176.43,177.71,6628067,31199.7
2022-11-11,CBA.AX,82.88,83.52,81.94,82.3,4413640,5412.9
2022-11-11,ANZ.AX,20.57,21.07,20.25,20.6,908010,3849.2
2022-11-11,WBC.AX,20.07,20.32,19.78,20.05,4854098,3037.5
2022-11-11,NAB.AX,31.71,32.6,31.2,31.89,5891429,6202.1
2022-11-11,MQG.AX,175.24,176.82,173.34,174.98,6933971,15526.0
2022-11-14,CBA.AX,81.45,82.33,80.87,81.79,2536021,4717.0
2022-11-14,ANZ.AX,20.89,21.21,20.58,20.87,2887122,2970.2
2022-11-14,WBC.AX,20.34,20.37,19.79,19.88,5981731,3450.8
2022-11-14,NAB.AX,31.87,32.52,31.65,31.96,7210642,3082.7
2022-11-14,MQG.AX,173.3,173.83,172.87,173.2,5378230,32188.2
2022-11-15,CBA.AX,82.23,83.13,81.76,82.29,5987761,6981.4
2022-11-15,ANZ.AX,21.51,21.51,20.99,21.1,1415408,3236.9
2022-11-15,WBC.AX,20.28,20.45,19.96,20.3,4823426,1652.3
2022-11-15,NAB.AX,32.2,32.59,31.54,32.09,6461267,5754.8
2022-11-15,MQG.AX,175.63,175.76,171.99,173.07,3552398,21796.8
2022-11-16,CBA.AX,80.54,81.88,80.15,81.19,6136566,10110.7
2022-11-16,ANZ.AX,20.46,20.75,20.13,20.46,7410629,1692.3
2022-11-16,WBC.AX,20.72,20.83,20.16,20.66,6316859,1685.4
2022-11-16,NAB.AX,32.55,32.76,32.37,32.65,3754188,2092.5
2022-11-16,MQG.AX,172.42,177.0,171.32,173.0,6016255,9312.8
2022-11-17,CBA.AX,79.51,81.51,79.14,80.4,2100104,6400.3
2022-11-17,ANZ.AX,19.92,20.63,19.91,20.26,2086205,2255.3
2022-11-17,WBC.AX,20.76,20.96,20.12,20.47,6607287,1598.6
2022-11-17,NAB.AX,32.45,32.56,32.43,32.46,7390079,4950.4
2022-11-17,MQG.AX,172.33,173.99,168.93,171.93,3276751,29456.6
2022-11-18,CBA.AX,80.12,81.43,79.65,80.8,6287904,4690.0
2022-11-18,ANZ.AX,20.19,20.49,20.07,20.34,7145544,2885.4
2022-11-18,WBC.AX,20.83,21.03,20.34,20.57,3133715,2164.4
2022-11-18,NAB.AX,32.02,32.13,32.02,32.07,3948332,2149.7
2022-11-18,MQG.AX,167.28,167.4,162.85,166.23,2726914,31675.6
2022-11-21,CBA.AX,80.89,82.77,80.66,81.13,1843162,5368.1
2022-11-21,ANZ.AX,20.19,20.33,19.98,20.04,5825655,1445.3
2022-11-21,WBC.AX,20.1,20.42,20.09,20.39,6665148,2258.9
2022-11-21,NAB.AX,31.04,32.21,30.83,31.49,5038407,4640.6
2022-11-21,MQG.AX,163.62,166.27,161.71,164.66,6329870,16944.4
2022-11-22,CBA.AX,80.37,81.36,79.79,79.99,3216583,13733.6
2022-11-22,ANZ.AX,19.89,20.0,19.62,19.92,4096229,1015.8
2022-11-22,WBC.AX,20.69,20.85,20.44,20.58,6138522,1991.0
2022-11-22,NAB.AX,31.69,31.7,31.08,31.56,5336522,5001.5
2022-11-22,MQG.AX,162.61,163.69,161.86,163.28,745213,20888.8
2022-11-23,CBA.AX,79.5,80.22,78.11,79.38,7375446,13913.1
2022-11-23,ANZ.AX,19.91,19.96,19.21,19.5,645726,1512.4
2022-11-23,WBC.AX,20.4,20.82,20.19,20.52,695989,2258.5
2022-11-23,NAB.AX,31.34,31.74,31.03,31.36,4377443,1679.8
2022-11-23,MQG.AX,159.36,165.21,159.01,162.4,5399103,28785.6
2022-11-24,CBA.AX,76.85,77.58,76.24,77.04,5525888,9348.3
2022-11-24,ANZ.AX,19.47,19.67,19.11,19.56,6253470,1675.3
2022-11-24,WBC.AX,20.78,20.98,20.22,20.62,7673671,3626.3
2022-11-24,NAB.AX,31.71,32.07,31.16,31.35,1443507,1579.0
2022-11-24,MQG.AX,157.78,162.73,157.32,161.26,1954050,30308.3
2022-11-25,CBA.AX,77.77,78.46,77.05,77.34,5972457,9241.8
2022-11-25,ANZ.AX,19.78,19.95,19.18,19.58,3147080,1819.2
2022-11-25,WBC.AX,20.56,20.63,20.28,20.35,7971432,2688.8
2022-11-25,NAB.AX,30.8,31.33,30.71,31.19,6313049,4648.4
2022-11-25,MQG.AX,163.07,163.08,159.06,162.82,4034862,31978.8
2022-11-28,CBA.AX,76.08,77.08,75.73,75.99,6402966,8576.5
2022-11-28,ANZ.AX,19.3,19.73,19.01,19.37,7585374,2618.4
2022-11-28,WBC.AX,20.58,20.77,20.24,20.35,7933284,3552.0
2022-11-28,NAB.AX,31.67,31.67,31.08,31.17,1983810,3250.0
2022-11-28,MQG.AX,164.07,164.97,162.02,163.95,4436551,20366.3
2022-11-29,CBA.AX,77.08,77.47,76.16,76.58,2786605,8614.2
2022-11-29,ANZ.AX,19.44,19.51,19.0,19.27,4140457,1213.3
2022-11-29,WBC.AX,20.61,20.91,20.55,20.59,3069555,1508.4
2022-11-29,NAB.AX,30.82,31.34,30.74,30.92,7182775,6132.5
2022-11-29,MQG.AX,165.48,166.75,164.71,166.3,1502659,19229.6
2022-11-30,CBA.AX,74.97,75.79,74.17,75.71,5914626,9644.8
2022-11-30,ANZ.AX,19.12,19.43,18.79,19.08,7168091,1530.0
2022-11-30,WBC.AX,20.81,21.05,20.65,20.69,3063679,4136.3
2022-11-30,NAB.AX,31.15,31.71,30.66,31.4,4893086,2469.2
2022-11-30,MQG.AX,165.48,166.46,162.35,165.8,2702081,11611.0
2022-12-01,CBA.AX,74.92,76.19,74.8,75.44,3846295,12732.0
2022-12-01,ANZ.AX,18.98,18.99,18.73,18.93,5167143,2880.0
2022-12-01,WBC.AX,20.33,20.43,20.24,20.41,6306084,2595.4
2022-12-01,NAB.AX,31.68,31.81,30.76,31.24,1362111,3281.9
2022-12-01,MQG.AX,168.04,168.55,167.59,167.96,2892698,9864.7
2022-12-02,CBA.AX,75.45,76.18,74.57,75.69,3628867,12095.4
2022-12-02,ANZ.AX,18.73,18.82,18.67,18.73,6117774,1087.4
2022-12-02,WBC.AX,20.68,20.75,19.8,20.26,5286958,3824.5
2022-12-02,NAB.AX,32.01,32.29,31.23,31.64,735527,5030.0
2022-12-02,MQG.AX,166.14,168.9,164.66,168.68,2924810,22738.4
2022-12-05,CBA.AX,77.01,77.72,75.87,76.49,774912,4764.3
2022-12-05,ANZ.AX,19.44,19.53,18.66,19.06,4448249,1995.0
2022-12-05,WBC.AX,20.05,20.18,19.75,20.03,6066773,3585.7
2022-12-05,NAB.AX,31.2,31.56,30.67,31.28,3195185,4355.8
2022-12-05,MQG.AX,168.19,170.08,167.81,168.66,1769598,18137.1
2022-12-06,CBA.AX,76.25,76.78,74.71,75.48,6111551,11115.7
2022-12-06,ANZ.AX,19.17,19.3,18.83,19.15,4197769,1795.5
2022-12-06,WBC.AX,20.44,20.53,19.94,20.06,1279433,3712.5
2022-12-06,NAB.AX,32.12,32.3,31.52,31.56,7784652,3680.6
2022-12-06,MQG.AX,169.71,170.5,167.45,168.62,6971361,28244.7
2022-12-07,CBA.AX,74.48,75.07,74.13,74.79,540252,13134.8
2022-12-07,ANZ.AX,18.8,19.18,18.76,19.01,7174941,2255.9
2022-12-07,WBC.AX,20.04,20.19,19.64,20.0,4830293,2527.4
2022-12-07,NAB.AX,31.17,31.73,31.15,31.49,989157,2573.2
2022-12-07,MQG.AX,166.54,171.2,166.32,169.4,3482022,19757.3
2022-12-08,CBA.AX,73.7,74.6,72.25,74.05,5179510,8553.5
2022-12-08,ANZ.AX,18.93,19.23,18.69,19.1,5459030,1268.1
2022-12-08,WBC.AX,20.64,20.67,19.75,20.21,6381542,2581.1
2022-12-08,NAB.AX,32.05,32.49,31.13,31.73,4792271,4488.3
2022-12-08,MQG.AX,166.74,168.38,164.31,165.56,7366129,12399.1
2022-12-09,CBA.AX,73.54,74.94,73.17,74.13,7368040,11035.1
2022-12-09,ANZ.AX,19.34,19.89,19.13,19.53,7642240,2534.6
2022-12-09,WBC.AX,20.19,20.36,20.07,20.26,1799087,2065.0
2022-12-09,NAB.AX,32.34,32.42,31.24,31.65,572577,3172.7
2022-12-09,MQG.AX,164.79,165.14,162.49,164.33,4562348,30928.3
2022-12-12,CBA.AX,75.09,76.16,73.41,75.1,1038865,13373.8
2022-12-12,ANZ.AX,19.71,19.96,19.42,19.62,4248503,1878.8
2022-12-12,WBC.AX,19.69,20.02,19.58,20.0,4322413,3875.2
2022-12-12,NAB.AX,31.26,31.39,30.75,31.17,2011943,1935.4
2022-12-12,MQG.AX,164.38,166.47,162.3,164.61,4990718,9401.4
2022-12-13,CBA.AX,75.23,76.07,74.62,74.88,7750043,14332.9
2022-12-13,ANZ.AX,20.13,20.27,19.98,20.04,5689690,2369.7
2022-12-13,WBC.AX,20.17,20.77,19.94,20.29,4801015,1799.7
2022-12-13,NAB.AX,30.65,31.52,30.59,31.15,2828970,1577.5
2022-12-13,MQG.AX,169.25,169.26,168.11,168.54,2287014,18942.6
2022-12-14,CBA.AX,73.18,75.52,72.03,73.87,5550503,8513.1
2022-12-14,ANZ.AX,20.24,20.46,19.94,19.97,2606948,2127.4
2022-12-14,WBC.AX,19.91,20.22,19.87,20.08,7548915,1843.7
2022-12-14,NAB.AX,31.36,31.7,31.12,31.45,7112939,4728.9
2022-12-14,MQG.AX,167.98,170.12,167.82,168.31,3521084,18756.2
2022-12-15,CBA.AX,74.27,74.34,73.82,74.03,1020953,14429.4
2022-12-15,ANZ.AX,19.74,20.26,19.37,19.85,5644642,1743.8
2022-12-15,WBC.AX,20.03,20.42,19.97,20.29,1595018,2382.6
2022-12-15,NAB.AX,30.97,32.24,30.9,31.51,7521237,3655.1
2022-12-15,MQG.AX,170.0,170.47,165.35,166.65,1065440,21753.6
2022-12-16,CBA.AX,71.87,73.77,71.06,72.59,7816584,13149.7
2022-12-16,ANZ.AX,19.52,19.83,19.0,19.44,2259149,2557.2
2022-12-16,WBC.AX,20.34,20.56,20.29,20.53,4595905,2688.2
2022-12-16,NAB.AX,31.99,32.1,31.2,31.75,3408471,4552.6
2022-12-16,MQG.AX,162.03,164.65,160.44,162.5,3466542,18679.6
2022-12-19,CBA.AX,72.36,73.38,70.64,72.4,5121916,11012.0
2022-12-19,ANZ.AX,19.32,19.35,18.83,19.25,6059737,2473.6
2022-12-19,WBC.AX,20.3,20.32,20.22,20.28,5646014,1843.0
2022-12-19,NAB.AX,31.78,32.13,31.4,31.65,3101829,2416.2
2022-12-19,MQG.AX,160.77,164.2,159.39,161.36,7910733,8939.4
2022-12-20,CBA.AX,72.17,72.74,71.01,72.4,7544208,10945.2
2022-12-20,ANZ.AX,19.64,19.78,19.09,19.36,6830342,3479.6
2022-12-20,WBC.AX,19.59,20.12,19.58,20.0,7776788,2297.8
2022-12-20,NAB.AX,31.57,31.6,31.16,31.35,6782833,3827.2
2022-12-20,MQG.AX,162.57,164.44,160.36,162.76,6065021,27127.1
2022-12-21,CBA.AX,71.5,73.47,71.44,72.59,2540117,5257.8
2022-12-21,ANZ.AX,19.56,19.74,19.42,19.48,2399991,3402.7
2022-12-21,WBC.AX,20.06,20.29,19.61,19.91,2408877,3456.0
2022-12-21,NAB.AX,31.54,31.64,31.1,31.41,6828301,5135.9
2022-12-21,MQG.AX,164.98,167.77,162.91,165.69,2117976,31995.7
2022-12-22,CBA.AX,72.41,72.52,71.81,72.22,4691835,10590.9
2022-12-22,ANZ.AX,19.34,19.66,19.16,19.49,5399041,2348.0
2022-12-22,WBC.AX,19.62,19.88,19.39,19.83,6753405,2883.4
2022-12-22,NAB.AX,31.59,31.8,31.42,31.51,689961,3051.0
2022-12-22,MQG.AX,164.49,165.42,161.5,164.61,1778365,16405.1
2022-12-23,CBA.AX,71.74,72.19,70.69,71.23,2370086,14044.1
2022-12-23,ANZ.AX,20.32,20.33,19.86,19.93,5946211,1112.1
2022-12-23,WBC.AX,20.49,20.52,19.79,20.03,3517257,3371.2
2022-12-23,NAB.AX,31.71,32.1,31.55,31.75,7793433,4658.9
2022-12-23,MQG.AX,165.66,168.1,164.16,164.82,585221,15584.2
2022-12-26,CBA.AX,73.63,73.82,71.17,72.08,2719262,11671.1
2022-12-26,ANZ.AX,19.59,19.69,19.42,19.57,1091842,3810.8
2022-12-26,WBC.AX,20.07,20.3,19.96,20.2,4985045,2419.7
2022-12-26,NAB.AX,31.41,32.25,31.25,31.72,6182360,4512.0
2022-12-26,MQG.AX,165.93,168.24,162.56,164.37,7562100,15098.6
2022-12-27,CBA.AX,72.17,73.37,70.68,72.45,3209780,5864.8
2022-12-27,ANZ.AX,19.69,19.79,19.68,19.73,7709627,3813.5
2022-12-27,WBC.AX,20.12,20.23,20.0,20.15,1264348,3628.4
2022-12-27,NAB.AX,31.47,32.0,31.3,31.68,4059272,4196.3
2022-12-27,MQG.AX,168.21,170.67,168.11,168.29,6151057,8841.3
2022-12-28,CBA.AX,72.8,73.33,72.66,73.05,2850517,12831.7
2022-12-28,ANZ.AX,19.72,19.84,19.62,19.81,1889998,2510.4
2022-12-28,WBC.AX,20.61,20.63,20.36,20.38,3568672,2878.1
2022-12-28,NAB.AX,31.95,32.04,31.13,31.48,3464980,6110.5
2022-12-28,MQG.AX,166.33,168.19,163.87,166.66,3585703,8968.4
2022-12-29,CBA.AX,71.47,72.51,71.31,72.02,6456529,10423.5
2022-12-29,ANZ.AX,20.09,20.47,19.87,20.23,7966629,3915.7
2022-12-29,WBC.AX,20.1,20.49,20.02,20.36,3125153,1418.0
2022-12-29,NAB.AX,31.62,32.3,31.51,31.62,1017602,6050.8
2022-12-29,MQG.AX,171.04,172.16,167.17,169.37,1123323,18487.4
2022-12-30,CBA.AX,71.36,71.71,70.81,71.1,6453946,5527.7
2022-12-30,ANZ.AX,20.04,20.33,19.91,20.07,1003670,3423.4
2022-12-30,WBC.AX,20.77,20.91,20.75,20.87,5790485,2251.0
2022-12-30,NAB.AX,31.46,31.59,31.01,31.41,1686959,2984.8
2022-12-30,MQG.AX,167.84,168.66,167.38,168.26,7699464,14520.1
2023-01-02,CBA.AX,71.35,71.4,70.96,71.04,2896884,3654.4
2023-01-02,ANZ.AX,20.33,20.33,19.75,19.97,4161694,1698.1
2023-01-02,WBC.AX,20.27,20.62,20.2,20.59,6510852,1303.0
2023-01-02,NAB.AX,30.99,31.32,30.14,30.88,6036771,2307.2
2023-01-02,MQG.AX,166.24,168.95,165.17,166.51,7356004,20275.6
2023-01-03,CBA.AX,72.12,72.77,69.51,71.14,5997959,6082.5
2023-01-03,ANZ.AX,20.0,20.11,19.85,20.09,7057613,1347.6
2023-01-03,WBC.AX,21.03,21.18,20.61,20.76,2456419,1853.8
2023-01-03,NAB.AX,30.45,30.61,29.92,30.53,5729565,3506.7
2023-01-03,MQG.AX,165.9,167.35,164.16,166.48,1231354,12959.8
2023-01-04,CBA.AX,69.72,71.52,69.67,71.25,1887679,10180.7
2023-01-04,ANZ.AX,20.68,20.99,20.37,20.53,2377272,1147.9
2023-01-04,WBC.AX,20.59,20.94,20.2,20.64,5552809,1189.1
2023-01-04,NAB.AX,30.91,31.67,30.85,31.23,3686380,4734.9
2023-01-04,MQG.AX,165.2,166.79,165.01,165.87,5329444,29911.2
2023-01-05,CBA.AX,71.6,72.15,70.49,72.02,2112234,7068.0
2023-01-05,ANZ.AX,21.26,21.29,20.44,20.92,2458778,3432.1
2023-01-05,WBC.AX,20.67,21.01,20.35,20.55,3019877,4029.2
2023-01-05,NAB.AX,30.68,31.17,30.67,31.09,5996170,2569.5
2023-01-05,MQG.AX,163.6,165.19,161.02,162.89,7947880,20512.2
2023-01-06,CBA.AX,71.88,72.71,71.78,72.08,6558059,5830.7
2023-01-06,ANZ.AX,20.81,20.81,20.57,20.71,2785315,3995.0
2023-01-06,WBC.AX,20.34,20.56,20.26,20.53,4855689,2488.5
2023-01-06,NAB.AX,31.48,31.78,30.71,31.45,4306598,3208.3
2023-01-06,MQG.AX,161.4,165.87,160.09,162.36,7424876,17307.4
2023-01-09,CBA.AX,69.8,72.65,69.72,71.3,2142877,10646.6
2023-01-09,ANZ.AX,21.01,21.05,20.79,20.99,6744087,4124.3
2023-01-09,WBC.AX,20.45,20.51,20.33,20.46,4186729,4020.0
2023-01-09,NAB.AX,32.38,32.99,32.01,32.37,6971694,2617.6
2023-01-09,MQG.AX,160.87,163.29,160.81,161.48,3397173,22457.2
2023-01-10,CBA.AX,71.46,72.47,70.8,70.93,5571719,6159.2
2023-01-10,ANZ.AX,21.61,21.93,21.51,21.54,6288322,2567.2
2023-01-10,WBC.AX,20.33,20.94,20.32,20.58,721694,2819.5
2023-01-10,NAB.AX,32.6,33.11,31.64,32.4,5192864,3665.4
2023-01-10,MQG.AX,161.26,162.48,157.56,161.48,3332373,29620.7
2023-01-11,CBA.AX,72.61,72.93,70.24,71.52,5044204,11015.8
2023-01-11,ANZ.AX,21.04,21.55,20.79,21.2,6642209,1076.5
2023-01-11,WBC.AX,20.43,20.77,20.05,20.47,7960342,2021.5
2023-01-11,NAB.AX,31.76,32.38,31.44,31.82,2801395,3290.5
2023-01-11,MQG.AX,161.84,164.72,157.13,160.71,1459052,29590.7
2023-01-12,CBA.AX,73.77,74.72,72.75,72.96,1884901,12165.6
2023-01-12,ANZ.AX,21.04,21.22,20.8,21.08,2229661,2786.2
2023-01-12,WBC.AX,20.09,20.51,20.02,20.22,2517633,2624.2
2023-01-12,NAB.AX,31.72,31.91,31.58,31.85,4182395,3332.0
2023-01-12,MQG.AX,161.81,163.18,157.94,159.95,6470266,14373.5
2023-01-13,CBA.AX,72.98,74.58,72.83,73.81,823725,8122.7
2023-01-13,ANZ.AX,21.37,21.74,21.02,21.26,813032,1451.5
2023-01-13,WBC.AX,20.28,20.55,19.99,20.35,1430364,3304.7
2023-01-13,NAB.AX,31.22,32.08,31.11,31.77,3113939,4978.4
2023-01-13,MQG.AX,163.03,166.28,162.77,163.36,5021585,17509.1
2023-01-16,CBA.AX,73.62,74.64,73.0,74.51,1249320,9497.0
2023-01-16,ANZ.AX,21.27,21.52,21.26,21.41,3292127,2167.9
2023-01-16,WBC.AX,20.34,20.79,20.24,20.3,3840650,2539.9
2023-01-16,NAB.AX,31.24,31.7,31.08,31.48,7624390,6027.2
2023-01-16,MQG.AX,167.08,171.53,165.46,169.33,729030,13505.9
2023-01-17,CBA.AX,74.8,75.64,73.36,74.01,3140405,6817.9
2023-01-17,ANZ.AX,21.12,21.61,21.11,21.24,2436655,4224.0
2023-01-17,WBC.AX,20.97,21.01,20.1,20.57,5898311,4050.5
2023-01-17,NAB.AX,32.11,32.62,31.8,31.86,5424489,3846.7
2023-01-17,MQG.AX,168.91,173.48,168.41,172.2,7691054,27382.7
2023-01-18,CBA.AX,74.41,75.66,73.0,74.16,4988570,7797.7
2023-01-18,ANZ.AX,20.85,21.23,20.33,20.82,7527406,3162.1
2023-01-18,WBC.AX,20.06,20.21,19.54,19.91,5571411,2708.5
2023-01-18,NAB.AX,32.25,32.53,32.09,32.18,5060012,2156.9
2023-01-18,MQG.AX,176.02,177.06,172.82,173.59,661568,14943.0
2023-01-19,CBA.AX,76.2,77.21,74.9,75.65,2083932,13673.0
2023-01-19,ANZ.AX,21.12,21.3,21.08,21.26,4585371,4022.2
2023-01-19,WBC.AX,19.74,19.98,19.62,19.8,6454436,1358.6
2023-01-19,NAB.AX,32.45,32.68,31.78,32.37,4088199,4415.6
2023-01-19,MQG.AX,172.34,172.38,170.15,171.0,6804652,26420.3
2023-01-20,CBA.AX,76.18,77.15,75.31,76.42,1913950,9558.1
2023-01-20,ANZ.AX,21.41,21.44,20.46,20.93,6728423,3837.5
2023-01-20,WBC.AX,20.08,20.14,20.07,20.09,3067190,2393.6
2023-01-20,NAB.AX,32.23,32.51,31.39,31.97,5407969,2481.5
2023-01-20,MQG.AX,168.4,172.45,167.21,170.6,1861523,19343.4
2023-01-23,CBA.AX,77.19,78.59,75.87,76.84,1264171,11758.7
2023-01-23,ANZ.AX,20.71,20.97,20.38,20.9,1367716,1438.3
2023-01-23,WBC.AX,20.13,20.38,19.66,20.02,4262052,2217.3
2023-01-23,NAB.AX,32.59,32.59,31.93,32.53,5250288,3098.8
2023-01-23,MQG.AX,173.05,173.46,170.7,172.12,1957354,24755.5
2023-01-24,CBA.AX,77.89,79.81,76.86,78.23,1756207,13148.6
2023-01-24,ANZ.AX,20.63,21.05,20.52,20.59,2289016,2522.5
2023-01-24,WBC.AX,20.03,20.18,19.73,19.82,5313201,3944.8
2023-01-24,NAB.AX,31.97,32.03,31.26,31.9,3977547,5831.0
2023-01-24,MQG.AX,172.95,174.05,167.68,170.0,3365979,21700.1
2023-01-25,CBA.AX,79.48,79.49,78.57,79.16,7511130,10188.1
2023-01-25,ANZ.AX,20.88,20.91,20.79,20.87,2828637,1272.0
2023-01-25,WBC.AX,19.93,20.16,19.31,19.8,1513521,1334.5
2023-01-25,NAB.AX,31.68,32.51,31.17,31.77,5949540,1978.0
2023-01-25,MQG.AX,169.78,171.0,168.53,170.41,1006257,27902.5
2023-01-26,CBA.AX,77.8,77.92,77.01,77.52,4605994,6351.4
2023-01-26,ANZ.AX,21.12,21.38,20.85,20.99,5085381,3750.8
2023-01-26,WBC.AX,19.87,19.97,19.6,19.86,4550462,3884.1
2023-01-26,NAB.AX,31.04,31.2,30.61,30.76,4346102,1559.8
2023-01-26,MQG.AX,165.27,168.5,164.24,167.84,3304599,31841.5
2023-01-27,CBA.AX,77.87,78.12,77.21,77.75,5155066,13547.7
2023-01-27,ANZ.AX,20.94,20.95,20.57,20.85,1006695,2964.4
2023-01-27,WBC.AX,19.53,20.16,19.52,19.82,5039433,2270.5
2023-01-27,NAB.AX,31.35,31.8,30.74,31.36,3528347,3728.9
2023-01-27,MQG.AX,166.81,167.57,163.23,165.77,4942661,11610.5
2023-01-30,CBA.AX,80.53,80.55,77.29,78.9,4462665,4058.9
2023-01-30,ANZ.AX,21.49,21.5,20.87,21.1,4249858,1202.6
2023-01-30,WBC.AX,19.82,19.88,19.63,19.83,3997335,3725.2
2023-01-30,NAB.AX,32.19,32.39,31.36,31.82,5365733,2664.0
2023-01-30,MQG.AX,170.61,172.65,167.89,169.25,7960005,31060.4
2023-01-31,CBA.AX,79.19,79.82,78.27,79.29,6140387,12233.4
2023-01-31,ANZ.AX,20.99,21.02,20.64,20.73,1976415,2951.0
2023-01-31,WBC.AX,20.11,20.17,19.89,19.98,6147190,3586.9
2023-01-31,NAB.AX,31.83,32.34,31.5,31.97,6178934,2922.9
2023-01-31,MQG.AX,167.95,170.64,165.23,167.37,4247598,33422.2
2023-02-01,CBA.AX,79.67,79.88,78.79,79.14,2125972,7605.3
2023-02-01,ANZ.AX,20.9,21.42,20.87,21.01,4169708,4123.1
2023-02-01,WBC.AX,19.43,19.51,19.01,19.39,3762665,2898.7
2023-02-01,NAB.AX,33.36,33.42,32.13,32.68,3613993,6302.9
2023-02-01,MQG.AX,171.25,171.25,166.28,167.42,4370893,27293.3
2023-02-02,CBA.AX,78.84,80.91,78.76,79.27,3696875,6663.8
2023-02-02,ANZ.AX,21.07,21.37,20.81,21.27,6746422,2590.6
2023-02-02,WBC.AX,19.43,19.61,19.2,19.53,4544883,3203.1
2023-02-02,NAB.AX,31.72,31.76,31.5,31.68,7879801,2581.6
2023-02-02,MQG.AX,166.2,167.85,163.73,164.82,2252095,13040.3
2023-02-03,CBA.AX,78.82,80.53,76.86,78.58,3477556,12146.3
2023-02-03,ANZ.AX,21.31,21.38,21.23,21.28,4403664,1510.3
2023-02-03,WBC.AX,19.51,19.75,19.46,19.63,6799133,2688.5
2023-02-03,NAB.AX,30.51,31.06,30.35,30.95,4455523,5375.5
2023-02-03,MQG.AX,163.89,164.86,162.52,164.49,1696005,24385.1
2023-02-06,CBA.AX,77.0,77.64,76.83,77.1,4239397,3983.8
2023-02-06,ANZ.AX,21.53,21.75,21.16,21.34,5008089,3907.0
2023-02-06,WBC.AX,19.73,20.05,19.55,19.79,5823556,3263.5
2023-02-06,NAB.AX,31.59,31.65,30.88,31.25,2759741,3741.0
2023-02-06,MQG.AX,166.59,167.32,163.63,165.41,5883117,23809.9
2023-02-07,CBA.AX,77.21,77.41,76.95,77.12,3735002,10106.8
2023-02-07,ANZ.AX,21.01,21.42,20.75,20.95,3599834,3700.2
2023-02-07,WBC.AX,19.55,20.07,19.24,19.66,6084193,3037.7
2023-02-07,NAB.AX,31.78,32.13,31.06,31.5,4149683,2942.3
2023-02-07,MQG.AX,164.91,166.66,161.69,164.02,5554428,18747.7
2023-02-08,CBA.AX,78.12,79.5,77.63,78.43,1613893,10111.7
2023-02-08,ANZ.AX,20.52,20.91,20.2,20.61,5593468,2479.6
2023-02-08,WBC.AX,19.9,19.99,19.37,19.54,6185123,1596.1
2023-02-08,NAB.AX,31.32,31.63,31.13,31.47,5379268,5464.5
2023-02-08,MQG.AX,162.54,165.44,160.89,163.62,1176937,24893.2
2023-02-09,CBA.AX,78.31,78.46,77.22,78.36,6677715,11550.5
2023-02-09,ANZ.AX,20.31,20.7,20.3,20.48,5920989,2430.2
2023-02-09,WBC.AX,20.0,20.05,19.73,19.81,5340277,3006.8
2023-02-09,NAB.AX,31.36,31.79,30.76,31.44,6574686,4475.3
2023-02-09,MQG.AX,161.15,165.93,160.33,163.69,4440152,17542.7
2023-02-10,CBA.AX,77.95,78.7,76.98,78.33,3859142,6760.0
2023-02-10,ANZ.AX,20.44,20.69,20.36,20.39,5564348,1806.1
2023-02-10,WBC.AX,19.42,19.81,19.42,19.63,5166846,2638.9
2023-02-10,NAB.AX,31.24,31.51,30.72,31.17,3587017,2486.1
2023-02-10,MQG.AX,165.41,168.67,164.51,166.62,949422,12070.4
2023-02-13,CBA.AX,78.36,78.78,77.99,78.43,2211476,8394.0
2023-02-13,ANZ.AX,20.55,20.56,20.18,20.36,3443763,3265.2
2023-02-13,WBC.AX,19.47,19.85,19.39,19.49,6621283,1572.4
2023-02-13,NAB.AX,31.03,31.53,30.38,30.82,5519655,6070.1
2023-02-13,MQG.AX,163.18,168.16,163.01,164.84,587044,15718.2
2023-02-14,CBA.AX,79.84,79.91,77.63,78.85,692144,12787.0
2023-02-14,ANZ.AX,20.56,20.59,20.13,20.49,4252006,3402.0
2023-02-14,WBC.AX,20.07,20.23,19.71,19.94,6074008,2399.9
2023-02-14,NAB.AX,31.31,31.32,29.9,30.6,7168602,1797.5
2023-02-14,MQG.AX,167.77,169.73,164.83,166.31,4657803,10728.5
2023-02-15,CBA.AX,77.14,78.54,76.33,77.04,5191137,5093.6
2023-02-15,ANZ.AX,20.87,20.93,20.63,20.77,6504334,1885.6
2023-02-15,WBC.AX,19.76,19.81,19.59,19.65,6276950,3813.3
2023-02-15,NAB.AX,30.7,30.99,30.35,30.79,977809,4976.6
2023-02-15,MQG.AX,167.32,168.88,165.23,167.4,6029610,16700.4
2023-02-16,CBA.AX,74.74,75.73,74.65,74.87,2105432,8713.0
2023-02-16,ANZ.AX,20.74,21.08,20.35,20.83,6822087,2727.9
2023-02-16,WBC.AX,19.28,19.59,19.18,19.46,2714785,2008.5
2023-02-16,NAB.AX,29.93,30.76,29.89,30.5,1823241,4942.1
2023-02-16,MQG.AX,164.78,166.54,162.94,166.14,5286945,24379.2
2023-02-17,CBA.AX,75.51,76.08,74.51,75.29,2724807,14271.3
2023-02-17,ANZ.AX,20.62,20.78,20.53,20.61,4932454,2284.7
2023-02-17,WBC.AX,18.84,19.18,18.65,19.08,770059,3308.1
2023-02-17,NAB.AX,31.45,32.0,30.85,31.59,877544,2572.6
2023-02-17,MQG.AX,168.52,168.88,165.07,167.54,5427514,28541.6
2023-02-20,CBA.AX,74.15,75.04,73.45,74.59,4355033,8544.1
2023-02-20,ANZ.AX,20.31,21.11,20.24,20.72,1988301,1395.9
2023-02-20,WBC.AX,19.04,19.19,18.99,19.02,5319699,3279.5
2023-02-20,NAB.AX,31.48,31.62,31.13,31.32,6463939,5917.3
2023-02-20,MQG.AX,168.11,168.97,166.58,168.52,855720,28340.7
2023-02-21,CBA.AX,73.84,75.49,72.86,74.34,7589149,9781.0
2023-02-21,ANZ.AX,20.73,21.3,20.73,20.92,7336065,1747.1
2023-02-21,WBC.AX,18.9,19.24,18.41,18.87,7088449,3362.4
2023-02-21,NAB.AX,31.56,32.08,31.5,31.9,7848178,5826.3
2023-02-21,MQG.AX,171.77,175.65,171.36,172.13,5046434,10998.5
2023-02-22,CBA.AX,75.18,75.82,73.29,75.07,5986783,12856.7
2023-02-22,ANZ.AX,20.97,21.04,20.18,20.64,5746842,3460.5
2023-02-22,WBC.AX,18.71,18.88,18.62,18.69,5328372,1200.5
2023-02-22,NAB.AX,32.2,32.37,32.08,32.17,4174396,2001.7
2023-02-22,MQG.AX,167.38,170.57,167.11,168.65,565320,21998.7
2023-02-23,CBA.AX,74.43,74.63,73.95,74.29,6801636,13025.8
2023-02-23,ANZ.AX,20.66,20.87,20.14,20.38,7054969,3609.7
2023-02-23,WBC.AX,18.93,19.16,18.58,18.73,1202372,1368.3
2023-02-23,NAB.AX,31.69,32.66,31.53,32.17,6895526,2548.1
2023-02-23,MQG.AX,168.14,168.29,165.65,167.58,6973228,28699.0
2023-02-24,CBA.AX,74.17,74.19,72.28,74.04,2288429,9010.7
2023-02-24,ANZ.AX,20.11,20.37,19.79,20.12,3732607,1472.3
2023-02-24,WBC.AX,18.21,18.48,18.04,18.26,1391011,1100.1
2023-02-24,NAB.AX,33.15,33.17,32.49,32.99,1601493,5216.5
2023-02-24,MQG.AX,167.9,167.92,164.69,165.18,5465292,32952.8
2023-02-27,CBA.AX,73.37,74.44,73.15,73.8,1488846,9826.8
2023-02-27,ANZ.AX,20.12,20.23,20.0,20.19,1518702,3030.2
2023-02-27,WBC.AX,18.57,18.78,18.12,18.48,7577940,2611.3
2023-02-27,NAB.AX,32.95,33.63,32.63,33.42,5396568,6056.5
2023-02-27,MQG.AX,162.12,165.84,159.32,162.86,1763688,13545.8
2023-02-28,CBA.AX,73.99,75.22,73.35,73.75,4111084,9826.9
2023-02-28,ANZ.AX,20.46,20.55,19.94,20.05,7894332,2754.9
2023-02-28,WBC.AX,18.21,18.35,17.75,18.16,7715695,2399.6
2023-02-28,NAB.AX,33.17,34.1,33.02,33.79,910649,5960.0
2023-02-28,MQG.AX,159.33,165.73,158.44,162.48,7093641,14804.0
2023-03-01,CBA.AX,73.72,75.9,72.98,74.83,7179399,12802.7
2023-03-01,ANZ.AX,20.55,20.7,20.19,20.27,6303171,2871.8
2023-03-01,WBC.AX,18.22,18.67,18.08,18.3,4063917,2463.0
2023-03-01,NAB.AX,33.46,33.87,33.24,33.62,7380562,3718.1
2023-03-01,MQG.AX,162.13,162.47,158.66,159.48,791349,17877.0
2023-03-02,CBA.AX,73.91,74.26,73.78,73.95,3841809,8491.7
2023-03-02,ANZ.AX,19.99,20.24,19.86,19.92,5984985,1117.4
2023-03-02,WBC.AX,18.08,18.31,17.99,18.18,3058937,1299.2
2023-03-02,NAB.AX,33.96,34.1,33.1,33.57,5957145,3909.5
2023-03-02,MQG.AX,157.35,161.06,156.48,159.25,6884533,22942.4
2023-03-03,CBA.AX,73.52,74.5,72.05,73.74,3397395,5846.7
2023-03-03,ANZ.AX,20.23,20.23,20.11,20.16,4655456,1428.3
2023-03-03,WBC.AX,18.47,18.63,18.07,18.4,7967010,2351.8
2023-03-03,NAB.AX,33.97,34.02,32.69,33.52,6257785,3624.0
2023-03-03,MQG.AX,156.15,159.27,154.16,157.64,1650124,26059.3
2023-03-06,CBA.AX,73.67,74.15,72.07,73.13,3087394,10202.7
2023-03-06,ANZ.AX,20.65,20.69,20.23,20.47,7094288,3096.5
2023-03-06,WBC.AX,18.51,18.93,18.24,18.69,3674911,1375.8
2023-03-06,NAB.AX,32.35,33.63,32.26,33.05,3552806,5726.9
2023-03-06,MQG.AX,154.71,159.71,154.23,157.67,1737467,15505.8
2023-03-07,CBA.AX,72.98,73.47,71.58,72.8,7472127,4009.6
2023-03-07,ANZ.AX,21.16,21.37,20.94,21.09,5695074,2031.7
2023-03-07,WBC.AX,18.67,18.73,18.33,18.63,3347757,3090.9
2023-03-07,NAB.AX,33.02,33.18,32.6,33.14,2409765,3299.7
2023-03-07,MQG.AX,158.12,158.41,154.89,157.8,639739,15686.6
2023-03-08,CBA.AX,72.23,73.98,71.52,72.24,1753372,6236.5
2023-03-08,ANZ.AX,21.41,21.45,21.15,21.37,7866713,2923.4
2023-03-08,WBC.AX,18.92,19.31,18.81,18.88,1414382,3189.3
2023-03-08,NAB.AX,32.48,33.71,32.44,33.04,5015155,6242.4
2023-03-08,MQG.AX,161.14,162.72,157.53,160.69,7213895,28718.2
2023-03-09,CBA.AX,72.7,73.3,70.76,71.72,1767773,11000.1
2023-03-09,ANZ.AX,20.93,21.21,20.9,21.04,1462653,2399.9
2023-03-09,WBC.AX,18.71,18.84,18.53,18.72,6216465,3466.6
2023-03-09,NAB.AX,33.12,33.42,32.55,32.98,857645,5626.5
2023-03-09,MQG.AX,159.97,161.03,159.42,159.68,4385302,20422.7
2023-03-10,CBA.AX,72.36,72.65,71.11,71.52,6198236,7143.0
2023-03-10,ANZ.AX,20.78,20.92,20.71,20.76,1569518,2336.6
2023-03-10,WBC.AX,18.74,19.07,18.38,18.71,4972692,1338.8
2023-03-10,NAB.AX,32.69,33.65,32.26,32.97,6773437,2566.8
2023-03-10,MQG.AX,151.26,156.22,150.61,153.71,4408597,30050.2
2023-03-13,CBA.AX,71.88,71.91,69.69,70.9,2611960,7122.7
2023-03-13,ANZ.AX,20.28,20.51,20.23,20.38,4457133,1504.6
2023-03-13,WBC.AX,18.85,19.18,18.65,18.95,871286,2460.5
2023-03-13,NAB.AX,33.04,33.4,32.88,32.94,6428810,5087.4
2023-03-13,MQG.AX,152.28,155.55,149.34,152.96,2241535,9305.8
2023-03-14,CBA.AX,72.14,72.4,69.49,70.9,5159413,7372.6
2023-03-14,ANZ.AX,20.14,20.86,20.03,20.47,6008522,3034.2
2023-03-14,WBC.AX,19.33,19.39,18.81,19.15,1189539,1695.5
2023-03-14,NAB.AX,33.5,33.75,32.48,33.21,1184674,3042.2
2023-03-14,MQG.AX,152.85,153.8,149.31,152.6,5512213,16372.9
2023-03-15,CBA.AX,70.42,71.04,70.25,70.44,5492557,11929.3
2023-03-15,ANZ.AX,20.47,21.28,20.36,20.83,7641165,2173.9
2023-03-15,WBC.AX,19.12,19.32,18.96,19.17,5719570,2201.1
2023-03-15,NAB.AX,32.72,34.03,32.69,33.5,883427,5425.2
2023-03-15,MQG.AX,152.79,154.23,151.38,153.0,6698283,23977.5
2023-03-16,CBA.AX,70.53,70.99,69.37,69.75,5758809,4207.5
2023-03-16,ANZ.AX,20.55,20.97,20.26,20.54,6460564,4095.6
2023-03-16,WBC.AX,19.0,19.51,18.7,19.12,5455682,1396.1
2023-03-16,NAB.AX,33.43,33.66,33.18,33.28,4619177,6171.9
2023-03-16,MQG.AX,154.01,154.48,148.56,152.2,2298402,10293.1
2023-03-17,CBA.AX,68.84,71.13,68.74,70.05,7880545,8115.0
2023-03-17,ANZ.AX,20.35,20.85,20.28,20.69,3118896,3305.8
2023-03-17,WBC.AX,19.56,19.72,19.35,19.46,3097565,2315.2
2023-03-17,NAB.AX,32.29,33.31,32.28,32.71,650984,2720.7
2023-03-17,MQG.AX,147.1,153.16,147.02,149.49,6138907,29157.6
2023-03-20,CBA.AX,70.81,71.87,70.6,71.15,5110582,12655.8
2023-03-20,ANZ.AX,21.04,21.58,20.96,21.16,5374020,3689.2
2023-03-20,WBC.AX,19.88,20.0,19.79,19.88,5006234,1486.1
2023-03-20,NAB.AX,32.55,32.8,31.94,32.42,2307692,4532.5
2023-03-20,MQG.AX,146.68,149.87,145.32,149.01,7036802,15500.5
2023-03-21,CBA.AX,69.17,70.77,69.11,69.75,3874706,7681.8
2023-03-21,ANZ.AX,20.68,21.42,20.4,20.91,3455428,4146.0
2023-03-21,WBC.AX,20.34,20.34,19.64,20.01,4870893,3435.8
2023-03-21,NAB.AX,32.65,32.82,32.44,32.57,1443425,6350.8
2023-03-21,MQG.AX,144.66,149.2,143.83,146.25,2692683,11290.1
2023-03-22,CBA.AX,66.99,67.89,66.71,67.77,5175225,10323.5
2023-03-22,ANZ.AX,20.67,20.69,20.36,20.52,7120999,2184.1
2023-03-22,WBC.AX,19.87,20.39,19.82,20.07,3945786,3191.0
2023-03-22,NAB.AX,32.23,32.38,31.62,31.79,6453815,3364.7
2023-03-22,MQG.AX,145.3,147.71,141.31,144.34,4691289,19640.5
2023-03-23,CBA.AX,68.99,69.2,66.86,67.89,3804080,6820.8
2023-03-23,ANZ.AX,20.61,20.9,20.36,20.63,4859280,2555.1
2023-03-23,WBC.AX,19.56,19.95,19.53,19.76,7491478,3286.8
2023-03-23,NAB.AX,31.65,31.93,31.23,31.83,5405861,3243.7
2023-03-23,MQG.AX,144.56,145.45,143.5,145.22,2997960,11163.6
2023-03-24,CBA.AX,65.24,66.52,64.93,65.22,5598643,9198.6
2023-03-24,ANZ.AX,20.2,20.73,20.18,20.51,1288335,1256.2
2023-03-24,WBC.AX,19.24,19.63,19.07,19.51,501867,1876.3
2023-03-24,NAB.AX,31.7,32.71,31.51,31.93,1125670,2849.2
2023-03-24,MQG.AX,142.68,148.48,142.67,146.28,6591154,18824.2
2023-03-27,CBA.AX,64.6,64.78,63.78,64.12,7424951,7632.9
2023-03-27,ANZ.AX,20.85,21.1,20.42,20.78,7217025,3092.1
2023-03-27,WBC.AX,19.55,19.9,19.16,19.42,724489,2082.1
2023-03-27,NAB.AX,31.9,32.36,31.5,31.86,2439164,3443.0
2023-03-27,MQG.AX,147.85,149.0,143.23,146.48,6889396,11579.4
2023-03-28,CBA.AX,64.17,64.65,63.17,64.31,979281,6725.2
2023-03-28,ANZ.AX,20.62,21.12,20.44,20.88,3545669,2987.2
2023-03-28,WBC.AX,19.26,19.36,18.96,19.13,3553755,1995.0
2023-03-28,NAB.AX,31.64,31.79,31.51,31.64,1494427,2130.8
2023-03-28,MQG.AX,143.25,145.57,143.0,144.26,4413661,21839.4
2023-03-29,CBA.AX,64.41,65.9,64.4,64.7,5417725,7350.0
2023-03-29,ANZ.AX,21.37,21.52,21.05,21.32,7776981,3115.4
2023-03-29,WBC.AX,18.68,18.79,18.63,18.76,5574690,2272.6
2023-03-29,NAB.AX,32.16,32.18,31.03,31.44,4516879,5637.2
2023-03-29,MQG.AX,145.55,146.78,142.71,145.61,2131981,28966.0
2023-03-30,CBA.AX,63.12,64.06,62.2,63.37,1911099,6806.1
2023-03-30,ANZ.AX,21.63,21.75,21.15,21.47,7835877,2202.8
2023-03-30,WBC.AX,18.93,19.14,18.86,18.94,3308327,2419.3
2023-03-30,NAB.AX,31.48,31.73,31.06,31.23,4212954,5049.5
2023-03-30,MQG.AX,145.13,145.52,143.48,144.17,2501634,13157.2
2023-03-31,CBA.AX,62.63,63.37,61.31,62.83,2623892,3363.1
2023-03-31,ANZ.AX,21.32,21.75,21.23,21.54,5931233,1095.0
2023-03-31,WBC.AX,18.87,19.25,18.69,18.89,2404135,2762.7
2023-03-31,NAB.AX,30.63,30.89,30.55,30.67,7250560,5281.7
2023-03-31,MQG.AX,143.55,143.79,143.28,143.53,3642351,12119.1
2023-04-03,CBA.AX,64.17,64.72,63.84,64.32,3879884,8815.2
2023-04-03,ANZ.AX,21.57,21.83,21.45,21.68,6710362,2790.9
2023-04-03,WBC.AX,19.37,19.52,18.83,19.18,4482228,1596.0
2023-04-03,NAB.AX,30.21,31.6,30.21,30.92,7881230,3337.8
2023-04-03,MQG.AX,147.95,148.66,147.7,147.89,745904,14365.1
2023-04-04,CBA.AX,64.77,65.82,64.46,65.53,4970817,7719.0
2023-04-04,ANZ.AX,22.05,22.13,21.36,21.8,3809877,2618.0
2023-04-04,WBC.AX,19.48,19.54,18.95,19.07,7745819,2188.9
2023-04-04,NAB.AX,30.65,30.75,30.08,30.69,1644965,5693.4
2023-04-04,MQG.AX,147.86,151.27,146.13,148.91,1730076,24925.1
2023-04-05,CBA.AX,66.84,68.03,66.37,66.83,7342725,4041.4
2023-04-05,ANZ.AX,21.84,22.19,21.52,21.84,4973811,1452.9
2023-04-05,WBC.AX,19.0,19.46,18.71,19.04,4843187,1701.3
2023-04-05,NAB.AX,30.6,31.5,30.38,31.0,2480206,5563.1
2023-04-05,MQG.AX,145.06,147.75,144.15,147.53,7961217,14489.6
2023-04-06,CBA.AX,67.67,68.54,66.41,67.33,7672368,6814.4
2023-04-06,ANZ.AX,21.97,22.16,21.58,21.65,6946930,3165.2
2023-04-06,WBC.AX,18.93,19.43,18.6,19.06,4927988,2297.8
2023-04-06,NAB.AX,31.04,31.44,30.66,31.09,5839423,5500.5
2023-04-06,MQG.AX,144.27,147.27,143.6,146.7,7907528,23151.7
2023-04-07,CBA.AX,66.92,67.7,65.89,66.17,1568507,5170.6
2023-04-07,ANZ.AX,21.32,21.76,21.14,21.41,6138585,1399.5
2023-04-07,WBC.AX,19.41,19.47,18.73,19.11,4679451,2134.3
2023-04-07,NAB.AX,31.73,31.75,30.64,31.04,4604368,4246.8
2023-04-07,MQG.AX,148.47,149.52,145.24,146.7,7588560,21444.2
2023-04-10,CBA.AX,64.8,67.06,64.72,66.31,4317392,8564.4
2023-04-10,ANZ.AX,21.44,21.86,21.26,21.45,4953579,3423.7
2023-04-10,WBC.AX,18.92,18.98,18.6,18.96,3446659,2263.2
2023-04-10,NAB.AX,31.21,31.37,30.89,31.02,6288977,4707.6
2023-04-10,MQG.AX,149.38,151.51,147.13,149.14,5653450,7678.3
2023-04-11,CBA.AX,65.21,65.36,64.19,65.11,4745055,5646.9
2023-04-11,ANZ.AX,21.8,21.85,20.91,21.32,4090514,2640.8
2023-04-11,WBC.AX,18.83,19.02,18.64,18.77,2739590,3608.1
2023-04-11,NAB.AX,32.18,32.25,31.51,31.8,6727990,4393.0
2023-04-11,MQG.AX,149.22,149.23,148.84,149.0,782480,17757.1
2023-04-12,CBA.AX,65.68,67.15,65.41,65.75,5695180,9451.5
2023-04-12,ANZ.AX,21.02,21.19,20.99,21.14,7491108,3949.2
2023-04-12,WBC.AX,18.97,19.34,18.72,18.89,2142771,1564.9
2023-04-12,NAB.AX,31.84,32.62,31.68,31.85,2562655,3303.9
2023-04-12,MQG.AX,150.51,154.28,150.4,150.63,5510030,22052.2
2023-04-13,CBA.AX,65.58,65.84,64.51,65.59,7559749,3871.0
2023-04-13,ANZ.AX,20.89,21.75,20.74,21.26,5767672,3005.9
2023-04-13,WBC.AX,19.21,19.24,18.9,19.12,536735,1019.1
2023-04-13,NAB.AX,31.33,32.72,31.27,31.96,6312196,5693.6
2023-04-13,MQG.AX,154.07,154.7,147.84,151.16,3024605,19537.7
2023-04-14,CBA.AX,66.31,67.42,66.24,66.45,3407408,6286.1
2023-04-14,ANZ.AX,21.67,21.71,21.23,21.54,3510802,2509.8
2023-04-14,WBC.AX,19.39,19.69,19.05,19.26,6778614,1397.4
2023-04-14,NAB.AX,31.78,32.16,30.96,31.5,2485601,4061.6
2023-04-14,MQG.AX,155.53,156.12,151.94,153.99,2075329,25362.7
2023-04-17,CBA.AX,67.12,68.9,66.44,67.42,1603136,9306.1
2023-04-17,ANZ.AX,21.64,21.82,21.53,21.62,4417798,3304.3
2023-04-17,WBC.AX,19.39,19.56,19.06,19.18,1164929,1927.2
2023-04-17,NAB.AX,31.31,31.51,31.04,31.44,6606326,4999.2
2023-04-17,MQG.AX,153.58,157.67,151.8,154.44,6722176,19346.9
2023-04-18,CBA.AX,66.88,67.11,66.15,66.5,4799151,8855.2
2023-04-18,ANZ.AX,21.96,22.2,21.38,21.87,3229151,3511.5
2023-04-18,WBC.AX,18.89,19.2,18.77,19.06,2490843,3576.0
2023-04-18,NAB.AX,31.4,31.48,31.35,31.43,3529225,3205.9
2023-04-18,MQG.AX,154.87,155.71,149.67,152.72,4763958,19336.9
2023-04-19,CBA.AX,68.28,68.95,66.63,67.49,6070431,4918.8
2023-04-19,ANZ.AX,21.77,21.9,21.54,21.65,4636927,1964.2
2023-04-19,WBC.AX,18.93,19.42,18.74,19.14,6439464,1294.3
2023-04-19,NAB.AX,32.03,32.2,31.29,31.52,2583054,3857.4
2023-04-19,MQG.AX,153.72,156.57,150.95,154.67,6461740,14346.2
2023-04-20,CBA.AX,67.07,68.76,66.31,67.11,6271269,10776.6
2023-04-20,ANZ.AX,21.94,22.13,21.46,21.87,7987767,1439.7
2023-04-20,WBC.AX,19.14,19.28,18.88,19.0,4598497,1284.6
2023-04-20,NAB.AX,31.5,31.91,31.28,31.63,750586,5994.5
2023-04-20,MQG.AX,153.91,156.14,153.86,155.0,3026026,10631.3
2023-04-21,CBA.AX,65.96,66.58,65.85,66.27,1737531,10068.5
2023-04-21,ANZ.AX,21.5,21.78,21.33,21.73,1449386,3346.7
2023-04-21,WBC.AX,19.15,19.2,18.66,19.09,5843287,3300.1
2023-04-21,NAB.AX,32.09,32.23,31.55,31.92,3462790,3298.8
2023-04-21,MQG.AX,156.52,159.27,154.95,155.52,4150231,26471.5
2023-04-24,CBA.AX,67.19,68.05,66.96,67.08,3629049,11346.6
2023-04-24,ANZ.AX,22.14,22.16,21.37,21.66,6911327,2430.1
2023-04-24,WBC.AX,18.5,19.17,18.49,18.8,7240522,3037.6
2023-04-24,NAB.AX,31.87,31.99,31.48,31.89,926268,2999.4
2023-04-24,MQG.AX,157.63,159.8,154.88,156.23,6925327,11530.0
2023-04-25,CBA.AX,67.57,68.33,66.5,67.25,2371226,7306.4
2023-04-25,ANZ.AX,21.58,22.11,21.41,21.6,1075182,3245.1
2023-04-25,WBC.AX,19.04,19.06,18.62,18.85,7910102,2406.2
2023-04-25,NAB.AX,31.5,32.08,31.48,31.53,3618930,5313.1
2023-04-25,MQG.AX,154.85,158.38,154.49,156.16,3598953,27512.7
2023-04-26,CBA.AX,67.37,68.0,65.84,67.47,6254353,10233.8
2023-04-26,ANZ.AX,21.64,21.89,21.31,21.74,2538379,2716.8
2023-04-26,WBC.AX,19.48,19.66,19.26,19.33,5837516,2264.2
2023-04-26,NAB.AX,31.89,31.91,31.46,31.75,5194245,4122.6
2023-04-26,MQG.AX,154.91,160.28,154.32,156.54,6841125,17506.2
2023-04-27,CBA.AX,68.47,68.94,67.09,68.13,2789830,12406.6
2023-04-27,ANZ.AX,21.98,22.19,21.49,21.88,2056876,2058.7
2023-04-27,WBC.AX,18.87,19.33,18.68,18.97,2832822,1372.2
2023-04-27,NAB.AX,32.11,32.56,31.28,31.88,2128433,5259.4
2023-04-27,MQG.AX,156.45,158.07,154.03,155.07,4141443,17208.1
2023-04-28,CBA.AX,66.73,67.38,65.27,66.79,4479316,7784.0
2023-04-28,ANZ.AX,22.13,22.51,21.63,22.04,3109696,2385.3
2023-04-28,WBC.AX,19.17,19.32,18.52,18.88,2322229,3727.2
2023-04-28,NAB.AX,31.85,32.4,31.67,31.93,7297906,3162.8
2023-04-28,MQG.AX,154.2,158.35,152.59,155.75,1780070,22426.6
2023-05-01,CBA.AX,65.32,67.35,65.3,66.03,5160033,12599.3
2023-05-01,ANZ.AX,22.13,22.64,21.76,22.11,7276494,2828.0
2023-05-01,WBC.AX,19.15,19.16,18.3,18.71,2027244,3292.3
2023-05-01,NAB.AX,31.39,31.54,31.13,31.33,7890566,4600.5
2023-05-01,MQG.AX,152.84,155.36,152.44,154.22,940003,12951.9
2023-05-02,CBA.AX,67.18,67.22,65.04,66.27,6166420,10394.1
2023-05-02,ANZ.AX,22.5,22.54,22.07,22.41,6429438,4089.5
2023-05-02,WBC.AX,18.25,18.75,18.07,18.51,3265744,1835.8
2023-05-02,NAB.AX,31.55,31.61,31.11,31.29,6168849,5204.6
2023-05-02,MQG.AX,153.21,155.42,151.9,152.82,7220465,18194.2
2023-05-03,CBA.AX,64.78,65.95,64.71,65.28,3457502,6567.1
2023-05-03,ANZ.AX,22.59,22.73,22.33,22.49,2690586,3280.7
2023-05-03,WBC.AX,18.82,18.84,18.07,18.41,2380653,1377.8
2023-05-03,NAB.AX,31.34,31.9,31.21,31.67,2608144,5382.2
2023-05-03,MQG.AX,150.31,154.06,149.64,153.25,6246176,19388.5
2023-05-04,CBA.AX,63.49,64.69,63.43,64.47,3232984,4024.4
2023-05-04,ANZ.AX,22.65,22.92,22.34,22.59,6125986,4328.4
2023-05-04,WBC.AX,18.33,18.8,18.19,18.61,7874627,3309.5
2023-05-04,NAB.AX,31.75,31.99,31.34,31.72,2073174,5927.4
2023-05-04,MQG.AX,156.45,156.7,154.27,154.69,3945676,24214.0
2023-05-05,CBA.AX,63.57,63.79,63.12,63.41,6303567,9987.1
2023-05-05,ANZ.AX,22.37,22.75,22.11,22.62,6740997,3846.8
2023-05-05,WBC.AX,18.65,18.78,18.06,18.49,862536,1030.3
2023-05-05,NAB.AX,32.36,32.46,31.49,32.02,5988782,5340.2
2023-05-05,MQG.AX,159.1,160.35,155.0,156.74,3535413,22370.0
2023-05-08,CBA.AX,64.81,65.67,64.34,64.87,5704599,7420.0
2023-05-08,ANZ.AX,22.7,23.23,22.56,22.69,4726182,3930.9
2023-05-08,WBC.AX,18.95,19.02,18.75,19.0,6724448,3000.7
2023-05-08,NAB.AX,31.56,32.4,31.49,32.27,5494061,5249.5
2023-05-08,MQG.AX,160.13,161.48,159.0,160.9,3345015,27439.3
2023-05-09,CBA.AX,63.04,63.94,62.68,63.57,4249802,5459.5
2023-05-09,ANZ.AX,22.67,22.89,22.49,22.73,2588014,3863.6
2023-05-09,WBC.AX,18.79,19.04,18.66,18.94,7679757,1069.8
2023-05-09,NAB.AX,32.55,33.07,32.28,32.34,685980,3647.2
2023-05-09,MQG.AX,161.54,163.56,160.53,162.83,1756539,18423.9
2023-05-10,CBA.AX,65.96,66.19,64.08,65.07,6769559,3814.2
2023-05-10,ANZ.AX,22.14,22.79,22.13,22.52,7959648,4369.4
2023-05-10,WBC.AX,19.52,19.74,19.25,19.3,849547,2199.0
2023-05-10,NAB.AX,31.51,31.94,31.47,31.91,1095574,6245.4
2023-05-10,MQG.AX,166.59,168.42,162.56,164.89,2199611,28283.4
2023-05-11,CBA.AX,66.59,67.13,64.48,65.54,5317993,11175.8
2023-05-11,ANZ.AX,22.5,22.59,22.46,22.56,2864548,3612.1
2023-05-11,WBC.AX,19.06,19.11,18.75,18.78,4011500,1871.0
2023-05-11,NAB.AX,32.57,32.73,31.59,32.25,6424569,4166.8
2023-05-11,MQG.AX,159.36,161.33,158.07,161.05,2723540,18011.8
2023-05-12,CBA.AX,64.02,66.35,63.73,64.84,705938,4629.7
2023-05-12,ANZ.AX,22.43,22.56,21.99,22.52,1043525,2217.1
2023-05-12,WBC.AX,18.75,19.06,18.27,18.69,2096866,1731.9
2023-05-12,NAB.AX,32.63,33.32,32.43,32.68,3995093,2629.5
2023-05-12,MQG.AX,160.24,164.08,158.58,161.18,4404580,24996.4
2023-05-15,CBA.AX,65.27,65.67,64.79,65.52,2863979,4450.6
2023-05-15,ANZ.AX,22.61,22.82,22.23,22.55,1730796,1451.9
2023-05-15,WBC.AX,18.66,18.74,18.43,18.52,4198001,1096.8
2023-05-15,NAB.AX,33.0,33.41,32.5,32.83,6203930,5751.9
2023-05-15,MQG.AX,160.23,160.6,156.4,159.58,7376615,21512.9
2023-05-16,CBA.AX,64.72,66.05,63.9,64.68,1409666,7638.8
2023-05-16,ANZ.AX,22.49,22.95,22.24,22.6,1291832,2803.2
2023-05-16,WBC.AX,18.67,18.84,18.12,18.48,1080402,3643.4
2023-05-16,NAB.AX,32.27,32.36,31.56,31.8,5446442,1990.5
2023-05-16,MQG.AX,156.14,158.08,155.99,157.21,5439699,12857.0
2023-05-17,CBA.AX,65.74,67.07,64.41,65.6,4854796,9205.2
2023-05-17,ANZ.AX,22.71,22.83,22.4,22.78,5780464,2150.5
2023-05-17,WBC.AX,17.97,18.61,17.86,18.16,6707996,1817.9
2023-05-17,NAB.AX,32.3,32.4,31.72,32.01,3706105,5753.8
2023-05-17,MQG.AX,158.24,160.86,157.66,160.67,603599,19336.0
2023-05-18,CBA.AX,66.03,66.41,65.95,66.11,1428278,9066.7
2023-05-18,ANZ.AX,22.9,23.09,22.28,22.62,7464178,3274.0
2023-05-18,WBC.AX,17.85,18.32,17.49,17.89,7720418,3216.0
2023-05-18,NAB.AX,32.49,33.04,31.64,32.43,7109782,2693.1
2023-05-18,MQG.AX,160.99,162.45,159.05,162.02,7333206,21607.3
2023-05-19,CBA.AX,65.96,66.3,63.66,65.21,1640297,8147.3
2023-05-19,ANZ.AX,22.5,22.52,22.42,22.48,6095020,3451.7
2023-05-19,WBC.AX,18.13,18.18,17.87,17.96,7084174,1032.0
2023-05-19,NAB.AX,31.91,32.48,31.83,32.34,1343530,2127.2
2023-05-19,MQG.AX,165.37,166.06,163.01,164.57,5532309,30661.7
2023-05-22,CBA.AX,64.52,65.98,63.84,65.15,5488085,6795.3
2023-05-22,ANZ.AX,22.35,22.94,22.28,22.54,5473121,3890.7
2023-05-22,WBC.AX,18.44,18.45,17.99,18.08,3590320,1992.2
2023-05-22,NAB.AX,32.92,33.33,32.39,32.63,6695216,4876.0
2023-05-22,MQG.AX,165.54,168.77,163.78,165.5,908591,20587.9
2023-05-23,CBA.AX,63.35,64.17,63.06,63.94,7298745,10126.3
2023-05-23,ANZ.AX,21.88,22.5,21.79,22.28,1447960,2751.8
2023-05-23,WBC.AX,18.41,18.44,17.97,18.2,2866870,2272.6
2023-05-23,NAB.AX,32.83,33.13,32.24,32.33,3294181,4791.0
2023-05-23,MQG.AX,163.56,165.67,162.31,164.3,5570162,22476.8
2023-05-24,CBA.AX,63.99,64.15,63.14,63.55,5630758,5085.4
2023-05-24,ANZ.AX,22.43,22.71,22.23,22.31,5348027,1527.4
2023-05-24,WBC.AX,18.26,18.28,17.81,18.01,5325093,1411.5
2023-05-24,NAB.AX,32.49,32.96,32.36,32.64,1140065,2833.1
2023-05-24,MQG.AX,161.37,162.25,160.37,161.93,4825162,27475.7
2023-05-25,CBA.AX,62.83,64.38,62.36,63.22,3263409,11156.1
2023-05-25,ANZ.AX,22.33,22.54,22.25,22.49,5104176,4349.9
2023-05-25,WBC.AX,18.11,18.44,18.07,18.31,5185293,1348.5
2023-05-25,NAB.AX,31.97,32.33,31.92,32.15,2435740,4359.1
2023-05-25,MQG.AX,159.36,161.18,156.86,160.38,1193771,18616.0
2023-05-26,CBA.AX,61.62,63.86,60.89,62.44,5961173,5715.5
2023-05-26,ANZ.AX,22.64,22.97,22.45,22.56,6858861,3307.9
2023-05-26,WBC.AX,18.61,18.72,18.32,18.49,7051290,3268.2
2023-05-26,NAB.AX,31.75,32.36,31.7,32.27,1553098,4853.3
2023-05-26,MQG.AX,161.7,162.0,157.97,161.04,1141656,9711.8
2023-05-29,CBA.AX,63.82,64.05,62.43,63.48,1680466,11743.1
2023-05-29,ANZ.AX,22.5,22.65,21.94,22.48,3692159,3118.6
2023-05-29,WBC.AX,18.48,18.91,18.25,18.51,4003966,1443.2
2023-05-29,NAB.AX,31.95,32.55,31.58,32.07,7435563,5408.6
2023-05-29,MQG.AX,161.89,164.12,159.31,160.21,3222213,8408.8
2023-05-30,CBA.AX,64.0,64.16,62.23,62.93,2731558,10715.7
2023-05-30,ANZ.AX,22.22,22.44,22.22,22.39,1723955,4001.5
2023-05-30,WBC.AX,18.32,18.69,18.18,18.56,5403445,1346.3
2023-05-30,NAB.AX,32.06,32.29,30.77,31.56,7208338,1914.1
2023-05-30,MQG.AX,158.44,159.3,157.01,157.57,1453149,12939.5
2023-05-31,CBA.AX,62.7,62.92,62.33,62.62,2558731,6603.7
2023-05-31,ANZ.AX,22.88,22.93,22.49,22.62,1150653,1472.8
2023-05-31,WBC.AX,18.62,18.68,18.28,18.52,3012959,2198.5
2023-05-31,NAB.AX,31.22,31.81,30.98,31.13,7871820,4765.0
2023-05-31,MQG.AX,160.6,160.86,156.4,159.23,3212325,14740.7
2023-06-01,CBA.AX,61.69,63.01,61.3,62.68,6447932,5490.7
2023-06-01,ANZ.AX,22.51,22.85,22.44,22.62,6066775,1979.1
2023-06-01,WBC.AX,18.46,18.86,18.33,18.46,2975510,1557.3
2023-06-01,NAB.AX,31.84,31.87,31.45,31.55,7222951,4531.6
2023-06-01,MQG.AX,156.9,158.82,153.14,156.88,3999061,9037.6
2023-06-02,CBA.AX,64.72,65.41,63.95,64.13,1145853,3701.6
2023-06-02,ANZ.AX,21.83,22.29,21.76,22.21,2679012,3217.4
2023-06-02,WBC.AX,18.15,18.62,18.15,18.28,1929896,1367.7
2023-06-02,NAB.AX,30.8,31.59,30.77,31.26,5595012,3145.2
2023-06-02,MQG.AX,155.47,156.36,154.47,155.26,3316693,14046.7
2023-06-05,CBA.AX,64.93,65.28,63.48,64.54,1678418,8240.7
2023-06-05,ANZ.AX,23.07,23.13,22.34,22.58,3257664,4193.5
2023-06-05,WBC.AX,18.19,18.39,17.87,18.13,6095056,1921.4
2023-06-05,NAB.AX,29.95,30.91,29.89,30.53,3261473,2340.2
2023-06-05,MQG.AX,156.64,156.87,155.23,156.08,5894923,23854.7
2023-06-06,CBA.AX,63.62,64.62,62.22,63.56,5596954,5755.4
2023-06-06,ANZ.AX,22.61,22.71,22.16,22.68,3535141,3492.8
2023-06-06,WBC.AX,18.07,18.39,18.0,18.2,1514997,1686.7
2023-06-06,NAB.AX,30.13,30.72,30.01,30.69,6460964,1675.0
2023-06-06,MQG.AX,157.32,159.38,156.95,157.52,5694895,29192.5
2023-06-07,CBA.AX,63.17,63.56,62.75,62.84,4866874,6827.6
2023-06-07,ANZ.AX,21.99,22.56,21.94,22.34,5050505,1609.2
2023-06-07,WBC.AX,18.29,18.42,18.18,18.35,6103797,1817.4
2023-06-07,NAB.AX,31.09,31.79,30.59,31.3,2791018,4822.6
2023-06-07,MQG.AX,149.85,155.62,148.84,151.94,1453609,20354.2
2023-06-08,CBA.AX,60.56,61.77,60.27,61.67,4840117,5994.1
2023-06-08,ANZ.AX,22.58,22.66,22.33,22.42,7942468,4365.1
2023-06-08,WBC.AX,18.56,18.58,18.21,18.43,603765,2932.0
2023-06-08,NAB.AX,31.27,32.25,31.06,31.66,3797273,3846.4
2023-06-08,MQG.AX,154.0,154.75,151.33,154.29,584118,30742.1
2023-06-09,CBA.AX,61.04,62.48,60.77,61.0,5003812,6928.8
2023-06-09,ANZ.AX,23.15,23.46,22.87,23.0,748620,2222.7
2023-06-09,WBC.AX,18.86,18.87,18.74,18.76,6042160,2598.4
2023-06-09,NAB.AX,32.68,32.75,31.99,32.3,4078632,5046.9
2023-06-09,MQG.AX,158.87,159.4,154.35,155.62,4687649,19144.3
2023-06-12,CBA.AX,60.33,60.93,59.21,60.67,1997183,10254.7
2023-06-12,ANZ.AX,22.61,23.21,22.59,23.05,7138556,2433.1
2023-06-12,WBC.AX,18.71,18.75,18.54,18.7,6827757,2613.4
2023-06-12,NAB.AX,33.04,33.11,32.77,32.96,1654013,3352.0
2023-06-12,MQG.AX,152.36,152.75,149.39,151.93,4164714,24573.3
2023-06-13,CBA.AX,60.39,61.25,59.57,60.22,7580012,6935.0
2023-06-13,ANZ.AX,23.01,23.18,22.6,22.76,5373194,3018.8
2023-06-13,WBC.AX,18.61,18.96,18.54,18.65,4789005,2545.4
2023-06-13,NAB.AX,33.42,33.45,32.39,32.7,5755952,2451.3
2023-06-13,MQG.AX,154.18,154.81,149.34,153.09,6687384,28749.1
2023-06-14,CBA.AX,59.1,59.88,58.87,59.43,4330307,9864.8
2023-06-14,ANZ.AX,22.59,23.15,22.55,22.8,1176487,3621.1
2023-06-14,WBC.AX,19.08,19.25,18.72,18.92,5959311,1488.5
2023-06-14,NAB.AX,33.09,33.3,32.15,32.7,7669523,6523.6
2023-06-14,MQG.AX,153.88,156.14,153.87,155.97,5185790,20703.0
2023-06-15,CBA.AX,59.55,59.98,58.86,59.52,3851238,4742.1
2023-06-15,ANZ.AX,22.45,22.78,22.21,22.57,3977945,1552.5
2023-06-15,WBC.AX,19.05,19.2,18.85,19.18,1112027,2716.5
2023-06-15,NAB.AX,33.31,33.59,32.52,32.91,2831227,5339.2
2023-06-15,MQG.AX,157.41,158.32,153.37,156.91,7416136,12292.2
2023-06-16,CBA.AX,59.16,60.22,59.08,60.11,2967469,3873.5
2023-06-16,ANZ.AX,22.36,22.44,22.17,22.23,1334685,1197.9
2023-06-16,WBC.AX,19.07,19.56,19.01,19.35,2432672,3804.2
2023-06-16,NAB.AX,33.06,33.41,32.52,33.06,7659694,3315.1
2023-06-16,MQG.AX,152.34,155.31,151.41,155.04,7906325,29184.2
2023-06-19,CBA.AX,60.44,60.7,60.19,60.44,4713834,10155.5
2023-06-19,ANZ.AX,22.35,22.65,22.34,22.38,6450627,1786.1
2023-06-19,WBC.AX,19.61,19.81,19.59,19.69,4828139,1221.3
2023-06-19,NAB.AX,32.85,32.98,32.7,32.9,5718449,4871.7
2023-06-19,MQG.AX,153.92,157.46,151.11,153.82,6220950,27340.2
2023-06-20,CBA.AX,60.41,60.74,58.92,60.22,1092286,11169.2
2023-06-20,ANZ.AX,22.38,22.49,21.74,22.16,7975489,3822.9
2023-06-20,WBC.AX,19.75,19.81,19.41,19.76,2226748,1695.2
2023-06-20,NAB.AX,33.51,34.58,33.3,33.74,2519455,1959.5
2023-06-20,MQG.AX,154.67,155.27,152.51,153.52,5377684,28139.1
2023-06-21,CBA.AX,60.03,60.54,59.98,60.14,7220671,3175.8
2023-06-21,ANZ.AX,22.47,22.51,21.72,22.11,6500063,1412.9
2023-06-21,WBC.AX,19.45,19.88,19.41,19.83,2620867,1062.1
2023-06-21,NAB.AX,33.43,33.87,32.96,33.77,4045501,2006.0
2023-06-21,MQG.AX,151.75,153.92,151.23,152.14,6871049,9072.8
2023-06-22,CBA.AX,60.19,60.4,58.86,59.53,7664175,3072.4
2023-06-22,ANZ.AX,21.8,21.93,21.55,21.76,2645913,1783.4
2023-06-22,WBC.AX,19.02,19.42,18.97,19.31,3950724,2011.8
2023-06-22,NAB.AX,33.79,34.55,33.74,34.27,5776486,3216.0
2023-06-22,MQG.AX,148.23,150.62,146.85,149.75,6751179,17712.8
2023-06-23,CBA.AX,59.49,60.19,59.37,59.46,6212304,4113.8
2023-06-23,ANZ.AX,21.88,21.98,21.8,21.84,7719447,4353.3
2023-06-23,WBC.AX,18.9,19.22,18.87,18.98,4885015,3228.7
2023-06-23,NAB.AX,34.89,34.93,34.17,34.4,5149936,4283.6
2023-06-23,MQG.AX,147.16,148.19,144.28,146.45,3612721,26319.3
2023-06-26,CBA.AX,58.97,59.37,58.21,59.0,1580391,9940.0
2023-06-26,ANZ.AX,21.76,22.28,21.32,21.75,5833989,3697.1
2023-06-26,WBC.AX,18.74,18.96,18.68,18.92,2806118,1971.2
2023-06-26,NAB.AX,34.16,34.73,33.57,34.09,7454455,2136.6
2023-06-26,MQG.AX,147.05,148.37,143.6,145.65,2853418,9761.5
2023-06-27,CBA.AX,58.45,58.74,57.9,57.99,7033547,5610.8
2023-06-27,ANZ.AX,21.69,21.98,21.2,21.61,1397106,2208.0
2023-06-27,WBC.AX,18.65,18.89,18.34,18.72,6936003,3700.4
2023-06-27,NAB.AX,33.94,34.68,33.46,34.12,1676159,1874.7
2023-06-27,MQG.AX,149.24,150.6,147.33,148.31,4258585,9220.8
2023-06-28,CBA.AX,57.95,58.06,56.14,57.23,2411795,7295.9
2023-06-28,ANZ.AX,21.94,21.96,21.9,21.93,5825822,1342.2
2023-06-28,WBC.AX,18.35,18.5,18.07,18.33,2059537,1068.2
2023-06-28,NAB.AX,34.79,35.0,34.16,34.43,6151989,3372.1
2023-06-28,MQG.AX,146.36,148.43,146.28,147.28,6865651,28109.8
2023-06-29,CBA.AX,56.88,56.92,55.53,56.31,7836066,7255.3
2023-06-29,ANZ.AX,22.33,22.42,21.65,21.89,5905153,3444.9
2023-06-29,WBC.AX,18.15,18.62,18.13,18.25,824632,2159.5
2023-06-29,NAB.AX,33.44,33.47,33.02,33.32,681731,5509.6
2023-06-29,MQG.AX,148.49,149.3,145.57,145.76,2975018,16089.0
2023-06-30,CBA.AX,55.79,56.75,54.87,55.77,6312051,2919.2
2023-06-30,ANZ.AX,22.48,22.49,21.95,22.0,5130107,2510.8
2023-06-30,WBC.AX,18.11,18.45,17.99,18.22,2793625,1318.0
2023-06-30,NAB.AX,32.79,32.96,32.62,32.69,6335989,2903.3
2023-06-30,MQG.AX,145.43,149.06,144.96,146.98,631463,28947.6
2023-07-03,CBA.AX,54.33,55.09,53.96,55.02,7014241,3138.9
2023-07-03,ANZ.AX,22.05,22.17,21.61,22.0,744513,2629.8
2023-07-03,WBC.AX,18.62,18.81,18.38,18.5,5646951,3352.7
2023-07-03,NAB.AX,33.59,33.81,32.62,33.25,6198519,1961.0
2023-07-03,MQG.AX,148.08,148.74,147.38,147.67,1348095,25165.9
2023-07-04,CBA.AX,56.46,56.78,55.53,56.13,5448351,7634.4
2023-07-04,ANZ.AX,21.78,22.07,21.66,21.96,4924121,1497.3
2023-07-04,WBC.AX,18.81,19.37,18.77,18.93,4792094,2156.1
2023-07-04,NAB.AX,33.75,33.78,33.37,33.55,6282600,3584.6
2023-07-04,MQG.AX,146.02,148.94,145.6,147.48,4389935,15497.3
2023-07-05,CBA.AX,56.43,57.36,56.13,57.22,6866359,6811.7
2023-07-05,ANZ.AX,22.17,22.33,22.09,22.2,3698853,3794.2
2023-07-05,WBC.AX,19.14,19.27,18.85,18.88,2261481,2020.0
2023-07-05,NAB.AX,33.72,33.86,33.44,33.57,2223899,2300.2
2023-07-05,MQG.AX,149.54,150.48,144.77,148.07,726651,21619.9
2023-07-06,CBA.AX,55.49,56.83,55.34,56.74,6682449,6258.5
2023-07-06,ANZ.AX,22.05,22.16,22.03,22.12,6161444,2132.2
2023-07-06,WBC.AX,18.89,18.93,18.76,18.84,4172019,2790.2
2023-07-06,NAB.AX,33.78,34.53,33.51,34.2,1641598,3330.9
2023-07-06,MQG.AX,145.85,148.74,143.85,147.09,6249714,14253.1
2023-07-07,CBA.AX,56.04,57.71,55.77,56.82,7144668,8822.2
2023-07-07,ANZ.AX,21.81,22.08,21.68,21.78,2258706,2521.9
2023-07-07,WBC.AX,18.86,19.17,18.51,18.91,6538427,2764.1
2023-07-07,NAB.AX,33.16,33.7,32.96,33.37,5634170,4574.3
2023-07-07,MQG.AX,147.29,148.26,147.14,148.0,3413677,19724.6
2023-07-10,CBA.AX,56.65,57.21,56.06,56.35,6318879,4560.9
2023-07-10,ANZ.AX,21.49,21.68,21.29,21.49,753837,2157.8
2023-07-10,WBC.AX,18.24,18.88,18.21,18.45,4669761,2904.2
2023-07-10,NAB.AX,32.99,33.57,32.52,32.84,2276863,3418.9
2023-07-10,MQG.AX,150.49,150.82,147.09,147.87,3504199,11404.5
2023-07-11,CBA.AX,56.45,56.84,55.07,56.13,2794055,7567.7
2023-07-11,ANZ.AX,20.99,21.37,20.98,21.21,4083093,1958.7
2023-07-11,WBC.AX,18.65,18.86,18.44,18.67,1638474,2026.2
2023-07-11,NAB.AX,33.14,33.45,32.26,32.98,4337573,3450.5
2023-07-11,MQG.AX,148.32,148.85,144.2,147.07,5218357,15110.8
2023-07-12,CBA.AX,57.03,57.41,55.45,56.47,673624,7760.2
2023-07-12,ANZ.AX,20.87,21.69,20.72,21.24,3523769,1869.0
2023-07-12,WBC.AX,18.93,19.17,18.57,18.71,865100,1195.3
2023-07-12,NAB.AX,33.14,33.32,32.36,32.51,1685607,5733.5
2023-07-12,MQG.AX,148.09,150.79,145.96,148.0,1702288,16216.5
2023-07-13,CBA.AX,57.07,58.41,55.84,57.13,2188558,3922.3
2023-07-13,ANZ.AX,21.12,21.76,21.02,21.53,992557,3172.7
2023-07-13,WBC.AX,18.67,19.08,18.54,18.75,5823590,2617.9
2023-07-13,NAB.AX,32.85,33.88,32.48,33.1,1796499,3938.5
2023-07-13,MQG.AX,149.3,150.49,144.91,147.08,4689065,20404.3
2023-07-14,CBA.AX,56.43,57.37,56.09,56.95,7197786,5464.0
2023-07-14,ANZ.AX,21.35,21.75,21.01,21.36,4753644,3874.2
2023-07-14,WBC.AX,18.33,18.39,18.16,18.3,4635680,2862.9
2023-07-14,NAB.AX,33.16,33.5,32.24,32.95,4938275,2777.3
2023-07-14,MQG.AX,150.46,153.06,149.45,149.85,698545,11120.4
2023-07-17,CBA.AX,57.07,57.8,56.4,56.57,1358675,6746.0
2023-07-17,ANZ.AX,20.9,21.75,20.87,21.26,6089448,1945.6
2023-07-17,WBC.AX,18.51,18.83,18.47,18.64,1870451,2476.6
2023-07-17,NAB.AX,32.47,33.33,32.35,33.11,633447,3394.8
2023-07-17,MQG.AX,153.59,155.56,150.59,152.46,817601,18527.6
2023-07-18,CBA.AX,56.15,57.09,55.67,56.16,3490598,4237.6
2023-07-18,ANZ.AX,21.75,21.94,21.08,21.55,4023206,2662.6
2023-07-18,WBC.AX,18.64,18.92,18.17,18.55,3170476,2873.1
2023-07-18,NAB.AX,33.54,33.94,33.21,33.25,6635502,5590.3
2023-07-18,MQG.AX,154.53,158.27,153.5,155.45,4008372,25720.8
2023-07-19,CBA.AX,54.71,57.26,54.68,55.92,3682264,2807.9
2023-07-19,ANZ.AX,21.23,21.75,21.05,21.5,7999699,3100.4
2023-07-19,WBC.AX,18.67,18.79,18.5,18.54,7104329,1991.2
2023-07-19,NAB.AX,34.62,35.29,34.43,34.6,4666775,2084.4
2023-07-19,MQG.AX,154.16,157.77,153.36,157.19,5200263,21247.2
2023-07-20,CBA.AX,55.04,55.79,54.83,55.48,6080652,9514.0
2023-07-20,ANZ.AX,21.69,21.92,21.48,21.58,7630241,3764.4
2023-07-20,WBC.AX,18.59,18.65,18.5,18.53,2117072,3397.7
2023-07-20,NAB.AX,34.77,34.86,33.99,34.57,6935682,2557.7
2023-07-20,MQG.AX,160.75,160.76,156.57,157.98,5588002,23039.0
2023-07-21,CBA.AX,54.96,55.85,54.94,55.6,5596042,3270.3
2023-07-21,ANZ.AX,21.43,21.64,21.02,21.54,4506307,1352.9
2023-07-21,WBC.AX,18.98,18.99,18.65,18.74,3412269,1442.9
2023-07-21,NAB.AX,35.09,35.69,34.81,35.15,3968913,5830.1
2023-07-21,MQG.AX,161.73,162.12,157.98,158.86,7996648,22808.4
2023-07-24,CBA.AX,55.94,56.96,55.81,55.94,3526428,6535.0
2023-07-24,ANZ.AX,21.44,21.54,21.31,21.42,5016669,1253.1
2023-07-24,WBC.AX,18.59,18.85,18.18,18.64,1062352,2231.7
2023-07-24,NAB.AX,35.72,36.87,35.4,36.2,701483,2065.6
2023-07-24,MQG.AX,159.3,161.33,157.32,159.21,3432226,20275.6
2023-07-25,CBA.AX,57.01,57.03,55.11,56.06,5429993,5651.8
2023-07-25,ANZ.AX,20.85,21.6,20.82,21.2,5689301,3695.7
2023-07-25,WBC.AX,18.27,18.39,18.02,18.2,1573205,2125.7
2023-07-25,NAB.AX,36.54,37.04,36.48,36.56,1547233,3407.6
2023-07-25,MQG.AX,160.92,162.2,158.54,159.01,2768197,26207.2
2023-07-26,CBA.AX,56.29,56.37,54.54,55.88,2674749,10393.7
2023-07-26,ANZ.AX,21.57,21.6,21.19,21.38,5573213,3858.5
2023-07-26,WBC.AX,18.39,18.8,18.34,18.4,7077604,3345.5
2023-07-26,NAB.AX,36.59,37.62,36.55,37.25,5163334,6860.0
2023-07-26,MQG.AX,158.58,160.26,157.36,157.98,4784423,25334.7
2023-07-27,CBA.AX,56.3,57.75,55.63,56.56,2771073,8093.1
2023-07-27,ANZ.AX,20.99,21.59,20.6,21.08,7303549,4017.6
2023-07-27,WBC.AX,18.37,18.49,18.24,18.28,5741321,1561.5
2023-07-27,NAB.AX,37.77,37.88,36.87,37.32,2317193,4410.4
2023-07-27,MQG.AX,163.22,163.92,159.43,162.67,4116833,26202.9
2023-07-28,CBA.AX,57.17,57.68,56.62,57.13,1734969,10794.4
2023-07-28,ANZ.AX,21.02,21.56,20.82,21.07,523009,1978.7
2023-07-28,WBC.AX,18.41,18.67,18.24,18.44,1072708,3139.8
2023-07-28,NAB.AX,37.43,38.3,36.77,37.55,6348891,6962.3
2023-07-28,MQG.AX,161.63,161.76,157.23,161.06,7021590,30773.9
2023-07-31,CBA.AX,57.06,58.52,56.67,57.46,3371332,9564.1
2023-07-31,ANZ.AX,21.76,21.81,21.38,21.73,2048463,4310.2
2023-07-31,WBC.AX,18.48,18.56,18.41,18.53,4744194,3323.9
2023-07-31,NAB.AX,37.7,38.18,37.42,37.83,1690020,5895.7
2023-07-31,MQG.AX,161.49,164.1,158.42,162.45,6573160,28934.2
2023-08-01,CBA.AX,58.67,59.83,57.55,58.54,5010491,4796.1
2023-08-01,ANZ.AX,22.1,22.2,21.15,21.68,2753748,1322.0
2023-08-01,WBC.AX,18.61,18.89,18.12,18.47,3338518,2736.1
2023-08-01,NAB.AX,38.26,38.66,38.12,38.22,7966072,5807.5
2023-08-01,MQG.AX,166.4,168.2,161.76,164.11,4200975,28301.6
2023-08-02,CBA.AX,58.7,59.47,57.93,59.35,3665250,3851.6
2023-08-02,ANZ.AX,21.82,21.9,21.31,21.73,763291,4322.7
2023-08-02,WBC.AX,18.53,18.6,18.47,18.55,3091007,3408.8
2023-08-02,NAB.AX,37.29,37.78,36.9,37.49,6039144,5969.6
2023-08-02,MQG.AX,166.29,167.18,165.54,166.06,2064127,30098.0
2023-08-03,CBA.AX,58.85,59.3,57.77,57.98,7210808,5517.2
2023-08-03,ANZ.AX,22.13,22.49,21.85,21.96,1522899,2822.5
2023-08-03,WBC.AX,18.52,18.71,18.34,18.56,1062612,1691.0
2023-08-03,NAB.AX,36.31,37.31,36.19,37.06,6657348,5212.6
2023-08-03,MQG.AX,163.89,168.35,162.73,166.19,2666265,25411.7
2023-08-04,CBA.AX,58.39,58.69,57.98,58.44,5409275,10237.2
2023-08-04,ANZ.AX,22.56,22.59,22.18,22.29,1529055,2164.5
2023-08-04,WBC.AX,18.8,18.9,18.16,18.57,1662763,2772.0
2023-08-04,NAB.AX,37.01,37.03,36.7,36.99,2669021,6970.7
2023-08-04,MQG.AX,166.98,168.2,161.05,164.89,6093136,14821.6
2023-08-07,CBA.AX,59.58,60.16,58.24,59.06,3776487,3015.6
2023-08-07,ANZ.AX,22.54,22.62,21.9,22.15,3871124,3385.5
2023-08-07,WBC.AX,18.95,19.18,18.53,18.83,4623421,3541.8
2023-08-07,NAB.AX,37.34,38.15,36.86,37.44,4474808,5913.1
2023-08-07,MQG.AX,160.98,162.19,159.86,160.55,3805521,9156.2
2023-08-08,CBA.AX,59.83,60.01,58.84,59.0,1671706,8137.1
2023-08-08,ANZ.AX,22.35,22.37,22.09,22.18,1092316,2742.6
2023-08-08,WBC.AX,18.92,19.37,18.85,19.1,5183457,2391.2
2023-08-08,NAB.AX,37.58,38.6,37.14,37.66,2814198,2683.7
2023-08-08,MQG.AX,158.91,164.19,158.69,161.32,7969310,22762.0
2023-08-09,CBA.AX,59.56,59.91,58.29,59.01,2447495,8662.9
2023-08-09,ANZ.AX,21.65,21.85,21.46,21.81,3060957,2447.8
2023-08-09,WBC.AX,18.88,19.7,18.85,19.24,1860859,3271.1
2023-08-09,NAB.AX,37.63,38.16,37.5,37.95,5253577,6569.7
2023-08-09,MQG.AX,162.97,163.17,161.22,162.08,1410115,30514.3
2023-08-10,CBA.AX,58.85,60.29,58.37,59.28,4960869,5839.5
2023-08-10,ANZ.AX,21.23,21.8,21.14,21.51,2928918,2222.5
2023-08-10,WBC.AX,19.02,19.19,18.75,19.14,2621911,1951.6
2023-08-10,NAB.AX,37.75,38.54,37.39,37.86,4300599,7331.5
2023-08-10,MQG.AX,162.03,165.15,161.73,163.02,2526149,16175.9
2023-08-11,CBA.AX,60.25,60.38,58.83,58.95,4124098,11554.6
2023-08-11,ANZ.AX,21.82,21.96,21.26,21.52,3481321,3369.8
2023-08-11,WBC.AX,19.7,20.19,19.53,19.82,4392106,2933.3
2023-08-11,NAB.AX,38.64,38.88,38.09,38.22,5533213,5435.2
2023-08-11,MQG.AX,163.56,164.64,158.59,162.21,6665360,18625.7
2023-08-14,CBA.AX,58.94,59.8,58.31,58.89,1910298,8173.1
2023-08-14,ANZ.AX,22.0,22.02,21.71,21.79,2882006,1538.6
2023-08-14,WBC.AX,19.61,19.67,19.56,19.6,4141554,2395.3
2023-08-14,NAB.AX,38.84,38.85,37.75,38.15,1258798,6557.9
2023-08-14,MQG.AX,168.04,168.9,164.29,165.05,5589515,27043.5
2023-08-15,CBA.AX,59.2,59.94,58.86,58.92,6542297,9496.8
2023-08-15,ANZ.AX,22.15,22.24,22.07,22.12,1346068,4142.3
2023-08-15,WBC.AX,19.24,19.34,19.18,19.26,1131087,2615.9
2023-08-15,NAB.AX,37.98,38.2,36.91,37.5,7340988,7422.5
2023-08-15,MQG.AX,160.91,163.1,160.52,161.89,1287274,17581.7
2023-08-16,CBA.AX,59.62,59.65,57.86,58.48,3459560,3243.9
2023-08-16,ANZ.AX,21.82,22.31,21.75,22.2,1575643,2185.7
2023-08-16,WBC.AX,19.17,19.36,18.84,19.21,3133006,1863.5
2023-08-16,NAB.AX,37.96,38.13,37.07,37.33,1049837,5632.5
2023-08-16,MQG.AX,161.49,166.04,160.43,162.43,3406863,9321.9
2023-08-17,CBA.AX,58.69,58.78,56.89,58.33,5535252,4774.5
2023-08-17,ANZ.AX,22.79,22.93,22.53,22.63,7898507,3049.4
2023-08-17,WBC.AX,18.56,19.18,18.34,18.8,532795,1792.4
2023-08-17,NAB.AX,37.31,38.22,36.45,37.37,6114282,4992.2
2023-08-17,MQG.AX,161.51,162.71,158.86,161.63,1583964,26422.2
2023-08-18,CBA.AX,56.93,57.71,56.52,57.35,4198000,6289.9
2023-08-18,ANZ.AX,22.61,22.92,22.33,22.66,2389466,2280.3
2023-08-18,WBC.AX,18.6,18.76,18.56,18.61,3768485,2064.6
2023-08-18,NAB.AX,38.25,38.46,38.18,38.32,2321634,6506.6
2023-08-18,MQG.AX,158.95,160.62,154.89,158.16,7481576,11201.7
2023-08-21,CBA.AX,56.32,56.85,55.36,56.7,2242264,10359.4
2023-08-21,ANZ.AX,22.32,22.91,22.21,22.75,5690284,4054.1
2023-08-21,WBC.AX,18.68,18.73,18.28,18.47,4729926,1424.8
2023-08-21,NAB.AX,38.32,38.41,37.89,38.2,1086118,6673.6
2023-08-21,MQG.AX,158.67,162.65,158.49,160.17,4274221,30086.9
2023-08-22,CBA.AX,56.21,57.98,55.64,56.58,6345329,9512.6
2023-08-22,ANZ.AX,22.46,22.82,22.43,22.63,2914437,3854.0
2023-08-22,WBC.AX,18.98,18.99,18.61,18.78,781827,3286.2
2023-08-22,NAB.AX,39.03,39.27,38.41,38.58,3227996,5389.9
2023-08-22,MQG.AX,161.46,166.53,159.76,163.1,2308504,17752.5
2023-08-23,CBA.AX,56.0,57.34,55.75,56.89,7027488,7652.5
2023-08-23,ANZ.AX,22.74,22.89,22.25,22.73,6435305,1161.9
2023-08-23,WBC.AX,18.35,18.53,18.31,18.49,7959073,3580.5
2023-08-23,NAB.AX,37.65,38.47,37.61,38.14,5761333,4809.1
2023-08-23,MQG.AX,165.4,168.13,162.13,164.48,6109078,20125.9
2023-08-24,CBA.AX,58.07,58.64,57.91,58.32,619661,3297.4
2023-08-24,ANZ.AX,22.65,22.99,22.4,22.94,5819520,4503.6
2023-08-24,WBC.AX,18.47,18.49,18.25,18.29,7921475,1821.8
2023-08-24,NAB.AX,38.4,39.17,38.3,38.76,1889979,5151.6
2023-08-24,MQG.AX,163.32,163.95,160.72,163.68,5849602,13501.9
2023-08-25,CBA.AX,58.51,59.37,57.98,59.05,5940072,9940.6
2023-08-25,ANZ.AX,23.3,23.46,22.54,22.96,1045745,2298.9
2023-08-25,WBC.AX,18.09,18.4,17.93,18.06,4405227,1749.9
2023-08-25,NAB.AX,39.4,39.87,38.91,39.12,1407859,6577.7
2023-08-25,MQG.AX,169.83,172.32,166.55,168.74,3743076,17523.0
2023-08-28,CBA.AX,59.08,60.2,58.3,59.32,850434,9956.6
2023-08-28,ANZ.AX,23.05,23.09,22.57,22.72,6416813,1882.1
2023-08-28,WBC.AX,17.93,18.32,17.78,18.06,2649891,2629.8
2023-08-28,NAB.AX,38.5,38.97,38.4,38.85,7943226,2687.7
2023-08-28,MQG.AX,170.9,171.68,169.56,170.07,7539544,26879.8
2023-08-29,CBA.AX,59.3,60.34,58.33,59.63,3966279,3384.7
2023-08-29,ANZ.AX,22.54,23.12,22.41,22.86,7598893,2761.0
2023-08-29,WBC.AX,18.05,18.37,17.75,18.11,2001039,2509.2
2023-08-29,NAB.AX,39.33,39.67,38.27,38.9,3112189,7152.7
2023-08-29,MQG.AX,169.36,173.27,168.58,170.36,5851607,17954.6
2023-08-30,CBA.AX,62.0,62.52,61.31,61.47,1616411,8209.2
2023-08-30,ANZ.AX,23.28,23.33,23.16,23.29,6100358,3231.4
2023-08-30,WBC.AX,18.35,18.39,17.72,17.97,6030029,3590.6
2023-08-30,NAB.AX,39.33,39.78,38.95,39.46,5731994,2115.3
2023-08-30,MQG.AX,171.06,173.27,169.39,172.45,3789441,18381.9
2023-08-31,CBA.AX,61.05,61.74,60.53,61.23,6240189,10588.9
2023-08-31,ANZ.AX,23.09,23.33,22.85,23.14,7871878,3525.2
2023-08-31,WBC.AX,17.75,17.89,17.59,17.72,3313457,2425.7
2023-08-31,NAB.AX,38.72,39.31,38.59,39.12,3690378,5274.7
2023-08-31,MQG.AX,178.1,178.73,171.49,174.98,1697502,17342.1
2023-09-01,CBA.AX,61.45,61.61,61.05,61.19,7898493,6849.0
2023-09-01,ANZ.AX,23.16,23.3,22.8,22.98,4472648,4461.4
2023-09-01,WBC.AX,17.73,17.79,17.59,17.7,2624962,2579.0
2023-09-01,NAB.AX,39.07,39.6,38.69,38.75,1383783,2204.7
2023-09-01,MQG.AX,178.3,181.99,177.95,179.23,904307,35316.9
2023-09-04,CBA.AX,62.47,63.63,61.3,62.27,5104485,6720.0
2023-09-04,ANZ.AX,23.26,23.27,22.65,22.96,1921118,2084.2
2023-09-04,WBC.AX,17.43,17.56,17.38,17.44,659436,2844.2
2023-09-04,NAB.AX,38.55,39.04,38.28,38.4,4863262,7432.8
2023-09-04,MQG.AX,177.39,178.56,172.73,175.76,2425587,26378.6
2023-09-05,CBA.AX,62.63,63.57,60.85,62.06,7788249,4047.8
2023-09-05,ANZ.AX,23.21,23.65,22.92,23.49,6717649,1846.1
2023-09-05,WBC.AX,17.41,17.52,17.01,17.17,2207006,2130.7
2023-09-05,NAB.AX,38.59,39.02,38.45,38.52,5616390,5109.9
2023-09-05,MQG.AX,181.81,183.36,175.61,179.41,1144067,19346.4
2023-09-06,CBA.AX,61.78,62.28,61.67,62.08,549525,8944.3
2023-09-06,ANZ.AX,23.08,23.61,22.95,23.5,7325715,4086.5
2023-09-06,WBC.AX,17.4,17.54,17.11,17.26,2941829,2851.4
2023-09-06,NAB.AX,37.63,38.47,37.36,38.28,5107561,5329.4
2023-09-06,MQG.AX,179.73,180.67,175.0,178.66,2034548,25613.4
2023-09-07,CBA.AX,61.63,62.27,59.44,60.82,4576509,8839.6
2023-09-07,ANZ.AX,23.21,23.37,22.87,23.13,565452,3582.2
2023-09-07,WBC.AX,17.06,17.43,17.03,17.15,4383200,1825.3
2023-09-07,NAB.AX,37.68,38.01,37.59,37.66,6856555,2866.9
2023-09-07,MQG.AX,179.05,179.36,177.94,178.16,4780815,33218.0
2023-09-08,CBA.AX,60.56,62.19,60.43,61.42,2888053,9693.1
2023-09-08,ANZ.AX,22.97,23.09,22.96,23.0,6502312,3530.3
2023-09-08,WBC.AX,17.12,17.63,17.04,17.42,2063431,3238.7
2023-09-08,NAB.AX,38.09,38.34,37.39,37.74,4859346,1941.7
2023-09-08,MQG.AX,177.99,181.45,177.11,177.57,5760491,27880.2
2023-09-11,CBA.AX,60.92,61.49,59.77,61.13,605854,3285.8
2023-09-11,ANZ.AX,22.91,23.37,22.78,22.87,2725486,3537.6
2023-09-11,WBC.AX,17.45,17.63,17.02,17.31,3724416,1281.4
2023-09-11,NAB.AX,37.8,37.84,37.51,37.67,1240360,3128.0
2023-09-11,MQG.AX,178.88,181.19,176.28,179.52,6750458,14768.4
2023-09-12,CBA.AX,60.86,62.99,60.8,61.61,6785583,10080.5
2023-09-12,ANZ.AX,22.66,22.69,22.28,22.61,7166137,3943.2
2023-09-12,WBC.AX,17.67,17.69,17.32,17.45,559217,1342.4
2023-09-12,NAB.AX,37.39,38.31,37.2,37.91,4211317,3225.4
2023-09-12,MQG.AX,179.01,180.56,176.54,180.31,3007072,11278.5
2023-09-13,CBA.AX,60.38,61.5,60.35,60.94,6151481,3156.0
2023-09-13,ANZ.AX,22.02,22.47,21.52,22.03,7037295,1346.9
2023-09-13,WBC.AX,17.36,17.57,17.12,17.42,4709408,1706.9
2023-09-13,NAB.AX,37.79,38.36,37.25,37.82,1022482,3211.0
2023-09-13,MQG.AX,179.6,180.79,176.31,178.67,5190343,26489.2
2023-09-14,CBA.AX,60.31,61.34,59.46,60.95,2786748,9080.4
2023-09-14,ANZ.AX,22.25,22.44,21.77,22.15,565250,1387.3
2023-09-14,WBC.AX,17.29,17.64,17.0,17.25,5490743,3403.2
2023-09-14,NAB.AX,37.53,38.39,37.42,37.85,6284824,4998.9
2023-09-14,MQG.AX,178.22,183.32,177.6,182.11,6803254,13411.9
2023-09-15,CBA.AX,60.71,61.9,59.97,61.21,760332,3730.7
2023-09-15,ANZ.AX,21.47,22.32,21.44,21.97,3040480,1235.1
2023-09-15,WBC.AX,17.18,17.43,17.08,17.22,4481389,2932.5
2023-09-15,NAB.AX,38.29,38.69,37.47,38.0,2777645,4982.4
2023-09-15,MQG.AX,187.37,188.83,185.53,186.11,2137813,26914.0
2023-09-18,CBA.AX,60.77,60.86,60.46,60.67,2635877,10582.0
2023-09-18,ANZ.AX,21.52,21.63,21.39,21.6,1173185,4125.7
2023-09-18,WBC.AX,17.21,17.56,17.16,17.32,1023791,3240.3
2023-09-18,NAB.AX,38.76,39.44,38.42,38.62,3913109,4826.6
2023-09-18,MQG.AX,188.16,191.63,185.69,188.3,1097492,25923.4
2023-09-19,CBA.AX,59.92,61.01,58.9,60.37,5266778,4406.5
2023-09-19,ANZ.AX,21.58,21.84,21.45,21.77,4553131,3929.5
2023-09-19,WBC.AX,16.69,17.03,16.6,16.96,535202,1488.0
2023-09-19,NAB.AX,39.03,39.75,38.71,38.79,4734582,7024.7
2023-09-19,MQG.AX,182.23,186.84,181.43,185.22,5678024,34749.3
2023-09-20,CBA.AX,60.47,61.75,60.18,60.76,2746242,7815.0
2023-09-20,ANZ.AX,21.15,21.55,21.06,21.34,4346844,4131.4
2023-09-20,WBC.AX,16.83,17.11,16.77,16.84,5773251,2672.7
2023-09-20,NAB.AX,38.97,39.11,37.68,38.49,751766,7087.6
2023-09-20,MQG.AX,180.69,183.6,178.74,180.76,4054152,14337.4
2023-09-21,CBA.AX,59.61,61.22,58.97,60.06,1635105,9105.1
2023-09-21,ANZ.AX,21.03,21.3,20.9,21.15,6865240,2304.0
2023-09-21,WBC.AX,16.77,16.9,16.4,16.79,3992244,2505.5
2023-09-21,NAB.AX,38.14,38.68,38.04,38.27,2588162,3827.9
2023-09-21,MQG.AX,179.12,183.51,179.11,182.3,3775156,26363.4
2023-09-22,CBA.AX,59.28,60.14,58.65,60.0,2562282,5431.5
2023-09-22,ANZ.AX,21.22,21.8,20.84,21.33,2146223,1883.7
2023-09-22,WBC.AX,17.13,17.15,16.57,16.85,3986325,1377.8
2023-09-22,NAB.AX,38.21,39.27,37.91,38.71,3557120,4602.8
2023-09-22,MQG.AX,184.5,187.63,182.72,186.18,6511291,12581.9
2023-09-25,CBA.AX,60.23,61.39,59.75,60.88,1735626,3811.6
2023-09-25,ANZ.AX,21.15,21.2,20.77,21.13,2722785,1985.3
2023-09-25,WBC.AX,16.55,16.77,16.53,16.64,5149080,2158.6
2023-09-25,NAB.AX,38.69,38.8,38.32,38.49,3675636,3296.5
2023-09-25,MQG.AX,188.64,188.75,183.64,187.83,3921465,17086.3
2023-09-26,CBA.AX,61.96,62.1,60.69,61.32,6041745,6629.3
2023-09-26,ANZ.AX,21.12,21.56,20.97,21.28,6610597,1716.1
2023-09-26,WBC.AX,16.92,16.98,16.83,16.88,7900030,2099.5
2023-09-26,NAB.AX,37.81,38.7,37.81,38.55,4398334,3755.3
2023-09-26,MQG.AX,185.41,185.62,181.92,184.91,1131615,31349.8
2023-09-27,CBA.AX,61.97,62.79,60.16,61.43,2468037,3520.4
2023-09-27,ANZ.AX,21.72,22.0,21.36,21.48,2681670,2118.8
2023-09-27,WBC.AX,16.7,17.22,16.52,16.91,3015408,3138.7
2023-09-27,NAB.AX,38.7,38.98,38.2,38.72,7428086,7619.0
2023-09-27,MQG.AX,188.83,190.2,186.44,186.68,2753608,27028.6
2023-09-28,CBA.AX,61.03,61.28,60.29,61.2,3765319,4108.6
2023-09-28,ANZ.AX,22.11,22.28,21.61,21.94,3096370,3095.1
2023-09-28,WBC.AX,17.25,17.35,16.61,16.97,1035709,2169.3
2023-09-28,NAB.AX,36.98,38.16,36.97,37.56,1150340,6664.1
2023-09-28,MQG.AX,185.99,188.37,182.69,186.99,1358785,12364.2
2023-09-29,CBA.AX,60.97,62.36,59.98,61.23,513822,11417.3
2023-09-29,ANZ.AX,22.37,22.38,21.51,21.96,1884602,2935.8
2023-09-29,WBC.AX,17.23,17.41,17.04,17.07,2402835,2489.3
2023-09-29,NAB.AX,36.77,37.18,36.27,37.04,7953815,2296.2
2023-09-29,MQG.AX,187.78,188.45,183.94,186.94,5688162,20424.0
2023-10-02,CBA.AX,60.37,60.82,59.58,60.21,4297175,7573.7
2023-10-02,ANZ.AX,21.5,22.01,21.45,21.96,7530891,1986.3
2023-10-02,WBC.AX,16.96,17.24,16.7,17.12,7564789,2110.1
2023-10-02,NAB.AX,37.88,37.91,36.19,37.06,5355454,3899.9
2023-10-02,MQG.AX,191.73,193.83,190.73,191.26,5524560,29894.5
2023-10-03,CBA.AX,59.33,60.08,58.74,59.56,6820998,10997.8
2023-10-03,ANZ.AX,21.67,22.18,21.56,21.79,2426209,1183.4
2023-10-03,WBC.AX,17.13,17.24,16.94,17.03,7618720,2976.4
2023-10-03,NAB.AX,37.42,37.92,36.98,37.53,6538881,5399.1
2023-10-03,MQG.AX,195.15,197.23,192.76,194.21,3154650,9839.9
2023-10-04,CBA.AX,59.94,60.26,59.52,59.8,2482915,6048.8
2023-10-04,ANZ.AX,22.25,22.42,21.67,21.94,5807248,2445.7
2023-10-04,WBC.AX,16.84,16.99,16.46,16.72,7668859,2384.4
2023-10-04,NAB.AX,37.52,38.08,37.51,37.62,4578286,3724.3
2023-10-04,MQG.AX,192.32,196.73,192.05,196.15,4697732,18368.4
2023-10-05,CBA.AX,58.95,59.59,58.7,58.99,1370595,7607.3
2023-10-05,ANZ.AX,21.97,22.68,21.7,22.19,5385758,2086.1
2023-10-05,WBC.AX,16.07,16.4,15.84,16.15,2516644,1622.3
2023-10-05,NAB.AX,37.78,38.37,37.25,37.61,4301354,6189.4
2023-10-05,MQG.AX,198.97,202.25,196.62,198.14,6219385,37444.6
2023-10-06,CBA.AX,59.71,59.93,57.77,58.78,4575527,10658.1
2023-10-06,ANZ.AX,22.56,22.63,21.81,22.18,1797799,2207.8
2023-10-06,WBC.AX,16.57,16.58,16.46,16.5,6745069,2188.3
2023-10-06,NAB.AX,37.2,38.05,37.12,37.48,4625298,6402.2
2023-10-06,MQG.AX,203.89,204.61,199.78,200.69,5440793,32657.7
2023-10-09,CBA.AX,60.45,60.46,59.2,59.6,3249410,10823.7
2023-10-09,ANZ.AX,21.93,22.11,21.76,21.98,6192874,3978.7
2023-10-09,WBC.AX,16.45,16.78,16.35,16.74,4836968,1689.3
2023-10-09,NAB.AX,36.93,37.37,36.37,37.3,6872054,2366.7
2023-10-09,MQG.AX,198.37,200.61,195.48,199.79,3183338,24068.3
2023-10-10,CBA.AX,59.62,59.99,59.18,59.47,1080413,9281.8
2023-10-10,ANZ.AX,22.03,22.66,21.82,22.17,1850775,3153.8
2023-10-10,WBC.AX,17.25,17.39,16.9,17.2,6773312,1292.4
2023-10-10,NAB.AX,36.83,37.39,36.65,37.23,2710073,6804.6
2023-10-10,MQG.AX,201.66,203.2,200.13,202.63,4660969,15871.7
2023-10-11,CBA.AX,59.73,60.36,58.76,59.75,7465641,4677.8
2023-10-11,ANZ.AX,22.13,22.44,22.01,22.3,6471836,4307.6
2023-10-11,WBC.AX,17.66,17.66,17.01,17.28,2197287,3418.2
2023-10-11,NAB.AX,37.04,38.01,36.98,37.31,7338409,3956.9
2023-10-11,MQG.AX,202.79,203.71,199.03,202.05,4106139,11745.8
2023-10-12,CBA.AX,60.21,60.93,59.12,60.61,2171149,3822.9
2023-10-12,ANZ.AX,21.97,22.02,21.5,21.97,763528,3011.0
2023-10-12,WBC.AX,17.72,17.73,17.1,17.33,3966135,2162.8
2023-10-12,NAB.AX,36.89,37.08,36.28,36.83,4326381,3926.9
2023-10-12,MQG.AX,202.58,204.7,199.15,202.76,987986,16464.9
2023-10-13,CBA.AX,61.87,62.27,60.96,61.31,2194854,6359.9
2023-10-13,ANZ.AX,22.11,22.2,21.3,21.79,1671972,2337.5
2023-10-13,WBC.AX,17.39,17.48,17.29,17.38,6636967,2827.1
2023-10-13,NAB.AX,37.09,37.41,36.49,37.2,7871725,2318.9
2023-10-13,MQG.AX,200.21,200.63,199.76,200.09,3321602,32415.9
2023-10-16,CBA.AX,61.31,62.32,60.7,62.22,645659,7144.4
2023-10-16,ANZ.AX,21.55,22.1,21.48,21.88,5803630,4373.0
2023-10-16,WBC.AX,17.37,17.49,16.86,17.17,4505660,1983.9
2023-10-16,NAB.AX,38.51,38.95,37.94,38.02,2552553,6091.3
2023-10-16,MQG.AX,203.28,205.06,199.18,203.61,7506827,37407.6
2023-10-17,CBA.AX,61.87,62.91,60.51,61.98,7421045,7542.8
2023-10-17,ANZ.AX,21.47,22.02,21.45,21.91,2420066,3529.2
2023-10-17,WBC.AX,17.35,17.47,16.96,17.2,1848955,1825.5
2023-10-17,NAB.AX,37.78,37.79,36.89,37.59,5192078,5277.2
2023-10-17,MQG.AX,210.8,211.06,204.51,206.75,7463814,29048.9
2023-10-18,CBA.AX,63.35,64.03,61.55,62.54,5742382,8590.3
2023-10-18,ANZ.AX,21.91,22.08,21.8,21.91,2959589,4376.9
2023-10-18,WBC.AX,16.81,17.07,16.77,16.88,7417803,2323.1
2023-10-18,NAB.AX,37.25,38.13,37.09,37.76,7848808,6865.8
2023-10-18,MQG.AX,207.49,210.8,203.62,206.93,3270201,18281.6
2023-10-19,CBA.AX,63.52,64.39,62.69,63.56,6267113,6483.0
2023-10-19,ANZ.AX,21.58,21.66,21.54,21.62,4286843,4125.8
2023-10-19,WBC.AX,16.71,17.2,16.63,16.88,5882800,3257.1
2023-10-19,NAB.AX,37.87,37.97,36.86,37.13,6352553,2011.7
2023-10-19,MQG.AX,207.18,208.15,204.78,207.56,7451266,30155.7
2023-10-20,CBA.AX,62.82,63.36,62.42,62.93,6144868,5489.3
2023-10-20,ANZ.AX,21.5,21.63,21.31,21.46,1569569,3654.3
2023-10-20,WBC.AX,16.84,17.27,16.68,16.95,4538539,1670.3
2023-10-20,NAB.AX,37.67,37.93,37.02,37.31,6092179,6756.7
2023-10-20,MQG.AX,212.73,214.2,208.2,209.62,4609460,32090.7
2023-10-23,CBA.AX,61.55,62.7,60.7,61.23,7919824,6655.0
2023-10-23,ANZ.AX,21.31,21.95,20.95,21.45,4426674,1425.8
2023-10-23,WBC.AX,16.67,17.06,16.38,16.77,5194918,3318.2
2023-10-23,NAB.AX,38.52,38.92,38.01,38.07,4028062,7238.4
2023-10-23,MQG.AX,212.36,213.18,206.23,209.75,3130529,14244.7
2023-10-24,CBA.AX,61.6,62.46,61.53,61.79,2236863,8530.2
2023-10-24,ANZ.AX,21.39,21.4,21.24,21.31,4784563,1540.5
2023-10-24,WBC.AX,16.84,17.02,16.58,16.84,1183874,3238.7
2023-10-24,NAB.AX,38.23,38.31,37.58,37.76,5181203,6643.0
2023-10-24,MQG.AX,207.8,211.38,204.42,207.68,3051584,26757.3
2023-10-25,CBA.AX,61.24,61.51,60.47,60.54,1215335,8218.2
2023-10-25,ANZ.AX,20.76,21.59,20.6,21.1,5759443,1216.3
2023-10-25,WBC.AX,16.84,17.16,16.77,16.79,3415415,2888.8
2023-10-25,NAB.AX,36.94,38.02,36.77,37.33,536275,7137.3
2023-10-25,MQG.AX,207.46,212.18,207.41,209.03,4592445,22694.0
2023-10-26,CBA.AX,60.73,62.47,60.56,60.98,7424756,7644.5
2023-10-26,ANZ.AX,20.8,21.21,20.34,20.85,6098195,2124.3
2023-10-26,WBC.AX,17.08,17.24,16.47,16.89,1957745,1332.6
2023-10-26,NAB.AX,36.91,37.43,36.62,36.98,4314919,3922.0
2023-10-26,MQG.AX,211.9,213.57,206.43,210.23,4869099,20267.9
2023-10-27,CBA.AX,63.07,63.56,61.88,62.18,2321065,11084.9
2023-10-27,ANZ.AX,20.72,21.13,20.61,21.03,1569220,2024.8
2023-10-27,WBC.AX,16.54,16.71,16.43,16.57,6775934,2801.5
2023-10-27,NAB.AX,36.94,37.03,36.6,36.88,7538484,4129.6
2023-10-27,MQG.AX,209.5,216.54,207.24,212.49,5030207,10729.9
2023-10-30,CBA.AX,63.58,64.11,62.5,62.78,6538742,8626.2
2023-10-30,ANZ.AX,20.49,20.79,20.11,20.3,2176637,3811.8
2023-10-30,WBC.AX,16.81,16.95,16.48,16.55,1287583,2455.7
2023-10-30,NAB.AX,37.07,37.72,37.05,37.27,2254040,5427.7
2023-10-30,MQG.AX,215.1,218.61,212.83,216.19,6540150,41244.1
2023-10-31,CBA.AX,62.0,62.8,61.43,62.63,7622347,6197.6
2023-10-31,ANZ.AX,20.21,20.71,20.09,20.44,6236704,2528.4
2023-10-31,WBC.AX,16.95,16.95,16.36,16.67,7484379,1395.9
2023-10-31,NAB.AX,37.4,37.71,36.73,37.35,6089284,6026.0
2023-10-31,MQG.AX,216.1,216.89,211.77,215.38,4259889,41552.9
2023-11-01,CBA.AX,61.52,62.82,61.38,62.26,5796226,6309.8
2023-11-01,ANZ.AX,20.48,21.0,20.13,20.62,4314927,2749.0
2023-11-01,WBC.AX,16.34,16.51,15.94,16.32,6983291,1790.3
2023-11-01,NAB.AX,38.12,38.45,37.63,37.85,4698476,3911.1
2023-11-01,MQG.AX,220.57,223.91,217.15,219.48,4758715,27526.7
2023-11-02,CBA.AX,61.83,63.42,61.22,62.29,4415844,7241.7
2023-11-02,ANZ.AX,20.52,20.87,20.41,20.64,6589143,1294.8
2023-11-02,WBC.AX,16.73,16.8,16.09,16.45,1896900,3188.4
2023-11-02,NAB.AX,37.6,38.14,37.26,37.47,7543755,5063.1
2023-11-02,MQG.AX,216.7,223.59,216.53,218.5,7692543,42290.4
2023-11-03,CBA.AX,62.52,63.72,62.09,62.81,7032176,5934.0
2023-11-03,ANZ.AX,20.46,20.59,20.35,20.44,7493211,3501.7
2023-11-03,WBC.AX,16.21,16.33,15.91,16.16,2494082,3034.6
2023-11-03,NAB.AX,37.2,37.59,36.09,37.0,7895323,6931.8
2023-11-03,MQG.AX,216.04,221.78,215.47,217.87,3582847,30316.8
2023-11-06,CBA.AX,61.69,63.42,61.23,62.58,6346574,9241.6
2023-11-06,ANZ.AX,20.4,20.42,19.91,20.04,6848437,2779.0
2023-11-06,WBC.AX,16.27,16.67,16.11,16.29,1793810,2371.3
2023-11-06,NAB.AX,37.53,37.82,37.15,37.75,3244578,5689.0
2023-11-06,MQG.AX,216.66,217.17,209.27,214.42,1639274,10744.1
2023-11-07,CBA.AX,63.44,63.49,63.0,63.21,5817426,9910.9
2023-11-07,ANZ.AX,20.0,20.22,19.33,19.75,5347275,2817.7
2023-11-07,WBC.AX,16.37,16.38,15.99,16.21,4215108,1209.0
2023-11-07,NAB.AX,38.4,38.64,38.15,38.4,3648540,4002.8
2023-11-07,MQG.AX,212.4,217.54,211.83,214.83,5775818,33186.5
2023-11-08,CBA.AX,62.98,63.12,62.22,62.57,7601070,4947.3
2023-11-08,ANZ.AX,19.92,20.25,19.76,20.03,3780729,3461.3
2023-11-08,WBC.AX,16.13,16.42,16.13,16.25,6730180,3236.8
2023-11-08,NAB.AX,38.63,39.02,38.16,38.73,4968443,4813.1
2023-11-08,MQG.AX,219.2,219.33,215.24,218.85,4096657,28465.8
2023-11-09,CBA.AX,61.31,62.47,61.0,62.32,1292887,4392.9
2023-11-09,ANZ.AX,19.83,20.32,19.6,19.9,4655194,3315.4
2023-11-09,WBC.AX,16.33,16.55,16.05,16.19,4825842,935.2
2023-11-09,NAB.AX,38.44,39.24,38.07,38.93,7105707,4672.6
2023-11-09,MQG.AX,214.35,223.02,213.69,218.95,5364612,33002.0
2023-11-10,CBA.AX,64.64,64.74,63.18,63.98,2661183,6965.7
2023-11-10,ANZ.AX,20.02,20.25,19.63,19.79,6610799,2462.3
2023-11-10,WBC.AX,16.32,16.44,16.11,16.2,772066,2157.4
2023-11-10,NAB.AX,39.24,39.7,38.61,39.4,3167215,7562.7
2023-11-10,MQG.AX,219.35,219.61,213.36,218.24,3437294,20529.6
2023-11-13,CBA.AX,63.98,65.68,63.41,64.18,7151749,10041.5
2023-11-13,ANZ.AX,19.75,19.79,19.66,19.73,2146842,3223.0
2023-11-13,WBC.AX,16.19,16.51,16.19,16.26,2964630,1218.0
2023-11-13,NAB.AX,39.21,39.46,38.8,39.25,6693566,6792.8
2023-11-13,MQG.AX,217.66,218.21,215.93,217.8,1670396,18956.3
2023-11-14,CBA.AX,63.84,64.07,62.5,63.37,804286,12614.5
2023-11-14,ANZ.AX,19.69,19.86,19.25,19.66,5342228,3748.9
2023-11-14,WBC.AX,16.85,16.93,16.46,16.56,640048,2436.8
2023-11-14,NAB.AX,38.86,39.27,38.5,38.71,2327604,5034.7
2023-11-14,MQG.AX,212.49,220.52,211.6,216.91,2148805,24103.1
2023-11-15,CBA.AX,64.53,64.78,64.03,64.47,5815349,9252.9
2023-11-15,ANZ.AX,19.38,19.58,19.25,19.56,4776507,1467.5
2023-11-15,WBC.AX,16.35,16.38,16.0,16.36,5191248,1013.9
2023-11-15,NAB.AX,39.05,39.36,37.69,38.56,4772777,4328.1
2023-11-15,MQG.AX,218.71,220.56,217.44,218.55,4294331,27098.9
2023-11-16,CBA.AX,63.1,63.8,62.22,62.56,5589998,4392.7
2023-11-16,ANZ.AX,19.18,19.21,18.81,19.18,4951549,3750.0
2023-11-16,WBC.AX,16.43,16.72,16.13,16.53,6811601,3078.2
2023-11-16,NAB.AX,38.44,38.8,38.35,38.54,608712,4112.6
2023-11-16,MQG.AX,214.91,218.84,213.49,215.55,5508828,26043.3
2023-11-17,CBA.AX,62.46,64.08,61.62,62.62,7885704,7501.9
2023-11-17,ANZ.AX,19.53,19.56,18.98,19.27,6355361,2014.2
2023-11-17,WBC.AX,16.57,17.02,16.43,16.72,3489692,2755.9
2023-11-17,NAB.AX,38.72,39.02,37.41,38.09,7408850,4865.3
2023-11-17,MQG.AX,218.1,219.79,217.83,218.8,4017015,32427.1
2023-11-20,CBA.AX,62.94,63.69,62.13,63.55,1374331,10440.3
2023-11-20,ANZ.AX,19.11,19.24,18.74,19.17,4495688,3526.8
2023-11-20,WBC.AX,16.68,16.94,16.49,16.78,6674255,1897.3
2023-11-20,NAB.AX,37.26,38.46,37.18,37.53,3970432,6103.7
2023-11-20,MQG.AX,222.04,226.0,218.01,220.64,2257569,43879.4
2023-11-21,CBA.AX,62.67,64.14,61.55,62.78,6393397,3709.0
2023-11-21,ANZ.AX,19.57,19.64,18.72,19.18,3009831,3106.8
2023-11-21,WBC.AX,16.78,16.98,16.34,16.6,7664796,1344.4
2023-11-21,NAB.AX,37.35,37.59,37.22,37.28,2839552,6166.0
2023-11-21,MQG.AX,218.55,222.87,216.55,220.26,7887271,39882.1
2023-11-22,CBA.AX,62.76,64.0,61.92,62.53,4991382,8228.2
2023-11-22,ANZ.AX,18.49,19.13,18.36,18.74,2759417,3735.0
2023-11-22,WBC.AX,16.62,16.77,16.31,16.57,6769990,2498.1
2023-11-22,NAB.AX,36.71,37.02,36.03,36.31,5801073,3873.4
2023-11-22,MQG.AX,227.01,227.98,223.0,226.39,7984881,45198.4
2023-11-23,CBA.AX,61.99,62.78,60.27,61.78,3390232,9126.0
2023-11-23,ANZ.AX,18.67,18.91,18.61,18.69,4917520,1203.6
2023-11-23,WBC.AX,16.57,17.24,16.48,16.82,5623007,1232.1
2023-11-23,NAB.AX,36.24,36.25,35.93,36.14,6386267,3015.5
2023-11-23,MQG.AX,222.08,222.71,217.98,219.8,6911340,43922.3
2023-11-24,CBA.AX,61.72,62.32,60.09,61.25,4709404,6374.9
2023-11-24,ANZ.AX,18.91,18.99,18.48,18.82,5641513,1404.5
2023-11-24,WBC.AX,16.44,16.96,16.26,16.58,530200,956.2
2023-11-24,NAB.AX,35.48,36.25,35.46,36.01,1829706,4528.7
2023-11-24,MQG.AX,217.39,221.96,217.35,218.24,4247838,29884.9
2023-11-27,CBA.AX,61.79,62.62,61.32,61.45,1341056,7005.0
2023-11-27,ANZ.AX,18.61,19.12,18.49,18.9,7038590,3040.5
2023-11-27,WBC.AX,16.19,16.49,16.13,16.33,5028965,1815.4
2023-11-27,NAB.AX,35.57,36.45,34.88,35.59,923950,5437.6
2023-11-27,MQG.AX,218.84,220.61,216.78,217.66,2269161,11545.3
2023-11-28,CBA.AX,62.19,62.5,61.02,61.79,5867622,5772.5
2023-11-28,ANZ.AX,19.08,19.32,19.01,19.09,2256047,1178.0
2023-11-28,WBC.AX,16.13,16.57,16.08,16.34,1822861,2641.1
2023-11-28,NAB.AX,36.15,36.52,34.9,35.66,2476494,6836.1
2023-11-28,MQG.AX,219.07,220.23,214.11,216.85,7067352,39670.9
2023-11-29,CBA.AX,61.31,61.86,60.38,61.07,4133166,10446.2
2023-11-29,ANZ.AX,19.33,19.46,19.04,19.12,2418793,3659.9
2023-11-29,WBC.AX,16.69,16.76,16.68,16.72,3956514,1425.1
2023-11-29,NAB.AX,35.1,36.15,34.71,35.47,7521984,3466.2
2023-11-29,MQG.AX,217.61,218.6,216.47,218.0,3279067,25736.5
2023-11-30,CBA.AX,62.11,62.93,60.99,62.3,1137136,10252.8
2023-11-30,ANZ.AX,18.59,18.96,18.42,18.89,4081847,1170.6
2023-11-30,WBC.AX,16.29,16.48,15.91,16.3,1004442,1261.6
2023-11-30,NAB.AX,35.92,36.66,35.38,36.28,647534,5281.3
2023-11-30,MQG.AX,214.86,216.57,211.9,214.63,1388792,39996.8
2023-12-01,CBA.AX,62.62,63.81,62.44,62.67,3119456,5741.7
2023-12-01,ANZ.AX,19.05,19.43,18.89,19.12,4448000,3461.6
2023-12-01,WBC.AX,16.33,16.35,16.17,16.25,4111912,1663.5
2023-12-01,NAB.AX,37.15,37.24,36.83,36.96,5300259,2929.3
2023-12-01,MQG.AX,211.27,212.18,206.64,210.62,4366435,12940.4
2023-12-04,CBA.AX,64.75,65.35,63.79,64.23,3644574,3442.5
2023-12-04,ANZ.AX,19.47,19.47,19.16,19.34,5857753,3665.3
2023-12-04,WBC.AX,16.31,16.64,16.14,16.45,2365419,2443.8
2023-12-04,NAB.AX,36.67,37.78,36.57,37.05,4317501,5047.6
2023-12-04,MQG.AX,213.42,214.12,205.44,209.83,7767606,27878.1
2023-12-05,CBA.AX,64.77,65.09,64.32,64.77,1813774,3294.7
2023-12-05,ANZ.AX,19.37,19.73,19.17,19.4,5982588,1496.7
2023-12-05,WBC.AX,16.34,16.43,16.15,16.22,1663430,1080.2
2023-12-05,NAB.AX,36.6,36.68,36.58,36.64,5594211,4195.9
2023-12-05,MQG.AX,207.98,212.65,205.71,210.75,978535,25623.8
2023-12-06,CBA.AX,64.79,65.44,64.75,64.94,7944060,9099.2
2023-12-06,ANZ.AX,19.87,19.89,19.38,19.76,6794824,1488.2
2023-12-06,WBC.AX,16.67,16.74,16.35,16.53,7112967,3239.5
2023-12-06,NAB.AX,36.66,37.38,36.38,36.85,896553,6036.1
2023-12-06,MQG.AX,217.83,220.68,212.71,216.93,3476111,19205.6
2023-12-07,CBA.AX,63.64,65.05,63.38,64.07,6634943,8606.0
2023-12-07,ANZ.AX,19.62,19.69,19.55,19.58,5873454,1726.9
2023-12-07,WBC.AX,16.69,16.78,16.53,16.72,7458252,1157.1
2023-12-07,NAB.AX,35.99,37.28,35.91,36.53,7461484,3319.0
2023-12-07,MQG.AX,216.51,218.08,213.45,214.41,3306659,29520.5
2023-12-08,CBA.AX,63.74,64.53,62.99,64.27,1378896,3785.7
2023-12-08,ANZ.AX,19.22,19.52,19.11,19.48,5301537,2992.7
2023-12-08,WBC.AX,16.33,16.64,16.22,16.44,6491618,846.4
2023-12-08,NAB.AX,35.92,36.46,35.57,36.25,6200907,6650.1
2023-12-08,MQG.AX,214.7,215.14,208.6,212.23,6827628,17236.5
2023-12-11,CBA.AX,62.16,63.19,61.54,62.69,3662816,12026.7
2023-12-11,ANZ.AX,19.06,19.52,18.87,19.33,7895783,3271.4
2023-12-11,WBC.AX,16.4,16.61,16.14,16.49,5056953,828.4
2023-12-11,NAB.AX,35.98,36.18,34.95,35.71,1613661,6019.9
2023-12-11,MQG.AX,212.92,217.25,211.22,213.56,3068056,17595.6
2023-12-12,CBA.AX,62.57,63.37,61.34,62.7,6443761,6225.6
2023-12-12,ANZ.AX,19.79,20.03,19.24,19.55,4111789,2205.4
2023-12-12,WBC.AX,16.3,16.47,16.28,16.43,2146671,1808.2
2023-12-12,NAB.AX,35.88,36.73,35.73,36.24,7498006,5331.9
2023-12-12,MQG.AX,215.44,218.43,214.89,215.69,7462243,39229.3
2023-12-13,CBA.AX,62.83,63.82,62.55,62.98,2254836,12183.3
2023-12-13,ANZ.AX,19.65,19.87,19.14,19.57,7624146,2144.3
2023-12-13,WBC.AX,16.2,16.47,16.05,16.25,2016999,2275.2
2023-12-13,NAB.AX,35.51,36.02,35.49,35.78,1205374,3152.0
2023-12-13,MQG.AX,217.0,219.03,211.79,214.64,4319309,42228.5
2023-12-14,CBA.AX,63.7,63.94,62.28,62.86,809883,5740.3
2023-12-14,ANZ.AX,19.93,20.14,19.64,19.84,3998141,2357.5
2023-12-14,WBC.AX,16.66,16.74,16.14,16.4,5323148,1999.0
2023-12-14,NAB.AX,35.63,36.35,35.56,35.93,762723,5371.5
2023-12-14,MQG.AX,216.26,216.91,210.62,214.93,5041884,39889.0
2023-12-15,CBA.AX,61.01,63.44,60.88,62.29,7758140,10083.1
2023-12-15,ANZ.AX,19.89,20.15,19.77,19.81,5742037,2889.7
2023-12-15,WBC.AX,16.75,16.86,16.09,16.49,1855155,2816.0
2023-12-15,NAB.AX,36.39,37.07,35.83,36.34,1073398,5509.7
2023-12-15,MQG.AX,214.25,215.48,212.49,213.1,3748115,20892.6
2023-12-18,CBA.AX,61.45,62.19,61.35,61.76,2711994,8072.3
2023-12-18,ANZ.AX,20.01,20.03,19.83,19.85,4019686,2330.2
2023-12-18,WBC.AX,16.98,17.06,16.8,16.89,5107163,2952.2
2023-12-18,NAB.AX,36.02,36.31,35.03,35.8,7546987,2421.9
2023-12-18,MQG.AX,216.88,219.06,214.62,215.62,5940209,16104.8
2023-12-19,CBA.AX,60.3,61.65,60.21,60.75,7875144,6722.0
2023-12-19,ANZ.AX,20.08,20.08,19.39,19.72,7029581,1976.1
2023-12-19,WBC.AX,16.62,16.92,16.53,16.76,6423676,2836.1
2023-12-19,NAB.AX,35.8,36.21,35.56,36.0,3885302,7043.1
2023-12-19,MQG.AX,220.52,221.37,219.86,221.03,5719841,38722.6
2023-12-20,CBA.AX,60.33,62.01,59.59,60.71,540080,3573.8
2023-12-20,ANZ.AX,19.99,20.46,19.61,20.09,3941824,1140.5
2023-12-20,WBC.AX,16.72,16.86,16.66,16.79,7005380,941.1
2023-12-20,NAB.AX,36.65,37.58,36.48,36.86,3948758,4740.5
2023-12-20,MQG.AX,225.3,226.23,222.54,223.31,3062754,16319.6
2023-12-21,CBA.AX,61.75,63.14,61.27,61.71,5438292,9668.6
2023-12-21,ANZ.AX,19.68,19.83,19.66,19.74,7652935,2888.2
2023-12-21,WBC.AX,16.82,16.89,16.5,16.64,3921423,2407.1
2023-12-21,NAB.AX,38.02,38.28,37.75,37.84,7511298,4511.1
2023-12-21,MQG.AX,219.49,220.65,217.18,217.51,6598842,18816.4
2023-12-22,CBA.AX,61.15,62.29,60.6,60.9,5423854,9849.3
2023-12-22,ANZ.AX,19.27,19.38,19.11,19.29,7178127,2209.2
2023-12-22,WBC.AX,16.61,16.96,16.38,16.72,6941198,2429.0
2023-12-22,NAB.AX,37.66,37.83,37.27,37.37,2657424,2211.9
2023-12-22,MQG.AX,217.55,224.92,214.49,219.67,2185926,40651.5
2023-12-25,CBA.AX,60.44,61.25,59.65,60.59,3453818,4371.5
2023-12-25,ANZ.AX,19.09,19.36,18.88,19.29,6427596,3091.2
2023-12-25,WBC.AX,16.56,16.91,16.47,16.71,3232968,858.7
2023-12-25,NAB.AX,37.67,38.1,37.59,37.9,6545670,5348.6
2023-12-25,MQG.AX,214.76,216.82,212.6,216.48,5777059,14093.7
2023-12-26,CBA.AX,61.19,61.86,61.05,61.21,7914079,7085.7
2023-12-26,ANZ.AX,18.94,19.25,18.84,19.16,1102827,2096.9
2023-12-26,WBC.AX,16.9,16.9,16.64,16.86,2787650,3083.2
2023-12-26,NAB.AX,37.89,38.02,37.3,37.87,3720806,6477.1
2023-12-26,MQG.AX,216.51,224.98,214.34,219.59,5703910,11685.8
2023-12-27,CBA.AX,61.52,62.23,59.78,61.15,6396660,6276.3
2023-12-27,ANZ.AX,18.73,19.52,18.71,19.08,5733087,3446.4
2023-12-27,WBC.AX,16.45,16.96,16.37,16.75,7151856,2774.1
2023-12-27,NAB.AX,38.5,39.09,38.09,38.65,3209282,3593.4
2023-12-27,MQG.AX,219.83,221.48,216.95,221.24,2829652,16264.6
2023-12-28,CBA.AX,61.81,62.84,61.42,61.51,3309680,5139.1
2023-12-28,ANZ.AX,19.13,19.16,19.03,19.06,1114705,2286.3
2023-12-28,WBC.AX,17.0,17.02,16.33,16.65,768621,3214.0
2023-12-28,NAB.AX,37.76,38.72,37.48,38.27,7007601,6543.0
2023-12-28,MQG.AX,223.73,229.16,221.44,224.03,3287102,39165.8
2023-12-29,CBA.AX,59.38,60.79,59.19,60.54,4194908,3128.1
2023-12-29,ANZ.AX,19.47,19.5,18.56,19.03,1812309,2729.6
2023-12-29,WBC.AX,16.36,16.52,16.17,16.36,7961529,2775.9
2023-12-29,NAB.AX,38.29,38.42,38.11,38.21,7524377,6787.2
2023-12-29,MQG.AX,227.17,229.39,222.94,225.39,3167273,30246.8
2024-01-01,CBA.AX,58.5,59.74,58.46,59.33,5937136,4631.5
2024-01-01,ANZ.AX,18.39,19.08,18.32,18.76,7213725,3080.5
2024-01-01,WBC.AX,16.29,16.36,15.82,16.08,2184064,1948.8
2024-01-01,NAB.AX,37.6,38.32,37.4,37.81,7505418,7444.4
2024-01-01,MQG.AX,226.87,228.0,219.43,223.67,4945629,32869.4
2024-01-02,CBA.AX,59.65,60.47,58.86,59.46,6268994,4395.6
2024-01-02,ANZ.AX,18.97,19.18,18.53,18.82,1145462,1843.9
2024-01-02,WBC.AX,16.33,16.6,16.13,16.22,3313424,1415.0
2024-01-02,NAB.AX,38.39,38.55,37.19,37.9,4271955,2117.4
2024-01-02,MQG.AX,226.11,226.2,217.32,222.37,1399351,20116.9
2024-01-03,CBA.AX,59.29,60.38,57.92,59.3,2785640,3352.5
2024-01-03,ANZ.AX,19.07,19.09,18.49,18.69,2606130,1624.9
2024-01-03,WBC.AX,16.45,16.5,16.16,16.27,6601932,2811.6
2024-01-03,NAB.AX,37.51,37.62,36.59,36.8,4822871,2447.0
2024-01-03,MQG.AX,221.88,222.73,216.97,222.46,3214809,28307.5
2024-01-04,CBA.AX,57.75,59.53,57.73,58.34,7653500,8643.5
2024-01-04,ANZ.AX,18.41,18.83,18.3,18.76,6476030,3299.9
2024-01-04,WBC.AX,16.33,16.42,15.88,16.27,1442090,2509.4
2024-01-04,NAB.AX,37.22,38.02,36.81,37.11,5881901,4740.1
2024-01-04,MQG.AX,223.99,225.54,217.72,220.95,5451786,12308.1
2024-01-05,CBA.AX,57.82,58.86,57.1,58.47,3979939,7908.6
2024-01-05,ANZ.AX,19.06,19.07,18.79,18.86,1129869,1397.8
2024-01-05,WBC.AX,16.38,16.62,16.2,16.43,2666599,1176.8
2024-01-05,NAB.AX,37.03,37.15,36.71,37.01,3408467,4992.5
2024-01-05,MQG.AX,222.97,223.77,219.58,222.7,5716825,28146.4
2024-01-08,CBA.AX,58.31,58.78,57.66,57.94,6290172,9192.6
2024-01-08,ANZ.AX,18.46,18.69,18.42,18.5,2552620,1546.9
2024-01-08,WBC.AX,16.17,16.51,15.91,16.21,4000172,3165.7
2024-01-08,NAB.AX,36.74,37.38,36.33,36.58,4618543,6496.4
2024-01-08,MQG.AX,225.41,231.27,223.84,226.06,2894188,44532.9
2024-01-09,CBA.AX,57.18,57.45,56.82,56.98,6823346,6234.4
2024-01-09,ANZ.AX,18.12,18.5,17.92,18.2,4932231,1962.7
2024-01-09,WBC.AX,16.56,16.67,16.15,16.43,1592058,2716.4
2024-01-09,NAB.AX,36.86,36.87,35.22,36.1,2775123,6642.5
2024-01-09,MQG.AX,231.79,232.39,225.14,229.47,3966347,14872.1
2024-01-10,CBA.AX,56.84,57.22,56.63,56.87,7544602,10797.7
2024-01-10,ANZ.AX,18.17,18.34,17.69,18.09,6269930,1780.7
2024-01-10,WBC.AX,16.48,16.76,16.36,16.54,803137,2112.4
2024-01-10,NAB.AX,36.19,36.51,35.51,35.68,4474741,4540.1
2024-01-10,MQG.AX,232.09,234.53,229.56,232.33,5445178,17610.1
2024-01-11,CBA.AX,55.75,56.83,55.12,56.26,5515567,6313.4
2024-01-11,ANZ.AX,18.16,18.26,17.93,18.18,1664811,1563.5
2024-01-11,WBC.AX,16.52,16.55,16.18,16.46,1529834,2137.6
2024-01-11,NAB.AX,35.97,36.2,35.27,35.64,3388931,6942.2
2024-01-11,MQG.AX,233.34,233.58,228.63,230.25,1850559,42771.9
2024-01-12,CBA.AX,56.57,56.79,55.4,55.69,7999558,7077.5
2024-01-12,ANZ.AX,18.38,18.43,18.35,18.38,5231413,1735.6
2024-01-12,WBC.AX,16.74,16.93,16.16,16.57,6041012,2713.5
2024-01-12,NAB.AX,35.49,36.23,35.21,35.53,7883785,6247.6
2024-01-12,MQG.AX,229.22,235.02,228.76,233.21,6732603,19250.2
2024-01-15,CBA.AX,56.81,56.96,56.03,56.73,6778157,6469.6
2024-01-15,ANZ.AX,18.08,18.49,18.06,18.27,4061389,2070.1
2024-01-15,WBC.AX,16.14,16.44,16.09,16.24,934027,2547.5
2024-01-15,NAB.AX,35.3,35.71,35.27,35.59,512891,4722.6
2024-01-15,MQG.AX,230.6,233.94,228.43,231.11,7146758,14499.8
2024-01-16,CBA.AX,56.67,57.5,55.92,56.7,5708256,9238.7
2024-01-16,ANZ.AX,18.2,18.61,18.13,18.18,3222123,1486.4
2024-01-16,WBC.AX,16.01,16.24,15.98,16.14,1574989,1678.8
2024-01-16,NAB.AX,35.43,36.32,35.13,35.63,4240491,5386.1
2024-01-16,MQG.AX,228.21,228.46,227.72,227.97,4871855,29369.6
2024-01-17,CBA.AX,56.23,57.86,55.5,56.53,792304,4753.7
2024-01-17,ANZ.AX,18.27,18.44,18.04,18.26,3823869,2861.8
2024-01-17,WBC.AX,16.02,16.11,15.62,15.9,632661,2603.1
2024-01-17,NAB.AX,35.33,36.23,34.88,35.52,6271875,5110.6
2024-01-17,MQG.AX,232.32,233.09,229.39,231.49,3109472,27098.5
2024-01-18,CBA.AX,56.06,56.45,55.54,55.76,6558812,9725.0
2024-01-18,ANZ.AX,18.16,18.37,17.8,18.2,1760081,3614.8
2024-01-18,WBC.AX,15.56,16.16,15.51,15.79,4020585,2477.5
2024-01-18,NAB.AX,36.2,36.22,34.84,35.38,5909349,4169.1
2024-01-18,MQG.AX,232.28,232.34,223.13,228.47,5277368,29133.8
2024-01-19,CBA.AX,54.03,55.82,53.51,54.78,5316665,5414.2
2024-01-19,ANZ.AX,18.37,18.67,18.22,18.34,7086602,2528.5
2024-01-19,WBC.AX,15.75,16.06,15.5,15.77,2426497,3042.5
2024-01-19,NAB.AX,34.94,35.55,34.88,35.23,2855391,4195.7
2024-01-19,MQG.AX,224.42,225.88,222.93,224.91,7059369,30927.8
2024-01-22,CBA.AX,55.53,56.03,53.9,54.81,5220477,10498.8
2024-01-22,ANZ.AX,18.66,18.85,18.43,18.58,5798771,1357.4
2024-01-22,WBC.AX,15.26,15.91,15.23,15.57,6523850,2284.4
2024-01-22,NAB.AX,35.74,35.99,34.6,35.33,6101953,3972.2
2024-01-22,MQG.AX,220.81,225.55,220.37,225.01,4597354,22164.5
2024-01-23,CBA.AX,54.21,55.36,54.16,54.54,6366026,5979.3
2024-01-23,ANZ.AX,18.71,18.78,18.57,18.72,7249190,975.4
2024-01-23,WBC.AX,15.6,15.67,15.52,15.56,4557967,2879.1
2024-01-23,NAB.AX,35.3,35.6,35.01,35.33,6148783,6535.0
2024-01-23,MQG.AX,224.45,226.97,222.6,223.04,6403654,33207.2
2024-01-24,CBA.AX,56.2,57.15,55.96,56.26,876428,10828.8
2024-01-24,ANZ.AX,18.41,18.86,18.18,18.58,2010296,2747.6
2024-01-24,WBC.AX,15.92,16.07,15.43,15.73,2471453,1559.3
2024-01-24,NAB.AX,35.92,36.39,35.46,35.77,2284054,3133.6
2024-01-24,MQG.AX,222.88,226.09,220.84,222.02,7487515,36712.3
2024-01-25,CBA.AX,55.01,55.62,55.0,55.5,6446343,8161.7
2024-01-25,ANZ.AX,18.11,18.74,18.11,18.53,4504579,1135.0
2024-01-25,WBC.AX,16.13,16.29,15.55,15.94,1215875,3045.4
2024-01-25,NAB.AX,35.63,36.28,35.02,35.4,2716273,7061.1
2024-01-25,MQG.AX,220.49,221.13,217.29,218.75,2789664,26509.2
2024-01-26,CBA.AX,56.95,57.28,55.96,56.15,4354258,3815.7
2024-01-26,ANZ.AX,18.62,18.82,18.41,18.7,7291987,1622.2
2024-01-26,WBC.AX,15.62,16.27,15.5,15.88,6851589,1263.8
2024-01-26,NAB.AX,36.59,36.68,35.87,36.15,3234054,4692.4
2024-01-26,MQG.AX,218.15,220.59,215.8,216.59,3185830,34523.2
2024-01-29,CBA.AX,54.73,55.48,53.99,55.3,4883818,8476.7
2024-01-29,ANZ.AX,18.72,19.06,18.42,18.75,3738061,1691.3
2024-01-29,WBC.AX,15.97,16.21,15.46,15.83,1239602,1409.6
2024-01-29,NAB.AX,35.39,36.07,35.22,35.44,3896410,5334.7
2024-01-29,MQG.AX,218.97,219.24,216.03,216.97,3299662,23686.5
2024-01-30,CBA.AX,56.69,56.9,55.33,56.44,820863,7758.3
2024-01-30,ANZ.AX,19.06,19.2,18.96,19.03,638494,1127.5
2024-01-30,WBC.AX,15.98,16.1,15.68,15.93,1490864,2690.3
2024-01-30,NAB.AX,35.81,36.41,35.19,36.04,7799154,5807.7
2024-01-30,MQG.AX,221.06,223.52,216.54,218.27,7807274,20750.7
2024-01-31,CBA.AX,56.85,57.05,56.18,56.71,7982597,9247.2
2024-01-31,ANZ.AX,19.09,19.39,18.81,18.97,5799855,3775.8
2024-01-31,WBC.AX,15.86,15.9,15.42,15.75,7939340,1173.0
2024-01-31,NAB.AX,35.99,36.33,34.99,35.61,3793090,4134.3
2024-01-31,MQG.AX,217.45,219.46,214.62,217.36,6961734,12072.2
2024-02-01,CBA.AX,56.38,56.94,55.59,56.76,5576412,6108.9
2024-02-01,ANZ.AX,18.93,19.19,18.87,19.02,7396210,3635.0
2024-02-01,WBC.AX,15.27,15.34,15.18,15.32,2319412,2549.1
2024-02-01,NAB.AX,35.4,35.89,35.28,35.74,7339826,3190.6
2024-02-01,MQG.AX,213.04,216.08,210.7,215.76,5071983,38113.1
2024-02-02,CBA.AX,57.02,57.32,56.14,56.61,1065378,7299.6
2024-02-02,ANZ.AX,19.15,19.33,19.04,19.23,6560208,2664.6
2024-02-02,WBC.AX,15.57,15.6,15.27,15.41,3318543,2060.3
2024-02-02,NAB.AX,34.68,35.22,34.36,35.05,7906385,2434.1
2024-02-02,MQG.AX,215.76,216.22,211.72,212.6,2135437,10813.1
2024-02-05,CBA.AX,56.72,57.32,55.99,56.36,7796152,8849.9
2024-02-05,ANZ.AX,19.15,19.23,19.06,19.1,4181153,2465.3
2024-02-05,WBC.AX,15.48,15.53,15.08,15.33,3442302,2612.6
2024-02-05,NAB.AX,34.58,35.14,33.96,34.7,3098814,6161.8
2024-02-05,MQG.AX,211.9,213.82,207.89,211.08,3192397,11625.1
2024-02-06,CBA.AX,56.1,56.16,55.4,55.78,1530991,11145.2
2024-02-06,ANZ.AX,18.54,19.09,18.51,18.65,5082955,1069.9
2024-02-06,WBC.AX,15.43,15.45,15.09,15.17,6792863,816.7
2024-02-06,NAB.AX,34.86,35.21,34.2,34.61,3184861,4480.9
2024-02-06,MQG.AX,216.35,217.1,212.82,213.6,4580905,29729.1
2024-02-07,CBA.AX,56.36,57.46,55.26,56.32,1165882,7785.7
2024-02-07,ANZ.AX,18.36,18.6,18.22,18.26,7463183,1965.0
2024-02-07,WBC.AX,15.2,15.53,15.04,15.28,2339269,1300.3
2024-02-07,NAB.AX,34.53,35.45,34.26,34.79,4522435,4751.4
2024-02-07,MQG.AX,214.42,215.64,206.58,211.07,6308226,24180.3
2024-02-08,CBA.AX,55.62,57.84,55.62,56.94,2333556,6988.7
2024-02-08,ANZ.AX,18.12,18.21,18.03,18.1,2918430,3584.6
2024-02-08,WBC.AX,15.56,15.79,15.45,15.73,5813303,795.7
2024-02-08,NAB.AX,34.9,35.55,34.88,35.12,4511440,6309.1
2024-02-08,MQG.AX,212.23,212.59,205.51,209.39,4583675,24631.5
2024-02-09,CBA.AX,55.56,57.76,55.52,56.38,4968051,9170.8
2024-02-09,ANZ.AX,18.47,18.65,17.94,18.36,4565869,3608.6
2024-02-09,WBC.AX,15.47,15.73,15.4,15.63,4201224,2295.0
2024-02-09,NAB.AX,34.85,35.31,34.17,34.61,6204008,3528.6
2024-02-09,MQG.AX,206.26,212.36,205.46,208.87,1449854,35501.3
2024-02-12,CBA.AX,56.26,56.4,55.88,55.99,3774099,3341.4
2024-02-12,ANZ.AX,18.26,18.46,18.16,18.25,3343297,2223.5
2024-02-12,WBC.AX,15.29,15.52,15.27,15.42,2364452,1945.1
2024-02-12,NAB.AX,34.55,35.14,34.18,34.68,7335207,2112.2
2024-02-12,MQG.AX,214.9,215.96,209.6,211.05,4434885,21066.3
2024-02-13,CBA.AX,55.54,55.97,55.03,55.26,2353393,3814.3
2024-02-13,ANZ.AX,17.95,18.66,17.91,18.36,5442521,951.9
2024-02-13,WBC.AX,15.64,15.77,15.54,15.65,3685859,1538.6
2024-02-13,NAB.AX,34.12,35.25,33.8,34.61,3041050,6535.5
2024-02-13,MQG.AX,211.06,213.23,206.89,211.54,7795818,25469.9
2024-02-14,CBA.AX,56.01,56.06,55.55,55.69,6999296,10962.6
2024-02-14,ANZ.AX,18.19,18.54,17.99,18.34,7139030,1452.8
2024-02-14,WBC.AX,15.74,15.78,15.55,15.59,6124948,2046.3
2024-02-14,NAB.AX,34.09,34.55,34.01,34.05,2059479,5432.2
2024-02-14,MQG.AX,212.08,213.63,210.59,213.42,5778161,21082.2
2024-02-15,CBA.AX,56.3,56.85,55.63,56.16,7028581,8717.9
2024-02-15,ANZ.AX,17.96,18.59,17.93,18.2,4433106,2153.9
2024-02-15,WBC.AX,15.75,15.84,15.52,15.61,7778286,1804.5
2024-02-15,NAB.AX,34.0,34.42,33.59,33.98,7298241,3360.1
2024-02-15,MQG.AX,214.88,215.75,208.53,213.82,963460,32696.9
2024-02-16,CBA.AX,55.01,56.51,54.77,55.57,3853177,4087.8
2024-02-16,ANZ.AX,19.2,19.2,18.87,18.9,6987679,3044.1
2024-02-16,WBC.AX,15.39,15.78,15.3,15.6,1737866,1727.1
2024-02-16,NAB.AX,33.68,34.06,33.48,33.91,3736417,2904.1
2024-02-16,MQG.AX,211.28,213.35,209.21,212.74,1067806,25278.2
2024-02-19,CBA.AX,56.37,56.55,55.44,56.06,6582497,10754.6
2024-02-19,ANZ.AX,18.89,19.04,18.51,18.73,5451882,3146.2
2024-02-19,WBC.AX,15.45,15.98,15.43,15.65,4744809,2358.3
2024-02-19,NAB.AX,34.1,34.36,33.53,33.75,7264690,1698.7
2024-02-19,MQG.AX,215.03,216.78,212.19,215.55,4503201,15366.6
2024-02-20,CBA.AX,54.58,56.01,53.39,54.71,6357048,10726.5
2024-02-20,ANZ.AX,18.81,18.85,18.56,18.67,3928809,2630.6
2024-02-20,WBC.AX,15.39,15.64,15.23,15.58,2532828,2070.9
2024-02-20,NAB.AX,33.78,34.47,33.63,33.8,7756586,6477.8
2024-02-20,MQG.AX,219.43,220.43,216.06,217.25,1436496,20273.3
2024-02-21,CBA.AX,54.52,55.84,53.92,54.53,2368099,6596.5
2024-02-21,ANZ.AX,18.82,19.07,18.49,18.65,7453124,3610.8
2024-02-21,WBC.AX,15.46,15.73,15.27,15.58,2687784,2376.3
2024-02-21,NAB.AX,32.83,33.05,32.6,32.68,1537020,3709.4
2024-02-21,MQG.AX,216.1,218.23,214.53,217.17,6092755,24337.1
2024-02-22,CBA.AX,55.46,55.76,55.07,55.21,4265666,9258.7
2024-02-22,ANZ.AX,18.58,18.9,18.42,18.55,1342916,3183.8
2024-02-22,WBC.AX,15.54,15.7,15.39,15.45,6027587,1075.7
2024-02-22,NAB.AX,32.92,34.08,32.67,33.27,6275101,5781.1
2024-02-22,MQG.AX,214.74,221.2,214.57,217.14,5034709,40560.0
2024-02-23,CBA.AX,53.85,55.35,53.58,54.25,3374039,6654.6
2024-02-23,ANZ.AX,18.43,18.73,18.1,18.5,1782752,1724.6
2024-02-23,WBC.AX,15.54,15.68,15.53,15.62,997169,2630.1
2024-02-23,NAB.AX,32.92,33.45,32.55,33.18,615572,4262.0
2024-02-23,MQG.AX,211.47,211.86,209.66,211.05,1221340,21419.8
2024-02-26,CBA.AX,53.25,54.44,52.77,53.82,6410848,4915.1
2024-02-26,ANZ.AX,18.38,18.98,18.35,18.66,7812192,3254.1
2024-02-26,WBC.AX,15.44,15.91,15.36,15.54,5752889,1890.2
2024-02-26,NAB.AX,33.65,33.83,33.35,33.47,811534,6326.8
2024-02-26,MQG.AX,206.97,210.21,204.46,208.46,3421619,33534.0
2024-02-27,CBA.AX,54.75,55.58,53.9,54.41,841585,10231.6
2024-02-27,ANZ.AX,18.48,18.82,18.34,18.71,1675283,3379.5
2024-02-27,WBC.AX,15.74,15.94,15.54,15.81,6739449,1021.2
2024-02-27,NAB.AX,34.09,34.33,33.3,34.1,2989629,6161.1
2024-02-27,MQG.AX,210.35,213.0,205.5,209.43,7814595,35082.5
2024-02-28,CBA.AX,53.66,54.28,52.69,53.71,6962702,3012.8
2024-02-28,ANZ.AX,18.35,18.48,18.15,18.45,6456373,2441.2
2024-02-28,WBC.AX,15.97,16.1,15.55,15.74,7202769,2526.2
2024-02-28,NAB.AX,34.83,35.64,34.45,35.19,3029929,1813.6
2024-02-28,MQG.AX,208.36,210.75,205.96,208.35,4256562,17004.2
2024-02-29,CBA.AX,53.44,54.26,52.25,53.57,1470614,9810.3
2024-02-29,ANZ.AX,19.34,19.43,18.57,19.0,2427892,3395.1
2024-02-29,WBC.AX,15.45,15.87,15.4,15.65,2015260,2072.5
2024-02-29,NAB.AX,34.77,35.31,34.4,35.06,1787355,3697.2
2024-02-29,MQG.AX,206.8,210.59,204.77,209.22,4037507,13850.5
2024-03-01,CBA.AX,53.17,53.4,51.67,52.77,7098748,8622.0
2024-03-01,ANZ.AX,19.16,19.54,18.79,19.11,6754598,2786.8
2024-03-01,WBC.AX,15.88,16.0,15.67,15.85,5932147,1994.6
2024-03-01,NAB.AX,35.44,35.58,34.12,34.89,5969615,2898.3
2024-03-01,MQG.AX,209.73,210.13,206.35,209.45,1946948,22494.5
2024-03-04,CBA.AX,52.5,52.9,50.49,51.68,6959206,4541.2
2024-03-04,ANZ.AX,19.26,19.35,18.95,19.31,3603609,1502.4
2024-03-04,WBC.AX,16.02,16.07,15.92,15.95,4696194,2567.6
2024-03-04,NAB.AX,35.63,35.84,35.07,35.45,3596323,3138.8
2024-03-04,MQG.AX,216.37,217.31,212.67,213.71,1460525,37459.9
2024-03-05,CBA.AX,52.61,53.48,51.72,52.72,7449887,6025.1
2024-03-05,ANZ.AX,18.97,19.16,18.74,19.13,2113404,2231.3
2024-03-05,WBC.AX,15.41,15.87,15.31,15.58,4486455,2345.1
2024-03-05,NAB.AX,34.77,34.94,34.7,34.9,6169638,2378.8
2024-03-05,MQG.AX,205.63,213.84,203.94,209.15,6319941,14346.9
2024-03-06,CBA.AX,52.7,53.69,52.22,53.19,3364597,5734.3
2024-03-06,ANZ.AX,19.36,19.46,18.86,19.01,2243335,2471.4
2024-03-06,WBC.AX,15.63,15.91,15.47,15.54,1107285,2740.8
2024-03-06,NAB.AX,35.01,35.36,34.41,34.55,6982143,2460.1
2024-03-06,MQG.AX,206.04,210.69,202.91,208.08,5039640,26113.6
2024-03-07,CBA.AX,54.07,55.37,53.8,54.47,611100,6307.1
2024-03-07,ANZ.AX,18.91,19.44,18.79,19.2,3074069,1053.9
2024-03-07,WBC.AX,15.24,15.49,15.21,15.4,7068412,1343.4
2024-03-07,NAB.AX,33.58,34.4,33.31,34.03,1797306,6185.3
2024-03-07,MQG.AX,209.95,213.84,206.96,210.0,5654017,21075.9
2024-03-08,CBA.AX,54.45,55.69,54.27,54.97,5823064,9712.0
2024-03-08,ANZ.AX,19.36,19.45,19.07,19.22,5395338,2938.7
2024-03-08,WBC.AX,15.29,15.54,14.9,15.17,2126404,2550.1
2024-03-08,NAB.AX,34.72,34.73,33.72,34.17,7456281,5438.2
2024-03-08,MQG.AX,211.62,217.51,209.55,212.78,7336576,29902.1
2024-03-11,CBA.AX,55.71,56.5,55.14,56.0,4183771,8227.8
2024-03-11,ANZ.AX,18.58,18.98,18.48,18.87,3828872,1292.9
2024-03-11,WBC.AX,15.22,15.43,14.9,15.1,3365073,1306.1
2024-03-11,NAB.AX,33.31,33.55,32.81,33.48,2358984,2625.2
2024-03-11,MQG.AX,218.24,219.8,214.06,214.58,4795729,11235.1
2024-03-12,CBA.AX,56.64,56.94,55.32,56.35,1821368,4926.7
2024-03-12,ANZ.AX,18.86,18.99,18.72,18.92,7517482,2913.1
2024-03-12,WBC.AX,15.19,15.5,15.01,15.15,2126948,921.0
2024-03-12,NAB.AX,33.0,33.62,32.42,33.06,1290603,3435.7
2024-03-12,MQG.AX,219.25,219.63,216.9,218.12,5363731,37193.8
2024-03-13,CBA.AX,57.43,57.64,56.26,57.0,2477031,8969.4
2024-03-13,ANZ.AX,18.63,19.13,18.61,18.95,1684039,2114.1
2024-03-13,WBC.AX,15.26,15.33,15.19,15.26,5861138,2148.1
2024-03-13,NAB.AX,33.03,33.19,32.95,33.04,5854682,5526.7
2024-03-13,MQG.AX,221.81,224.86,216.35,219.59,7144402,36551.3
2024-03-14,CBA.AX,56.94,57.5,56.86,56.98,1006214,7373.5
2024-03-14,ANZ.AX,19.21,19.39,18.95,19.15,5966106,1008.2
2024-03-14,WBC.AX,15.25,15.36,15.13,15.29,811806,2058.8
2024-03-14,NAB.AX,32.67,32.79,32.54,32.61,4009788,6193.2
2024-03-14,MQG.AX,215.81,217.63,214.5,217.15,1279661,35703.8
2024-03-15,CBA.AX,54.68,57.12,54.57,55.81,2396122,6733.8
2024-03-15,ANZ.AX,19.1,19.11,18.76,19.0,1194216,3582.1
2024-03-15,WBC.AX,15.34,15.39,14.92,15.3,1800685,825.1
2024-03-15,NAB.AX,32.11,32.17,31.95,32.1,3781221,2457.7
2024-03-15,MQG.AX,221.28,221.53,217.7,218.0,4630866,20233.1
2024-03-18,CBA.AX,55.48,56.22,54.87,55.07,4890896,8670.2
2024-03-18,ANZ.AX,18.87,19.22,18.77,19.17,1483180,3517.0
2024-03-18,WBC.AX,15.3,15.45,14.77,15.09,2238229,1145.9
2024-03-18,NAB.AX,31.47,31.75,31.38,31.59,1440644,2985.5
2024-03-18,MQG.AX,217.41,219.93,214.33,216.23,7594724,39772.9
2024-03-19,CBA.AX,53.66,54.13,53.18,53.7,3870696,9027.6
2024-03-19,ANZ.AX,19.14,19.39,18.84,19.2,981762,2329.6
2024-03-19,WBC.AX,14.92,14.94,14.84,14.86,2317686,1634.1
2024-03-19,NAB.AX,31.14,31.84,30.92,31.07,7565478,3186.5
2024-03-19,MQG.AX,222.96,223.59,215.93,219.95,5064699,19048.0
2024-03-20,CBA.AX,54.01,54.26,52.28,53.57,4692638,8686.5
2024-03-20,ANZ.AX,19.31,19.55,19.11,19.51,1714758,1253.5
2024-03-20,WBC.AX,15.04,15.14,14.72,14.81,5428812,2310.2
2024-03-20,NAB.AX,31.28,31.52,31.13,31.31,4028381,4292.7
2024-03-20,MQG.AX,215.63,221.6,215.09,219.98,3903304,12021.7
2024-03-21,CBA.AX,54.63,55.64,54.14,54.3,559849,9631.8
2024-03-21,ANZ.AX,19.45,19.5,19.25,19.28,3714656,1121.8
2024-03-21,WBC.AX,14.79,14.89,14.47,14.74,3843764,2589.6
2024-03-21,NAB.AX,30.64,31.45,30.56,31.25,940275,5800.7
2024-03-21,MQG.AX,220.87,221.88,218.61,221.62,1515658,31095.5
2024-03-22,CBA.AX,54.85,54.99,53.24,54.18,2597560,3084.5
2024-03-22,ANZ.AX,19.33,19.61,18.99,19.3,5516528,3558.9
2024-03-22,WBC.AX,14.5,14.52,14.43,14.5,3291012,1623.4
2024-03-22,NAB.AX,30.44,31.11,29.96,30.61,2394407,3205.5
2024-03-22,MQG.AX,222.59,225.57,220.32,223.37,3532575,17270.5
2024-03-25,CBA.AX,54.9,55.0,54.47,54.91,4922945,9197.8
2024-03-25,ANZ.AX,19.5,19.71,19.49,19.51,3974672,1931.1
2024-03-25,WBC.AX,14.47,14.63,14.38,14.41,4239232,1672.2
2024-03-25,NAB.AX,30.73,30.95,30.43,30.71,3580367,3704.3
2024-03-25,MQG.AX,221.32,222.53,218.72,221.62,5685309,39239.2
2024-03-26,CBA.AX,55.37,55.61,54.58,54.91,1869143,5988.7
2024-03-26,ANZ.AX,19.98,20.19,19.47,19.72,7579631,3720.7
2024-03-26,WBC.AX,14.58,14.78,14.45,14.56,6612748,1937.6
2024-03-26,NAB.AX,30.61,30.82,30.58,30.71,1059447,2724.2
2024-03-26,MQG.AX,222.33,228.77,219.66,224.65,7260934,28106.6
2024-03-27,CBA.AX,55.63,57.64,55.47,56.28,6143812,10709.2
2024-03-27,ANZ.AX,19.78,19.93,19.64,19.7,7559479,3599.5
2024-03-27,WBC.AX,14.6,14.88,14.41,14.54,3194223,1403.7
2024-03-27,NAB.AX,31.46,31.93,30.9,31.19,4489504,5022.9
2024-03-27,MQG.AX,230.31,231.79,224.58,226.71,4634917,25050.9
2024-03-28,CBA.AX,56.32,57.58,55.52,56.3,2230539,8306.4
2024-03-28,ANZ.AX,19.52,19.89,19.42,19.81,1258953,2965.6
2024-03-28,WBC.AX,14.51,14.76,14.49,14.56,1861746,792.7
2024-03-28,NAB.AX,31.51,31.67,30.69,31.2,2677080,1617.2
2024-03-28,MQG.AX,228.33,229.67,223.71,229.09,5952257,43408.6
2024-03-29,CBA.AX,55.95,57.0,55.89,56.77,7824501,6565.6
2024-03-29,ANZ.AX,19.53,20.12,19.29,19.71,1531565,2230.6
2024-03-29,WBC.AX,14.61,14.78,14.27,14.53,7566421,878.4
2024-03-29,NAB.AX,31.48,31.61,31.37,31.49,7862262,2952.1
2024-03-29,MQG.AX,225.66,228.47,225.18,226.75,2419519,43728.7
2024-04-01,CBA.AX,57.34,57.35,56.36,57.21,2965012,3944.3
2024-04-01,ANZ.AX,19.48,20.26,19.43,19.8,4849656,3385.9
2024-04-01,WBC.AX,14.52,14.9,14.48,14.56,6386229,1466.1
2024-04-01,NAB.AX,31.33,32.23,31.18,31.67,7592578,5163.3
2024-04-01,MQG.AX,225.37,230.32,224.22,228.52,2459751,14804.1
2024-04-02,CBA.AX,55.75,56.79,54.97,55.95,7035800,5513.1
2024-04-02,ANZ.AX,20.13,20.4,19.54,19.99,2288407,2426.2
2024-04-02,WBC.AX,14.81,15.16,14.67,14.81,4067607,2390.7
2024-04-02,NAB.AX,32.07,32.3,31.36,31.67,599671,6079.7
2024-04-02,MQG.AX,221.88,223.86,220.4,223.39,7509609,34106.1
2024-04-03,CBA.AX,55.26,56.08,55.21,55.6,5176046,9458.1
2024-04-03,ANZ.AX,19.25,19.46,19.15,19.31,7703012,3766.2
2024-04-03,WBC.AX,14.89,14.96,14.52,14.72,2516998,1261.8
2024-04-03,NAB.AX,31.77,32.09,31.27,31.56,2585486,3623.2
2024-04-03,MQG.AX,221.4,224.34,215.58,220.92,4710771,36620.8
2024-04-04,CBA.AX,57.22,57.7,55.2,56.51,6392051,6925.5
2024-04-04,ANZ.AX,20.2,20.21,19.31,19.78,7170308,2660.9
2024-04-04,WBC.AX,14.76,14.93,14.47,14.65,5172528,1990.1
2024-04-04,NAB.AX,31.78,31.96,31.29,31.59,3507055,2381.0
2024-04-04,MQG.AX,225.92,228.92,221.43,225.14,4552474,42383.8
2024-04-05,CBA.AX,55.75,56.91,55.33,56.65,6623025,4135.3
2024-04-05,ANZ.AX,19.95,20.19,19.58,19.72,5827655,3623.8
2024-04-05,WBC.AX,14.68,14.8,14.46,14.68,1258207,2048.2
2024-04-05,NAB.AX,32.14,32.22,31.42,31.66,7455876,6001.0
2024-04-05,MQG.AX,224.97,226.87,222.96,224.59,7982131,41295.1
2024-04-08,CBA.AX,58.17,59.95,58.07,58.49,4713617,9935.0
2024-04-08,ANZ.AX,19.87,19.89,19.39,19.83,7392750,1341.7
2024-04-08,WBC.AX,14.84,14.89,14.66,14.83,7888297,1097.8
2024-04-08,NAB.AX,31.11,31.74,30.8,31.53,4577247,3933.5
2024-04-08,MQG.AX,224.47,225.72,217.33,221.73,6847395,40751.3
2024-04-09,CBA.AX,59.01,59.81,58.33,59.57,1474145,11538.5
2024-04-09,ANZ.AX,20.03,20.22,19.56,19.82,2082334,1419.0
2024-04-09,WBC.AX,14.98,15.08,14.75,14.95,7738679,1317.9
2024-04-09,NAB.AX,31.45,32.39,31.44,31.68,2619219,2463.8
2024-04-09,MQG.AX,220.08,223.61,216.8,221.06,1438964,23309.1
2024-04-10,CBA.AX,58.97,60.38,58.24,59.31,7709419,8859.5
2024-04-10,ANZ.AX,20.27,20.31,19.39,19.82,7157098,1972.1
2024-04-10,WBC.AX,15.47,15.63,14.94,15.32,3554594,1590.7
2024-04-10,NAB.AX,31.63,32.11,31.17,31.44,5598555,5348.2
2024-04-10,MQG.AX,220.72,222.33,219.18,220.55,4361546,30379.8
2024-04-11,CBA.AX,59.0,59.52,57.66,58.82,1335043,6666.7
2024-04-11,ANZ.AX,19.3,19.68,19.18,19.6,1369636,1279.8
2024-04-11,WBC.AX,15.06,15.29,14.61,14.96,925511,987.9
2024-04-11,NAB.AX,31.11,31.94,30.93,31.2,2682160,3455.4
2024-04-11,MQG.AX,223.46,224.09,220.35,220.81,7315789,20591.0
2024-04-12,CBA.AX,58.55,59.14,58.47,58.78,2413837,10487.3
2024-04-12,ANZ.AX,19.79,19.93,19.26,19.49,4893303,3174.8
2024-04-12,WBC.AX,15.36,15.42,15.19,15.23,6535931,2076.3
2024-04-12,NAB.AX,30.59,30.89,30.55,30.71,4526852,1590.5
2024-04-12,MQG.AX,219.02,223.19,217.94,218.37,5683910,16469.1
2024-04-15,CBA.AX,58.79,59.05,58.59,58.67,6712631,7808.0
2024-04-15,ANZ.AX,19.87,19.96,19.5,19.7,2254395,2304.0
2024-04-15,WBC.AX,15.3,15.58,15.28,15.43,4267652,2721.4
2024-04-15,NAB.AX,30.83,30.95,30.33,30.52,5032467,1540.3
2024-04-15,MQG.AX,222.56,224.89,218.23,222.3,7948220,35804.6
2024-04-16,CBA.AX,57.63,59.08,57.54,58.71,2598891,7998.0
2024-04-16,ANZ.AX,19.68,20.03,19.47,19.82,3088610,1083.7
2024-04-16,WBC.AX,15.47,15.69,15.4,15.67,3486989,1540.1
2024-04-16,NAB.AX,30.48,30.64,29.55,29.93,2712922,3973.7
2024-04-16,MQG.AX,225.43,226.37,221.41,223.41,5236633,33017.0
2024-04-17,CBA.AX,58.89,59.32,58.86,58.93,1643211,9391.9
2024-04-17,ANZ.AX,19.41,19.85,19.32,19.55,3357253,2489.0
2024-04-17,WBC.AX,15.35,15.91,15.31,15.62,3612998,1779.5
2024-04-17,NAB.AX,29.92,30.48,29.77,29.84,779514,3489.4
2024-04-17,MQG.AX,224.8,225.99,222.26,225.68,4639090,13344.0
2024-04-18,CBA.AX,59.62,60.14,59.57,59.77,5307265,10060.2
2024-04-18,ANZ.AX,19.07,19.37,19.04,19.32,1375371,3832.7
2024-04-18,WBC.AX,15.44,15.58,15.31,15.48,6593462,1038.9
2024-04-18,NAB.AX,29.52,29.84,29.42,29.67,4634699,4255.1
2024-04-18,MQG.AX,228.3,231.4,223.01,226.03,2271736,12233.2
2024-04-19,CBA.AX,59.16,59.95,59.03,59.75,926516,11019.3
2024-04-19,ANZ.AX,18.84,19.46,18.74,19.2,1309503,2086.5
2024-04-19,WBC.AX,16.05,16.22,15.66,15.89,1565175,1506.1
2024-04-19,NAB.AX,28.96,29.1,28.43,28.9,3194992,1707.8
2024-04-19,MQG.AX,220.78,226.26,219.93,223.76,6041265,31524.6
2024-04-22,CBA.AX,59.14,59.58,58.8,58.98,5832938,4007.5
2024-04-22,ANZ.AX,19.39,19.65,19.34,19.62,6774997,3124.3
2024-04-22,WBC.AX,15.71,16.05,15.7,15.73,2464231,1526.9
2024-04-22,NAB.AX,29.23,29.33,28.13,28.63,5005601,1855.4
2024-04-22,MQG.AX,224.05,225.26,216.62,219.93,6770140,19674.5
2024-04-23,CBA.AX,58.26,58.71,57.2,58.2,6742108,8995.0
2024-04-23,ANZ.AX,19.89,19.89,19.17,19.53,781993,3817.3
2024-04-23,WBC.AX,15.77,15.82,15.67,15.71,1212367,3080.1
2024-04-23,NAB.AX,29.63,29.82,28.88,29.32,2853911,1508.3
2024-04-23,MQG.AX,218.84,221.41,211.92,217.09,5918945,27084.6
2024-04-24,CBA.AX,58.69,58.74,56.35,57.74,1100241,4827.7
2024-04-24,ANZ.AX,19.78,20.02,19.68,19.88,779082,2035.1
2024-04-24,WBC.AX,15.34,15.92,15.29,15.67,2637777,2624.9
2024-04-24,NAB.AX,29.01,29.46,28.81,29.24,2659084,1486.4
2024-04-24,MQG.AX,217.52,219.55,212.47,217.8,2638004,38635.2
2024-04-25,CBA.AX,57.64,58.21,57.0,57.8,2270470,5453.6
2024-04-25,ANZ.AX,19.99,20.5,19.98,20.31,5127128,2785.4
2024-04-25,WBC.AX,15.47,15.67,15.32,15.6,3152946,1817.8
2024-04-25,NAB.AX,30.24,30.5,29.84,30.09,6694811,1861.6
2024-04-25,MQG.AX,222.32,225.76,215.4,220.32,1395628,37210.5
2024-04-26,CBA.AX,57.7,58.45,56.13,57.48,3588144,7755.3
2024-04-26,ANZ.AX,20.12,20.73,20.05,20.41,680642,2365.1
2024-04-26,WBC.AX,15.88,16.1,15.49,15.79,6235817,1439.7
2024-04-26,NAB.AX,29.94,30.19,29.1,29.49,6554307,4399.8
2024-04-26,MQG.AX,219.18,228.54,218.79,223.84,7988623,18870.8
2024-04-29,CBA.AX,56.34,57.77,56.14,56.6,4346735,6243.0
2024-04-29,ANZ.AX,20.65,21.13,20.16,20.63,2953870,1892.0
2024-04-29,WBC.AX,15.96,16.09,15.56,15.85,5899181,1993.3
2024-04-29,NAB.AX,29.79,30.19,28.99,29.67,2412017,2307.8
2024-04-29,MQG.AX,218.56,227.88,217.66,222.87,7202756,37726.1
2024-04-30,CBA.AX,57.39,57.66,56.82,57.23,6937617,7094.6
2024-04-30,ANZ.AX,20.34,20.74,20.26,20.37,5350934,2416.6
2024-04-30,WBC.AX,15.78,15.79,15.67,15.74,3011023,3080.5
2024-04-30,NAB.AX,28.68,29.36,28.38,28.7,7958063,1456.4
2024-04-30,MQG.AX,221.98,226.21,220.53,221.47,3898872,18867.9
2024-05-01,CBA.AX,57.33,58.04,56.03,56.66,2925953,7595.4
2024-05-01,ANZ.AX,20.57,20.83,20.33,20.53,2546022,2499.8
2024-05-01,WBC.AX,15.6,15.81,15.41,15.55,7234425,1371.5
2024-05-01,NAB.AX,27.57,28.32,27.32,27.99,7684583,2020.9
2024-05-01,MQG.AX,216.96,219.62,213.87,218.82,1528605,24840.0
2024-05-02,CBA.AX,56.94,57.65,56.34,57.17,4066021,8811.6
2024-05-02,ANZ.AX,20.21,20.48,19.79,20.27,5435248,1379.9
2024-05-02,WBC.AX,15.48,15.78,15.32,15.62,6018203,2300.8
2024-05-02,NAB.AX,28.38,28.46,27.89,28.29,4662572,5002.2
2024-05-02,MQG.AX,220.76,222.77,219.14,220.67,5324807,14898.8
2024-05-03,CBA.AX,56.72,57.39,56.21,56.48,7095412,4624.8
2024-05-03,ANZ.AX,20.67,20.87,20.49,20.52,6049684,1958.7
2024-05-03,WBC.AX,15.57,15.58,15.24,15.46,7419621,3078.9
2024-05-03,NAB.AX,28.55,28.58,28.12,28.25,964771,1983.6
2024-05-03,MQG.AX,222.7,225.31,222.65,223.13,1217660,23204.7
2024-05-06,CBA.AX,57.22,57.43,56.44,56.99,6304677,8175.1
2024-05-06,ANZ.AX,20.38,20.77,20.19,20.48,3605481,2220.4
2024-05-06,WBC.AX,15.51,15.67,15.03,15.31,2757263,1585.2
2024-05-06,NAB.AX,28.22,28.48,27.74,27.96,3774713,5349.7
2024-05-06,MQG.AX,227.44,228.22,225.69,226.85,2041357,11452.2
2024-05-07,CBA.AX,57.9,57.9,55.65,56.61,3364384,10914.5
2024-05-07,ANZ.AX,20.57,20.65,20.49,20.55,4928952,2954.1
2024-05-07,WBC.AX,14.95,15.31,14.72,15.04,3242946,2268.6
2024-05-07,NAB.AX,28.91,28.92,27.92,28.25,7558977,5388.9
2024-05-07,MQG.AX,225.71,225.74,223.81,224.67,7352708,24817.6
2024-05-08,CBA.AX,57.53,57.92,56.08,56.76,2072029,9460.8
2024-05-08,ANZ.AX,21.11,21.35,21.03,21.11,1946861,3086.6
2024-05-08,WBC.AX,15.23,15.41,14.83,15.1,887413,883.3
2024-05-08,NAB.AX,27.63,27.73,27.25,27.39,4126832,2827.6
2024-05-08,MQG.AX,217.3,221.95,216.55,219.27,4618576,14455.5
2024-05-09,CBA.AX,56.43,58.37,56.3,56.95,1436976,6175.6
2024-05-09,ANZ.AX,21.46,21.55,21.26,21.36,7234518,1624.2
2024-05-09,WBC.AX,14.83,15.26,14.78,15.03,5587170,918.2
2024-05-09,NAB.AX,26.83,27.12,26.78,27.05,948545,3293.0
2024-05-09,MQG.AX,218.48,221.05,217.85,220.59,6826808,39153.6
2024-05-10,CBA.AX,56.35,56.63,55.42,56.55,3013660,4792.9
2024-05-10,ANZ.AX,22.1,22.21,21.43,21.75,1972958,3560.1
2024-05-10,WBC.AX,14.87,15.21,14.66,15.0,5342058,2187.1
2024-05-10,NAB.AX,27.14,27.93,27.03,27.31,6323919,2080.5
2024-05-10,MQG.AX,223.74,223.79,217.93,222.17,5049977,16296.9
2024-05-13,CBA.AX,55.5,56.65,55.38,55.97,4146073,10479.1
2024-05-13,ANZ.AX,21.61,21.71,21.18,21.65,7432343,1831.0
2024-05-13,WBC.AX,14.88,15.27,14.86,14.96,3582305,2100.5
2024-05-13,NAB.AX,26.84,27.36,26.75,27.05,5314710,5196.8
2024-05-13,MQG.AX,223.76,225.83,219.46,224.05,6548276,27390.3
2024-05-14,CBA.AX,56.04,57.97,55.68,56.71,4701929,5386.7
2024-05-14,ANZ.AX,21.29,21.53,21.21,21.38,5766437,2832.5
2024-05-14,WBC.AX,15.02,15.07,14.89,14.97,7833322,1755.7
2024-05-14,NAB.AX,26.77,27.48,26.71,26.94,4307997,3672.4
2024-05-14,MQG.AX,225.5,227.28,224.62,225.12,2159835,16589.3
2024-05-15,CBA.AX,55.83,56.73,55.49,56.08,7562375,8310.8
2024-05-15,ANZ.AX,21.12,21.51,21.05,21.23,5183787,3350.2
2024-05-15,WBC.AX,15.49,15.55,15.06,15.26,6655575,1930.8
2024-05-15,NAB.AX,26.83,26.93,26.44,26.73,7672513,3447.8
2024-05-15,MQG.AX,220.94,224.64,217.42,222.09,2656802,27690.1
2024-05-16,CBA.AX,54.14,54.77,53.63,54.61,6413631,9873.4
2024-05-16,ANZ.AX,21.42,21.51,20.86,21.09,7163721,2259.5
2024-05-16,WBC.AX,15.19,15.44,15.12,15.39,6084467,1955.6
2024-05-16,NAB.AX,26.89,27.34,26.73,27.22,6408644,5018.6
2024-05-16,MQG.AX,220.9,221.48,218.52,220.89,2591717,37111.1
2024-05-17,CBA.AX,54.95,55.07,53.4,54.69,4042787,5724.0
2024-05-17,ANZ.AX,20.83,21.31,20.57,20.98,751357,1297.4
2024-05-17,WBC.AX,15.09,15.46,15.06,15.37,1166559,838.5
2024-05-17,NAB.AX,27.57,27.67,27.01,27.44,7842400,1749.1
2024-05-17,MQG.AX,217.49,223.82,217.18,222.43,6349822,35004.7
2024-05-20,CBA.AX,55.97,56.12,54.56,55.7,4283358,5788.3
2024-05-20,ANZ.AX,21.45,21.45,20.83,20.95,557141,1628.5
2024-05-20,WBC.AX,15.84,16.1,15.64,15.71,4301249,1287.6
2024-05-20,NAB.AX,28.13,28.49,27.52,27.9,871523,1744.1
2024-05-20,MQG.AX,224.54,226.39,222.12,222.64,3970630,16358.0
2024-05-21,CBA.AX,56.33,56.81,55.57,55.65,1825930,10456.7
2024-05-21,ANZ.AX,20.65,21.65,20.65,21.17,1148821,1721.3
2024-05-21,WBC.AX,15.99,16.13,15.67,15.97,4076534,3018.0
2024-05-21,NAB.AX,28.8,28.84,27.94,28.6,2593387,2894.6
2024-05-21,MQG.AX,227.8,228.7,223.46,224.58,1200116,13389.8
2024-05-22,CBA.AX,53.91,55.77,53.1,54.42,941170,3397.8
2024-05-22,ANZ.AX,20.64,21.18,20.6,21.0,1443764,2852.3
2024-05-22,WBC.AX,15.93,16.08,15.68,15.73,987530,2746.1
2024-05-22,NAB.AX,29.4,29.53,28.94,29.39,7201135,5387.3
2024-05-22,MQG.AX,228.87,233.29,224.71,227.7,4166000,25632.4
2024-05-23,CBA.AX,53.6,54.67,52.52,53.53,7973841,5344.6
2024-05-23,ANZ.AX,20.86,21.2,20.78,21.17,3861410,3805.0
2024-05-23,WBC.AX,16.13,16.2,15.65,15.9,6061016,2574.6
2024-05-23,NAB.AX,28.87,29.37,28.61,28.8,2663024,5240.8
2024-05-23,MQG.AX,229.93,231.95,222.87,227.69,1417463,38479.6
2024-05-24,CBA.AX,53.14,54.34,52.44,53.28,5166906,2832.3
2024-05-24,ANZ.AX,21.47,21.54,21.2,21.48,3270915,2215.0
2024-05-24,WBC.AX,15.66,15.83,15.55,15.66,3235517,2867.9
2024-05-24,NAB.AX,28.66,29.04,28.62,28.83,3008181,5360.1
2024-05-24,MQG.AX,224.58,232.96,223.16,227.42,3892391,28212.1
2024-05-27,CBA.AX,53.05,54.48,52.96,53.62,3407060,9501.9
2024-05-27,ANZ.AX,21.94,22.06,21.72,21.92,6966847,3996.0
2024-05-27,WBC.AX,15.79,15.97,15.5,15.8,4226598,891.9
2024-05-27,NAB.AX,28.74,29.44,28.65,28.91,1757180,5236.0
2024-05-27,MQG.AX,228.2,233.49,224.92,228.19,5021235,14099.7
2024-05-28,CBA.AX,53.53,54.25,53.33,53.51,3519456,7305.0
2024-05-28,ANZ.AX,21.9,21.96,21.8,21.86,5957268,3673.0
2024-05-28,WBC.AX,15.36,15.83,15.29,15.56,4350286,2606.5
2024-05-28,NAB.AX,29.04,29.53,28.56,29.27,616622,1816.2
2024-05-28,MQG.AX,231.63,234.09,224.55,229.68,7886821,11689.6
2024-05-29,CBA.AX,53.48,54.08,52.73,52.89,2001723,6666.0
2024-05-29,ANZ.AX,22.06,22.36,21.84,22.11,4553315,2704.8
2024-05-29,WBC.AX,15.33,15.56,15.3,15.53,1274601,2183.8
2024-05-29,NAB.AX,29.64,30.05,29.05,29.63,1484153,2632.4
2024-05-29,MQG.AX,233.79,234.32,231.75,234.03,1428995,24422.7
2024-05-30,CBA.AX,52.08,53.02,51.81,52.51,4046910,10137.6
2024-05-30,ANZ.AX,22.36,22.43,22.12,22.16,956214,4084.0
2024-05-30,WBC.AX,15.5,15.76,15.12,15.49,7281423,1396.3
2024-05-30,NAB.AX,29.63,29.71,29.07,29.48,3780618,4086.9
2024-05-30,MQG.AX,239.31,242.2,233.42,238.87,1885563,24206.2
2024-05-31,CBA.AX,50.73,51.51,49.84,50.96,3980781,3282.1
2024-05-31,ANZ.AX,22.47,22.54,22.13,22.5,822834,3798.4
2024-05-31,WBC.AX,15.52,15.84,15.45,15.51,896491,2486.0
2024-05-31,NAB.AX,29.33,29.34,29.17,29.27,5693009,3007.8
2024-05-31,MQG.AX,236.07,245.47,234.75,240.14,4175145,44390.3
2024-06-03,CBA.AX,51.16,51.53,50.9,50.97,7254490,9951.4
2024-06-03,ANZ.AX,22.44,22.52,21.87,22.21,2117846,2395.7
2024-06-03,WBC.AX,15.65,15.76,15.59,15.61,4595122,1220.7
2024-06-03,NAB.AX,28.68,29.38,28.56,29.25,3236590,5293.2
2024-06-03,MQG.AX,238.66,242.72,236.1,236.83,2750092,12493.1
2024-06-04,CBA.AX,51.94,52.42,51.52,51.82,2213828,8983.2
2024-06-04,ANZ.AX,22.81,22.94,22.14,22.65,2178472,3293.3
2024-06-04,WBC.AX,15.09,15.52,15.06,15.4,926926,2247.8
2024-06-04,NAB.AX,29.16,29.19,28.44,28.96,2520371,5147.6
2024-06-04,MQG.AX,237.75,242.35,236.36,237.8,729180,38873.2
2024-06-05,CBA.AX,52.06,52.7,50.87,51.78,3973628,2599.2
2024-06-05,ANZ.AX,23.04,23.06,22.56,22.75,4664935,4166.4
2024-06-05,WBC.AX,15.16,15.55,14.93,15.22,7184061,773.1
2024-06-05,NAB.AX,29.48,29.49,29.15,29.26,5830561,5107.4
2024-06-05,MQG.AX,232.03,237.97,231.94,236.36,4598450,35035.2
2024-06-06,CBA.AX,52.26,53.29,51.4,52.51,2705242,5526.6
2024-06-06,ANZ.AX,23.23,23.32,22.24,22.78,7169569,1309.6
2024-06-06,WBC.AX,15.38,15.55,15.17,15.22,3249553,2851.2
2024-06-06,NAB.AX,28.7,29.73,28.7,29.07,2871875,2238.2
2024-06-06,MQG.AX,238.4,241.23,235.45,239.23,4705826,23642.0
2024-06-07,CBA.AX,52.37,53.34,51.8,52.89,1674701,10277.0
2024-06-07,ANZ.AX,22.62,23.0,22.39,22.78,970483,1539.0
2024-06-07,WBC.AX,15.13,15.19,15.06,15.15,4476060,2285.7
2024-06-07,NAB.AX,29.68,30.02,28.81,29.3,1524121,2380.3
2024-06-07,MQG.AX,240.45,243.32,239.41,242.38,4802365,13010.2
2024-06-10,CBA.AX,51.95,53.09,51.82,52.1,685100,10168.2
2024-06-10,ANZ.AX,22.96,22.96,22.74,22.8,6665428,4482.8
2024-06-10,WBC.AX,15.08,15.18,14.92,15.14,7528467,1240.4
2024-06-10,NAB.AX,29.56,29.69,29.08,29.37,3710103,3943.3
2024-06-10,MQG.AX,241.75,246.19,238.14,240.79,4785977,28851.5
2024-06-11,CBA.AX,51.8,53.18,51.5,51.96,2208381,7295.7
2024-06-11,ANZ.AX,22.53,22.98,22.21,22.75,3951641,3905.7
2024-06-11,WBC.AX,15.05,15.35,14.97,15.04,2221201,2127.6
2024-06-11,NAB.AX,29.36,29.68,28.77,29.44,4989601,5837.1
2024-06-11,MQG.AX,244.68,245.39,239.94,242.64,4112799,22959.1
2024-06-12,CBA.AX,52.76,53.41,51.28,52.15,1204962,7753.0
2024-06-12,ANZ.AX,23.6,23.74,23.08,23.33,3627546,4499.2
2024-06-12,WBC.AX,14.45,14.97,14.43,14.76,5055429,2030.2
2024-06-12,NAB.AX,30.23,30.54,29.64,30.23,1404199,3933.4
2024-06-12,MQG.AX,245.35,246.15,239.63,242.32,7051970,20413.0
2024-06-13,CBA.AX,52.11,53.41,51.87,53.19,7418013,4336.5
2024-06-13,ANZ.AX,23.42,23.74,23.06,23.26,6866120,1998.0
2024-06-13,WBC.AX,14.75,14.96,14.42,14.67,6487008,2183.5
2024-06-13,NAB.AX,29.39,30.32,29.37,29.93,3103275,2597.1
2024-06-13,MQG.AX,244.84,251.34,242.01,245.62,836421,42189.4
2024-06-14,CBA.AX,52.39,52.83,51.15,51.96,4393226,5049.0
2024-06-14,ANZ.AX,23.26,23.77,22.75,23.22,3494089,1875.6
2024-06-14,WBC.AX,14.18,14.79,14.14,14.43,5153608,2398.2
2024-06-14,NAB.AX,30.16,30.3,29.99,30.13,747821,1928.5
2024-06-14,MQG.AX,243.96,250.31,242.66,245.37,4393501,30670.7
2024-06-17,CBA.AX,51.29,51.65,51.05,51.48,1375037,2598.6
2024-06-17,ANZ.AX,23.18,23.29,22.76,22.99,7458128,4257.5
2024-06-17,WBC.AX,14.54,14.72,14.5,14.52,5943504,2142.1
2024-06-17,NAB.AX,30.05,30.48,29.46,29.82,594567,1552.6
2024-06-17,MQG.AX,250.87,251.65,243.18,246.36,1030961,44661.8
2024-06-18,CBA.AX,49.87,50.41,49.62,50.17,7761073,3738.4
2024-06-18,ANZ.AX,22.89,23.41,22.88,23.18,5079605,3858.0
2024-06-18,WBC.AX,14.65,15.0,14.59,14.75,2894820,960.7
2024-06-18,NAB.AX,29.17,30.07,28.92,29.34,846345,3921.0
2024-06-18,MQG.AX,244.19,246.36,238.49,243.02,5682494,32056.8
2024-06-19,CBA.AX,51.27,51.28,50.75,50.91,5121958,6925.1
2024-06-19,ANZ.AX,22.76,23.25,22.58,22.71,4979383,1975.8
2024-06-19,WBC.AX,14.76,14.87,14.5,14.74,6675941,2139.7
2024-06-19,NAB.AX,29.68,30.41,29.48,30.1,6120084,6001.1
2024-06-19,MQG.AX,241.38,244.55,240.03,241.86,3185834,45538.6
2024-06-20,CBA.AX,50.61,51.1,49.76,50.32,3047559,4196.0
2024-06-20,ANZ.AX,23.01,23.36,22.92,23.03,4895949,1749.1
2024-06-20,WBC.AX,15.0,15.13,14.68,14.77,7554435,1272.9
2024-06-20,NAB.AX,30.53,31.06,30.01,30.39,2910308,6045.9
2024-06-20,MQG.AX,242.95,244.45,242.25,243.74,5034146,46936.6
2024-06-21,CBA.AX,50.9,51.61,50.62,51.02,1901639,9997.9
2024-06-21,ANZ.AX,23.09,23.35,22.95,23.26,1653646,2105.4
2024-06-21,WBC.AX,14.83,14.92,14.37,14.65,4667297,2877.3
2024-06-21,NAB.AX,30.24,30.38,29.64,30.23,3451589,4455.7
2024-06-21,MQG.AX,241.83,242.53,238.53,241.51,4195443,30944.2
2024-06-24,CBA.AX,51.34,51.52,49.82,50.6,6908674,3402.3
2024-06-24,ANZ.AX,23.18,23.6,22.54,23.04,6355006,2830.9
2024-06-24,WBC.AX,14.74,14.95,14.63,14.7,1550380,1432.0
2024-06-24,NAB.AX,29.84,29.98,29.33,29.84,3871386,3526.0
2024-06-24,MQG.AX,243.83,250.09,243.47,246.24,4385804,18296.3
2024-06-25,CBA.AX,51.36,52.04,50.0,51.23,1329575,4977.8
2024-06-25,ANZ.AX,22.99,23.46,22.49,23.01,4176668,3626.2
2024-06-25,WBC.AX,15.15,15.15,14.72,14.9,5668624,1046.6
2024-06-25,NAB.AX,29.68,29.81,29.28,29.64,4901813,3217.2
2024-06-25,MQG.AX,249.32,250.39,246.29,248.63,2066287,33428.2
2024-06-26,CBA.AX,51.96,53.13,51.89,51.96,3523273,5726.9
2024-06-26,ANZ.AX,22.56,22.66,22.54,22.61,5967889,4271.2
2024-06-26,WBC.AX,15.03,15.17,14.83,14.9,3942840,1070.5
2024-06-26,NAB.AX,29.84,30.17,28.96,29.68,1746932,5143.2
2024-06-26,MQG.AX,249.75,254.2,246.9,251.46,7445400,13945.1
2024-06-27,CBA.AX,52.66,52.85,50.78,52.04,1201183,2651.6
2024-06-27,ANZ.AX,22.42,22.86,22.18,22.51,6086870,3127.4
2024-06-27,WBC.AX,14.73,14.96,14.72,14.83,1306028,1797.2
2024-06-27,NAB.AX,29.79,30.37,29.41,29.97,5990551,4803.6
2024-06-27,MQG.AX,252.37,253.72,246.83,248.93,535637,46475.2
2024-06-28,CBA.AX,51.89,52.52,51.79,52.07,6080219,7873.9
2024-06-28,ANZ.AX,21.94,22.2,21.88,21.94,4686543,3643.3
2024-06-28,WBC.AX,14.73,14.73,14.32,14.65,3633282,2536.6
2024-06-28,NAB.AX,30.16,30.46,30.14,30.35,4964536,4607.5
2024-06-28,MQG.AX,248.85,249.31,245.88,246.67,7326351,30637.2
2024-07-01,CBA.AX,51.3,52.43,51.26,52.38,688298,5817.9
2024-07-01,ANZ.AX,22.63,22.63,22.48,22.51,7119099,1994.1
2024-07-01,WBC.AX,14.52,14.69,14.44,14.57,4115958,2200.9
2024-07-01,NAB.AX,30.53,31.5,30.07,30.79,2114502,2853.2
2024-07-01,MQG.AX,247.41,251.88,244.29,250.05,1816695,31569.3
2024-07-02,CBA.AX,51.8,52.7,51.58,51.78,7533732,10218.6
2024-07-02,ANZ.AX,22.89,23.13,22.46,22.83,5205505,2831.6
2024-07-02,WBC.AX,14.5,14.63,14.47,14.51,2683801,2300.5
2024-07-02,NAB.AX,30.43,30.59,30.26,30.44,7081247,5359.8
2024-07-02,MQG.AX,244.61,245.77,239.79,244.56,1330219,26878.4
2024-07-03,CBA.AX,52.59,52.8,52.24,52.72,1623225,7405.3
2024-07-03,ANZ.AX,22.63,22.96,22.49,22.67,6997295,2110.3
2024-07-03,WBC.AX,14.5,14.62,14.43,14.55,4329812,1874.0
2024-07-03,NAB.AX,31.51,31.76,30.93,31.02,6635941,2864.9
2024-07-03,MQG.AX,244.48,249.17,240.58,243.91,2696373,35475.1
2024-07-04,CBA.AX,53.1,53.22,51.81,52.21,4533465,3787.9
2024-07-04,ANZ.AX,22.91,23.27,22.76,22.97,5222118,3888.0
2024-07-04,WBC.AX,14.44,14.5,14.2,14.34,7800588,877.2
2024-07-04,NAB.AX,31.11,31.95,30.93,31.5,4760255,2354.8
2024-07-04,MQG.AX,244.88,248.27,238.95,244.68,1600035,16678.7
2024-07-05,CBA.AX,51.82,52.23,51.45,51.55,6999634,2966.5
2024-07-05,ANZ.AX,23.0,23.49,22.81,22.96,5467226,1394.0
2024-07-05,WBC.AX,14.22,14.46,14.09,14.25,7618732,2484.6
2024-07-05,NAB.AX,32.01,32.4,31.18,31.8,3442250,5846.0
2024-07-05,MQG.AX,243.0,244.93,242.23,243.82,2724980,22257.1
2024-07-08,CBA.AX,51.13,52.74,51.09,51.8,6977451,2746.2
2024-07-08,ANZ.AX,22.96,23.62,22.64,23.08,5939742,2166.5
2024-07-08,WBC.AX,14.19,14.27,13.95,14.15,6001434,2652.5
2024-07-08,NAB.AX,32.35,32.73,31.49,32.13,7485589,2201.8
2024-07-08,MQG.AX,235.94,243.9,235.05,240.64,1098711,18619.1
2024-07-09,CBA.AX,51.62,52.93,51.01,51.67,2702645,8537.2
2024-07-09,ANZ.AX,23.12,23.8,22.93,23.23,4395665,3376.4
2024-07-09,WBC.AX,13.63,14.1,13.62,13.96,3612398,2681.0
2024-07-09,NAB.AX,32.78,32.84,31.94,32.25,3728187,4847.5
2024-07-09,MQG.AX,246.5,247.45,239.9,241.8,7860235,47930.2
2024-07-10,CBA.AX,51.53,52.47,51.36,52.25,6950794,6500.2
2024-07-10,ANZ.AX,23.08,23.31,22.71,23.02,7136605,3714.9
2024-07-10,WBC.AX,14.14,14.17,13.74,13.94,4683882,1731.3
2024-07-10,NAB.AX,32.17,32.49,31.64,31.96,7511221,5597.8
2024-07-10,MQG.AX,247.56,248.3,244.37,245.76,3021127,25630.9
2024-07-11,CBA.AX,51.87,53.17,51.49,52.11,4752535,9753.5
2024-07-11,ANZ.AX,23.65,23.85,23.39,23.57,4923379,1763.9
2024-07-11,WBC.AX,14.04,14.06,13.83,14.04,1377950,1366.8
2024-07-11,NAB.AX,31.36,31.95,30.82,31.37,2882869,3668.7
2024-07-11,MQG.AX,249.41,253.66,247.01,247.51,3280762,39647.7
2024-07-12,CBA.AX,51.25,51.28,49.97,50.99,4241073,6940.7
2024-07-12,ANZ.AX,23.87,23.99,23.36,23.59,3263776,4352.6
2024-07-12,WBC.AX,14.03,14.29,13.84,13.98,1294971,2501.1
2024-07-12,NAB.AX,31.06,31.12,30.8,30.98,7092571,1750.4
2024-07-12,MQG.AX,251.29,253.64,246.68,250.39,6968553,33666.9
2024-07-15,CBA.AX,52.6,52.75,51.5,51.86,973126,8570.8
2024-07-15,ANZ.AX,23.44,23.47,23.02,23.25,2406770,2950.7
2024-07-15,WBC.AX,13.84,14.05,13.5,13.78,523458,1373.0
2024-07-15,NAB.AX,30.49,30.55,29.96,30.36,5517078,2466.1
2024-07-15,MQG.AX,249.53,253.67,248.69,249.97,7806420,47201.5
2024-07-16,CBA.AX,51.6,51.83,50.72,51.17,6998720,3996.2
2024-07-16,ANZ.AX,22.65,23.34,22.58,22.98,6765119,4188.5
2024-07-16,WBC.AX,13.9,13.97,13.64,13.9,5021957,1720.8
2024-07-16,NAB.AX,30.52,30.68,30.09,30.41,3104503,5448.5
2024-07-16,MQG.AX,248.28,251.47,247.11,249.43,7068268,42376.5
2024-07-17,CBA.AX,50.8,51.36,49.63,50.51,6873253,8305.4
2024-07-17,ANZ.AX,22.86,23.01,22.56,22.78,5137758,2088.8
2024-07-17,WBC.AX,14.27,14.56,13.99,14.3,6077025,874.7
2024-07-17,NAB.AX,30.18,30.51,30.08,30.22,5836550,3387.8
2024-07-17,MQG.AX,247.63,247.92,245.14,247.32,1809082,25334.5
2024-07-18,CBA.AX,50.19,52.12,50.13,51.27,2106345,3252.9
2024-07-18,ANZ.AX,22.69,23.05,22.19,22.49,2797545,2061.7
2024-07-18,WBC.AX,14.51,14.53,14.05,14.26,1147366,2037.6
2024-07-18,NAB.AX,30.93,30.95,30.24,30.42,6539130,3040.0
2024-07-18,MQG.AX,247.19,247.24,238.12,242.82,6948329,15097.7
2024-07-19,CBA.AX,52.02,52.4,51.15,51.88,4370821,5474.4
2024-07-19,ANZ.AX,22.85,22.95,22.36,22.47,3811903,2346.2
2024-07-19,WBC.AX,14.11,14.21,14.01,14.15,3023801,884.9
2024-07-19,NAB.AX,30.15,30.55,29.72,30.48,5653187,1620.1
2024-07-19,MQG.AX,242.94,244.54,237.14,242.89,7975930,43931.0
2024-07-22,CBA.AX,50.46,51.86,49.83,50.88,4570405,7401.5
2024-07-22,ANZ.AX,22.94,23.29,22.76,22.81,7628339,4005.8
2024-07-22,WBC.AX,14.03,14.08,13.84,13.91,3200944,1120.8
2024-07-22,NAB.AX,30.52,31.13,29.93,30.7,4930738,1858.7
2024-07-22,MQG.AX,242.76,246.56,237.55,241.16,1023536,45864.5
2024-07-23,CBA.AX,50.05,51.55,49.86,51.07,7565125,2940.2
2024-07-23,ANZ.AX,22.24,22.8,22.21,22.56,4136169,3995.5
2024-07-23,WBC.AX,13.61,13.79,13.46,13.76,7545198,1873.0
2024-07-23,NAB.AX,31.02,31.44,30.36,30.78,6160070,2475.0
2024-07-23,MQG.AX,236.48,237.06,228.82,234.5,3748424,35401.3
2024-07-24,CBA.AX,49.88,50.83,49.19,50.12,1080713,8994.0
2024-07-24,ANZ.AX,22.9,23.18,22.32,22.88,4611155,3000.9
2024-07-24,WBC.AX,14.1,14.15,13.84,14.03,5022789,1771.5
2024-07-24,NAB.AX,30.27,30.69,29.99,30.5,4954594,4914.2
2024-07-24,MQG.AX,232.19,237.7,231.0,234.44,2627649,44095.7
2024-07-25,CBA.AX,50.17,50.55,50.16,50.48,6481325,5857.8
2024-07-25,ANZ.AX,23.62,23.8,22.83,23.27,5452714,4612.1
2024-07-25,WBC.AX,14.41,14.42,14.24,14.34,3726630,1690.0
2024-07-25,NAB.AX,30.32,30.71,30.29,30.57,3247518,3279.5
2024-07-25,MQG.AX,230.01,235.37,228.99,234.76,4985471,18164.9
2024-07-26,CBA.AX,49.7,50.15,49.5,49.75,5609720,7282.6
2024-07-26,ANZ.AX,23.11,23.61,23.07,23.52,7144840,2326.3
2024-07-26,WBC.AX,14.0,14.28,13.94,14.07,7296798,2355.2
2024-07-26,NAB.AX,30.44,30.83,30.09,30.38,5018812,1910.0
2024-07-26,MQG.AX,233.52,233.92,231.56,232.45,1026256,24334.4
2024-07-29,CBA.AX,49.74,49.86,49.24,49.52,720899,4524.4
2024-07-29,ANZ.AX,23.31,23.78,22.95,23.51,3060839,2167.9
2024-07-29,WBC.AX,14.01,14.29,13.88,14.05,5573833,2305.4
2024-07-29,NAB.AX,31.19,31.49,30.9,31.0,5236487,5672.8
2024-07-29,MQG.AX,240.02,242.59,234.42,236.8,4140781,39886.8
2024-07-30,CBA.AX,49.51,50.21,48.35,49.52,7579064,9855.5
2024-07-30,ANZ.AX,23.55,23.86,23.53,23.6,7484305,2211.9
2024-07-30,WBC.AX,14.16,14.34,13.83,14.04,7807206,2223.6
2024-07-30,NAB.AX,31.32,31.73,30.68,31.35,1868955,6130.6
2024-07-30,MQG.AX,237.81,241.22,237.63,238.64,749973,24184.5
2024-07-31,CBA.AX,48.06,48.56,47.0,47.88,2638635,6868.9
2024-07-31,ANZ.AX,23.6,23.8,23.32,23.51,6390737,2312.1
2024-07-31,WBC.AX,13.69,13.92,13.63,13.9,3566037,829.5
2024-07-31,NAB.AX,31.32,32.0,31.25,31.38,3415453,4343.7
2024-07-31,MQG.AX,234.68,238.35,233.08,237.25,4427934,26785.9
2024-08-01,CBA.AX,47.08,48.44,46.57,47.65,7569987,4857.2
2024-08-01,ANZ.AX,23.42,23.9,22.78,23.32,1194158,1201.1
2024-08-01,WBC.AX,13.91,14.2,13.82,13.9,2700813,2638.8
2024-08-01,NAB.AX,32.12,32.3,31.71,31.93,4471796,1859.3
2024-08-01,MQG.AX,230.32,232.28,226.17,230.24,4045397,28992.5
2024-08-02,CBA.AX,47.2,48.19,46.96,47.73,2834194,4219.8
2024-08-02,ANZ.AX,23.72,24.2,23.19,23.73,535094,1603.6
2024-08-02,WBC.AX,13.87,13.94,13.62,13.77,6138825,2683.0
2024-08-02,NAB.AX,32.79,33.34,31.89,32.63,6898906,6001.9
2024-08-02,MQG.AX,234.93,236.85,234.44,235.21,3533453,12251.8
2024-08-05,CBA.AX,47.47,48.53,47.13,47.62,4382629,4664.0
2024-08-05,ANZ.AX,23.75,24.26,23.66,23.85,2469036,2090.9
2024-08-05,WBC.AX,13.89,13.96,13.8,13.9,7191430,2242.4
2024-08-05,NAB.AX,32.78,33.13,32.36,32.84,4617393,2613.8
2024-08-05,MQG.AX,226.88,230.99,223.9,229.53,2672888,40971.8
2024-08-06,CBA.AX,47.55,48.03,47.34,47.39,4849695,3582.9
2024-08-06,ANZ.AX,24.46,24.62,23.5,24.08,5038689,1779.2
2024-08-06,WBC.AX,13.64,13.91,13.58,13.78,2087750,2481.7
2024-08-06,NAB.AX,32.91,33.73,32.29,33.1,6813909,2435.6
2024-08-06,MQG.AX,226.98,231.38,224.27,225.99,4892078,13349.9
2024-08-07,CBA.AX,46.48,46.95,45.5,46.51,4006984,3327.4
2024-08-07,ANZ.AX,24.04,24.28,23.84,24.21,7623519,1283.4
2024-08-07,WBC.AX,13.79,14.07,13.75,14.03,4268472,2274.1
2024-08-07,NAB.AX,33.55,33.65,32.62,33.38,2895767,6361.6
2024-08-07,MQG.AX,227.69,228.48,225.22,225.85,7640248,34937.8
2024-08-08,CBA.AX,45.27,45.95,45.06,45.67,4187471,9049.1
2024-08-08,ANZ.AX,24.22,24.55,23.85,24.18,7728673,4142.5
2024-08-08,WBC.AX,14.22,14.37,14.01,14.18,6695851,2828.1
2024-08-08,NAB.AX,33.66,33.98,33.04,33.31,7014663,2779.7
2024-08-08,MQG.AX,225.75,228.36,220.01,223.83,3551500,39563.2
2024-08-09,CBA.AX,45.56,45.91,44.44,45.04,2763491,7700.3
2024-08-09,ANZ.AX,24.27,24.31,23.72,24.1,1785066,1248.5
2024-08-09,WBC.AX,14.51,14.61,14.14,14.27,6972737,1586.5
2024-08-09,NAB.AX,33.75,34.12,32.94,33.3,3743405,2274.5
2024-08-09,MQG.AX,226.22,228.98,222.73,225.95,7901998,43246.3
2024-08-12,CBA.AX,45.8,46.55,45.61,45.88,5523305,4103.9
2024-08-12,ANZ.AX,24.26,24.3,24.18,24.23,4939928,1937.2
2024-08-12,WBC.AX,14.12,14.27,13.92,14.23,6629002,1517.7
2024-08-12,NAB.AX,32.57,33.03,32.09,32.76,6381241,4072.2
2024-08-12,MQG.AX,227.53,228.88,225.18,227.31,3522366,24206.4
2024-08-13,CBA.AX,45.29,45.41,44.91,45.01,1978133,4383.8
2024-08-13,ANZ.AX,24.24,24.99,24.03,24.6,1910219,3248.9
2024-08-13,WBC.AX,14.41,14.48,14.12,14.28,514019,2164.9
2024-08-13,NAB.AX,33.52,34.17,33.11,33.53,760484,4318.4
2024-08-13,MQG.AX,225.22,226.03,224.52,225.31,2868472,31402.8
2024-08-14,CBA.AX,46.03,46.45,44.52,45.63,3972849,5781.4
2024-08-14,ANZ.AX,25.25,25.59,24.83,25.26,4741185,2347.4
2024-08-14,WBC.AX,14.49,14.6,14.12,14.31,7549896,1141.4
2024-08-14,NAB.AX,33.43,33.6,33.02,33.22,4658925,5914.9
2024-08-14,MQG.AX,225.18,231.52,224.68,226.12,5426962,13881.2
2024-08-15,CBA.AX,45.87,47.38,45.21,46.31,4798967,8511.1
2024-08-15,ANZ.AX,25.59,25.61,24.88,25.23,3263627,4889.1
2024-08-15,WBC.AX,14.22,14.4,14.15,14.26,1483521,1900.8
2024-08-15,NAB.AX,32.23,32.35,31.87,32.27,2842716,3853.0
2024-08-15,MQG.AX,225.57,227.17,221.97,223.73,2415939,14703.4
2024-08-16,CBA.AX,46.49,47.35,45.94,46.61,2322034,2730.8
2024-08-16,ANZ.AX,24.98,25.93,24.91,25.48,4927712,1707.1
2024-08-16,WBC.AX,14.05,14.35,14.0,14.27,7680779,1387.1
2024-08-16,NAB.AX,31.56,32.65,31.47,32.2,3163092,4561.3
2024-08-16,MQG.AX,222.65,225.48,220.91,225.12,1592936,40482.0
2024-08-19,CBA.AX,46.92,47.35,46.38,47.11,5251546,3082.8
2024-08-19,ANZ.AX,25.76,25.88,24.67,25.29,1082539,3008.3
2024-08-19,WBC.AX,14.09,14.45,13.92,14.21,2391652,1556.6
2024-08-19,NAB.AX,31.53,32.5,31.26,32.05,4264661,6193.6
2024-08-19,MQG.AX,224.33,225.09,222.89,223.92,5197832,41010.6
2024-08-20,CBA.AX,47.74,47.8,47.55,47.75,3756181,6800.5
2024-08-20,ANZ.AX,25.54,25.59,25.3,25.51,800771,4855.8
2024-08-20,WBC.AX,13.77,13.92,13.71,13.85,907397,2138.7
2024-08-20,NAB.AX,32.06,32.54,31.69,32.07,7567289,5913.9
2024-08-20,MQG.AX,218.9,223.94,217.59,221.85,728358,14820.7
2024-08-21,CBA.AX,45.87,47.14,45.68,46.64,1072396,2581.5
2024-08-21,ANZ.AX,25.36,25.99,25.16,25.73,7869274,4738.3
2024-08-21,WBC.AX,13.88,13.9,13.59,13.67,1343011,1107.8
2024-08-21,NAB.AX,32.23,32.36,31.38,32.02,5419842,5611.1
2024-08-21,MQG.AX,225.69,225.92,216.57,221.31,4507731,21336.5
2024-08-22,CBA.AX,46.45,47.08,46.0,46.4,2503699,3966.0
2024-08-22,ANZ.AX,25.47,25.63,25.42,25.57,4840920,4945.0
2024-08-22,WBC.AX,13.4,13.67,13.27,13.58,4730965,718.6
2024-08-22,NAB.AX,32.14,32.3,32.07,32.26,3787061,2298.3
2024-08-22,MQG.AX,218.03,220.22,215.66,219.51,5939052,14968.7
2024-08-23,CBA.AX,46.98,47.26,45.61,46.77,649246,3918.0
2024-08-23,ANZ.AX,25.71,26.18,25.44,25.55,6511359,3866.4
2024-08-23,WBC.AX,13.99,14.06,13.56,13.81,2912348,2022.1
2024-08-23,NAB.AX,32.61,33.32,32.59,32.69,2291881,2464.1
2024-08-23,MQG.AX,220.4,221.35,220.29,220.63,4881385,29152.3
2024-08-26,CBA.AX,46.3,46.38,45.82,46.32,6922628,4741.3
2024-08-26,ANZ.AX,25.6,25.66,24.94,25.36,6732546,3468.1
2024-08-26,WBC.AX,14.08,14.14,13.83,13.97,2853539,1539.3
2024-08-26,NAB.AX,33.68,34.04,32.98,33.3,6150896,4848.7
2024-08-26,MQG.AX,217.32,219.57,212.67,214.26,3400584,24371.3
2024-08-27,CBA.AX,46.68,47.21,46.0,46.19,6863913,6736.7
2024-08-27,ANZ.AX,25.4,25.51,24.77,25.4,5161631,5000.3
2024-08-27,WBC.AX,13.62,13.91,13.53,13.87,7068236,2095.0
2024-08-27,NAB.AX,33.02,34.01,32.61,33.37,1696686,5285.4
2024-08-27,MQG.AX,216.29,221.12,215.66,217.2,5382533,41342.1
2024-08-28,CBA.AX,46.37,46.77,45.82,46.65,3479049,2439.7
2024-08-28,ANZ.AX,24.83,25.66,24.69,25.29,5677549,4670.1
2024-08-28,WBC.AX,14.25,14.26,13.94,14.13,4062854,2637.9
2024-08-28,NAB.AX,33.4,33.53,33.11,33.29,5478664,2933.9
2024-08-28,MQG.AX,218.17,221.39,213.98,216.22,1837868,19278.3
2024-08-29,CBA.AX,46.38,46.89,46.2,46.78,4112186,7005.4
2024-08-29,ANZ.AX,24.73,25.27,24.51,25.13,4627063,1479.8
2024-08-29,WBC.AX,14.03,14.32,13.86,14.16,3315435,1394.1
2024-08-29,NAB.AX,33.23,33.9,33.16,33.8,4033798,2635.4
2024-08-29,MQG.AX,212.75,215.46,209.08,214.29,3009608,40482.8
2024-08-30,CBA.AX,46.4,46.42,45.61,46.34,4267584,6585.3
2024-08-30,ANZ.AX,25.14,25.38,24.84,25.14,5144852,1685.4
2024-08-30,WBC.AX,14.22,14.47,14.05,14.2,5789725,2635.1
2024-08-30,NAB.AX,34.07,34.11,33.95,34.05,5056519,2538.3
2024-08-30,MQG.AX,208.9,216.23,208.0,211.08,7313113,12482.4
2024-09-02,CBA.AX,45.86,46.9,45.2,45.93,6546950,5112.9
2024-09-02,ANZ.AX,25.33,25.64,25.16,25.46,1922482,2536.7
2024-09-02,WBC.AX,13.97,14.16,13.87,14.13,6746819,2148.8
2024-09-02,NAB.AX,33.92,33.94,32.53,33.16,5311643,4544.7
2024-09-02,MQG.AX,200.9,204.6,200.84,203.64,5366424,27866.7
2024-09-03,CBA.AX,46.03,46.27,45.63,46.21,6914852,8082.2
2024-09-03,ANZ.AX,25.86,25.93,25.43,25.75,3203935,3927.4
2024-09-03,WBC.AX,14.41,14.54,14.08,14.21,6885682,1583.1
2024-09-03,NAB.AX,33.75,34.09,32.65,33.39,1524960,5982.3
2024-09-03,MQG.AX,197.85,199.58,195.9,199.21,2220987,34144.2
2024-09-04,CBA.AX,46.52,46.68,45.61,45.79,3342582,3627.2
2024-09-04,ANZ.AX,26.33,26.68,25.91,26.1,7310337,1512.8
2024-09-04,WBC.AX,14.01,14.38,14.0,14.17,6687621,1624.1
2024-09-04,NAB.AX,33.09,33.19,32.42,32.69,5379447,5876.4
2024-09-04,MQG.AX,195.04,200.67,194.97,199.88,4607122,36412.7
2024-09-05,CBA.AX,46.06,46.09,45.05,45.66,6871276,4382.5
2024-09-05,ANZ.AX,26.51,26.67,25.58,26.06,5458486,4991.9
2024-09-05,WBC.AX,14.46,14.63,14.33,14.53,2238622,1930.2
2024-09-05,NAB.AX,32.62,32.93,31.93,32.66,5816161,3188.1
2024-09-05,MQG.AX,202.42,202.91,197.16,200.66,5742307,14954.2
2024-09-06,CBA.AX,44.97,45.57,44.79,45.12,6506215,5476.7
2024-09-06,ANZ.AX,26.07,26.35,26.0,26.18,7728654,3801.5
2024-09-06,WBC.AX,14.53,14.69,14.52,14.65,3931533,1623.6
2024-09-06,NAB.AX,32.28,32.47,32.27,32.35,2459356,3113.0
2024-09-06,MQG.AX,203.35,204.9,201.68,204.59,7680016,17308.6
2024-09-09,CBA.AX,46.2,46.56,45.76,46.02,5876598,6671.0
2024-09-09,ANZ.AX,26.24,26.31,25.94,26.01,5761899,1638.9
2024-09-09,WBC.AX,14.92,14.97,14.62,14.9,4088310,2419.8
2024-09-09,NAB.AX,32.66,33.15,32.52,32.77,2591982,4263.9
2024-09-09,MQG.AX,208.54,213.39,206.58,210.52,2080767,21403.3
2024-09-10,CBA.AX,47.19,47.42,46.26,46.62,6788197,6257.8
2024-09-10,ANZ.AX,25.81,26.4,25.44,25.91,1930889,1393.3
2024-09-10,WBC.AX,14.86,15.02,14.72,14.93,7136596,2426.4
2024-09-10,NAB.AX,32.96,32.98,32.67,32.73,7156373,6223.8
2024-09-10,MQG.AX,212.44,212.91,205.4,208.35,2127343,12424.3
2024-09-11,CBA.AX,47.04,47.73,46.57,47.08,2441075,5697.3
2024-09-11,ANZ.AX,26.42,26.57,25.45,26.09,4884583,4779.7
2024-09-11,WBC.AX,14.83,14.93,14.63,14.9,4475550,1878.4
2024-09-11,NAB.AX,33.06,34.05,32.47,33.22,4137042,1709.7
2024-09-11,MQG.AX,210.75,211.17,207.1,207.59,4763555,31671.6
2024-09-12,CBA.AX,46.97,47.14,46.95,47.05,2885156,9043.0
2024-09-12,ANZ.AX,25.67,26.52,25.61,26.16,2221555,2337.3
2024-09-12,WBC.AX,14.9,14.94,14.75,14.79,4337884,1222.1
2024-09-12,NAB.AX,33.44,33.59,33.11,33.49,4830865,2103.4
2024-09-12,MQG.AX,199.79,205.58,198.75,203.18,6691927,16297.8
2024-09-13,CBA.AX,46.61,47.48,46.61,47.05,5887067,6055.3
2024-09-13,ANZ.AX,25.75,26.61,25.64,26.12,1178702,2880.4
2024-09-13,WBC.AX,14.61,14.73,14.45,14.65,3915188,1952.1
2024-09-13,NAB.AX,33.6,33.62,33.38,33.51,4485123,4937.6
2024-09-13,MQG.AX,204.98,206.87,202.58,204.28,5183072,12518.1
2024-09-16,CBA.AX,46.68,47.26,45.89,46.83,3562208,7177.0
2024-09-16,ANZ.AX,25.84,26.18,25.51,26.04,3923298,1502.6
2024-09-16,WBC.AX,14.47,14.74,14.45,14.64,6589898,1771.9
2024-09-16,NAB.AX,33.02,33.26,32.66,33.1,620554,3998.9
2024-09-16,MQG.AX,203.22,206.18,202.23,203.95,4768225,12368.2
2024-09-17,CBA.AX,46.82,47.47,46.06,46.76,1956547,6063.0
2024-09-17,ANZ.AX,26.26,26.56,25.74,26.11,5547738,3843.9
2024-09-17,WBC.AX,14.43,14.61,14.42,14.52,5165387,2670.4
2024-09-17,NAB.AX,34.2,34.41,33.4,33.6,5921120,6493.2
2024-09-17,MQG.AX,204.87,208.0,203.85,206.07,6992720,23339.8
2024-09-18,CBA.AX,47.64,47.73,46.09,47.1,7011930,3586.7
2024-09-18,ANZ.AX,26.1,26.23,25.31,25.7,1217201,2598.2
2024-09-18,WBC.AX,14.82,14.91,14.48,14.61,6811982,1079.6
2024-09-18,NAB.AX,33.99,34.69,33.94,34.34,5331868,3156.4
2024-09-18,MQG.AX,206.44,208.51,205.65,205.88,1149782,36505.5
2024-09-19,CBA.AX,45.69,45.7,44.72,45.38,7940456,8150.1
2024-09-19,ANZ.AX,25.29,25.37,25.03,25.32,1575087,2348.3
2024-09-19,WBC.AX,14.32,14.56,14.12,14.41,5923573,2828.3
2024-09-19,NAB.AX,34.8,34.89,33.7,34.5,7235920,5870.9
2024-09-19,MQG.AX,208.82,208.92,205.01,206.69,2079030,29284.5
2024-09-20,CBA.AX,44.14,45.54,44.04,44.8,2514765,4979.3
2024-09-20,ANZ.AX,24.93,25.24,24.8,24.96,6355567,2793.8
2024-09-20,WBC.AX,14.5,14.51,14.17,14.31,3983021,1584.1
2024-09-20,NAB.AX,34.39,34.77,34.17,34.34,7051974,2158.0
2024-09-20,MQG.AX,201.15,207.5,199.35,203.1,4542069,23952.2
2024-09-23,CBA.AX,44.43,44.98,43.58,44.55,3345406,5602.8
2024-09-23,ANZ.AX,24.44,24.62,24.05,24.35,7250026,3091.4
2024-09-23,WBC.AX,14.35,14.37,14.19,14.25,2094750,2334.0
2024-09-23,NAB.AX,33.75,34.68,33.38,33.92,2753794,3054.4
2024-09-23,MQG.AX,203.12,209.75,202.68,205.37,1511182,40645.6
2024-09-24,CBA.AX,44.24,45.47,43.63,44.56,5430105,5940.2
2024-09-24,ANZ.AX,25.35,25.38,24.71,24.9,4175539,3937.1
2024-09-24,WBC.AX,13.86,14.13,13.75,14.05,2368927,2460.2
2024-09-24,NAB.AX,33.26,33.96,32.58,33.17,1255201,4768.9
2024-09-24,MQG.AX,206.1,207.5,204.4,205.14,580590,26027.4
2024-09-25,CBA.AX,44.24,44.4,43.68,44.23,1352897,6289.9
2024-09-25,ANZ.AX,25.01,25.46,25.01,25.08,4660978,4444.0
2024-09-25,WBC.AX,14.02,14.33,13.93,14.05,5721756,1343.2
2024-09-25,NAB.AX,32.67,33.06,32.45,32.9,2940508,2541.2
2024-09-25,MQG.AX,205.55,210.73,202.58,205.88,3178844,24956.1
2024-09-26,CBA.AX,43.46,44.72,43.24,44.12,1097619,8642.3
2024-09-26,ANZ.AX,25.2,25.33,24.73,24.9,3807580,1466.6
2024-09-26,WBC.AX,13.96,14.13,13.8,13.82,4890353,2177.5
2024-09-26,NAB.AX,32.59,33.08,32.59,32.96,740600,5338.0
2024-09-26,MQG.AX,202.48,205.86,200.15,201.18,7245146,30399.7
2024-09-27,CBA.AX,44.63,45.66,43.92,44.56,7248686,6859.4
2024-09-27,ANZ.AX,24.95,25.21,24.8,25.01,4384114,3885.5
2024-09-27,WBC.AX,13.94,13.96,13.79,13.88,7352488,1499.9
2024-09-27,NAB.AX,33.03,33.57,32.58,33.05,7604791,5579.3
2024-09-27,MQG.AX,201.51,202.89,196.74,200.84,2015472,22632.3
2024-09-30,CBA.AX,45.31,45.94,44.61,45.49,1820377,7821.1
2024-09-30,ANZ.AX,24.89,25.43,24.57,24.84,920932,3279.1
2024-09-30,WBC.AX,14.34,14.4,14.08,14.12,1467332,1794.4
2024-09-30,NAB.AX,32.84,33.13,32.33,33.07,2118691,3732.1
2024-09-30,MQG.AX,196.55,199.19,194.43,197.93,3298811,13022.7
2024-10-01,CBA.AX,46.54,46.7,45.48,45.66,5637732,2670.1
2024-10-01,ANZ.AX,24.64,24.68,24.33,24.56,2247245,4466.9
2024-10-01,WBC.AX,13.89,14.02,13.88,13.91,1870073,872.4
2024-10-01,NAB.AX,32.83,32.9,32.67,32.71,3271251,5714.8
2024-10-01,MQG.AX,195.22,199.93,192.76,195.42,3749424,32683.3
2024-10-02,CBA.AX,44.87,46.17,44.67,45.2,2593304,2649.2
2024-10-02,ANZ.AX,24.34,24.35,24.02,24.12,4208271,3730.6
2024-10-02,WBC.AX,13.8,13.82,13.38,13.6,941291,1261.0
2024-10-02,NAB.AX,32.68,33.16,32.23,32.75,3530561,5589.8
2024-10-02,MQG.AX,200.09,201.43,196.22,198.11,6535714,38200.5
2024-10-03,CBA.AX,45.18,45.66,44.48,45.1,4456509,4376.6
2024-10-03,ANZ.AX,24.33,24.99,24.24,24.51,1608813,1336.2
2024-10-03,WBC.AX,13.59,13.71,13.44,13.48,5739352,2460.2
2024-10-03,NAB.AX,32.41,32.78,31.95,32.53,6680436,4204.4
2024-10-03,MQG.AX,192.94,197.93,192.25,195.84,6163074,21209.1
2024-10-04,CBA.AX,45.76,46.18,45.3,45.6,7556320,5742.5
2024-10-04,ANZ.AX,24.9,25.34,24.49,24.8,4055732,2102.8
2024-10-04,WBC.AX,13.55,13.78,13.45,13.47,5023396,2073.1
2024-10-04,NAB.AX,32.72,33.08,32.15,32.48,6262962,2995.2
2024-10-04,MQG.AX,194.52,198.0,193.72,196.43,947080,23161.0
2024-10-07,CBA.AX,45.31,46.16,44.71,45.32,1010970,6355.5
2024-10-07,ANZ.AX,24.9,25.16,24.85,24.98,4486716,2287.9
2024-10-07,WBC.AX,13.57,13.64,13.46,13.6,2618548,1458.9
2024-10-07,NAB.AX,32.22,32.64,32.14,32.6,5187983,6229.7
2024-10-07,MQG.AX,199.64,201.13,196.33,198.44,6170401,36832.2
2024-10-08,CBA.AX,45.56,46.07,44.98,45.41,4529121,5397.3
2024-10-08,ANZ.AX,25.09,25.28,24.72,25.24,5735202,2077.9
2024-10-08,WBC.AX,13.74,13.75,13.35,13.48,3802508,2632.1
2024-10-08,NAB.AX,32.63,32.89,32.05,32.09,3054172,5326.3
2024-10-08,MQG.AX,198.81,203.5,198.33,199.42,4519837,33234.5
2024-10-09,CBA.AX,46.19,46.41,45.58,45.92,7637421,5929.6
2024-10-09,ANZ.AX,25.41,25.44,25.28,25.37,6922350,3406.1
2024-10-09,WBC.AX,13.52,13.62,13.5,13.53,7205622,1508.7
2024-10-09,NAB.AX,32.61,32.82,32.38,32.55,3043082,1760.4
2024-10-09,MQG.AX,199.48,203.45,195.72,199.38,754301,33228.6
2024-10-10,CBA.AX,46.73,46.77,45.64,46.47,7234885,4055.3
2024-10-10,ANZ.AX,24.87,25.58,24.78,25.35,4401352,2713.6
2024-10-10,WBC.AX,13.58,13.77,13.57,13.74,1139688,2131.0
2024-10-10,NAB.AX,32.94,33.64,32.8,32.9,576770,6171.0
2024-10-10,MQG.AX,199.73,200.81,194.74,196.88,3480895,17111.7
2024-10-11,CBA.AX,46.28,47.12,45.66,46.37,4012864,6482.5
2024-10-11,ANZ.AX,24.92,25.45,24.81,25.4,2332729,1986.8
2024-10-11,WBC.AX,13.6,14.05,13.43,13.77,1530381,2605.0
2024-10-11,NAB.AX,32.75,33.09,32.0,32.56,6331683,5542.6
2024-10-11,MQG.AX,197.12,198.85,189.69,194.11,4529676,22780.7
2024-10-14,CBA.AX,47.1,47.6,46.43,46.53,7630490,3703.9
2024-10-14,ANZ.AX,25.53,25.64,25.35,25.41,1797618,1346.4
2024-10-14,WBC.AX,13.78,14.09,13.63,13.89,3802915,2701.2
2024-10-14,NAB.AX,33.77,33.85,33.16,33.24,7556771,5807.2
2024-10-14,MQG.AX,198.22,200.04,193.27,196.47,2860067,11748.8
2024-10-15,CBA.AX,46.74,46.81,46.25,46.69,4583889,8551.8
2024-10-15,ANZ.AX,25.78,26.22,25.53,25.78,1679048,2108.6
2024-10-15,WBC.AX,13.8,14.02,13.72,13.77,6772737,819.8
2024-10-15,NAB.AX,32.92,33.6,32.73,32.92,6869549,4320.6
2024-10-15,MQG.AX,195.31,199.66,193.42,196.28,934527,12055.3
2024-10-16,CBA.AX,46.36,46.82,45.87,46.11,1950265,7184.1
2024-10-16,ANZ.AX,25.79,25.93,25.14,25.36,2278554,2560.0
2024-10-16,WBC.AX,13.6,14.04,13.5,13.76,5781385,2163.9
2024-10-16,NAB.AX,33.18,33.82,32.71,33.01,6774218,4851.7
2024-10-16,MQG.AX,195.16,197.69,194.93,195.17,6863693,17020.6
2024-10-17,CBA.AX,46.68,47.87,46.08,46.74,1112233,4053.7
2024-10-17,ANZ.AX,25.4,25.75,25.1,25.26,2791843,3606.3
2024-10-17,WBC.AX,13.45,13.51,13.38,13.49,1662292,2030.0
2024-10-17,NAB.AX,33.03,33.07,32.45,33.0,6949517,2983.7
2024-10-17,MQG.AX,194.59,195.42,192.96,194.95,5907982,22343.9
2024-10-18,CBA.AX,46.6,46.67,46.41,46.52,6970132,6456.1
2024-10-18,ANZ.AX,25.26,25.54,25.17,25.32,3147394,3298.5
2024-10-18,WBC.AX,13.7,13.8,13.39,13.66,7064689,1195.8
2024-10-18,NAB.AX,33.43,33.99,33.24,33.52,641473,1983.6
2024-10-18,MQG.AX,195.64,197.24,191.27,192.48,2267516,12726.8
2024-10-21,CBA.AX,45.61,46.84,45.21,45.74,7886302,8132.4
2024-10-21,ANZ.AX,26.21,26.32,25.58,25.87,2512379,4238.8
2024-10-21,WBC.AX,13.41,13.55,13.19,13.47,7881401,1458.2
2024-10-21,NAB.AX,32.67,33.06,32.45,33.01,6447499,3471.1
2024-10-21,MQG.AX,193.53,194.17,188.46,189.47,3029445,26724.7
2024-10-22,CBA.AX,47.04,47.24,46.5,46.78,4212563,6172.8
2024-10-22,ANZ.AX,25.93,26.21,25.54,26.04,2926700,2112.6
2024-10-22,WBC.AX,13.82,13.95,13.81,13.93,5025624,1750.8
2024-10-22,NAB.AX,33.03,33.13,32.66,32.75,4940496,6256.4
2024-10-22,MQG.AX,190.92,191.69,190.53,191.43,2010872,30419.4
2024-10-23,CBA.AX,47.05,47.53,46.03,46.98,1097149,6301.3
2024-10-23,ANZ.AX,26.02,26.21,25.7,25.84,5436806,4614.5
2024-10-23,WBC.AX,14.03,14.14,13.73,13.87,7484171,1631.6
2024-10-23,NAB.AX,32.38,32.71,32.32,32.45,3179168,4927.1
2024-10-23,MQG.AX,191.16,193.85,188.99,189.58,4981954,32434.3
2024-10-24,CBA.AX,47.28,48.05,46.64,47.42,3253216,2751.2
2024-10-24,ANZ.AX,25.04,25.72,24.68,25.29,6061738,4702.4
2024-10-24,WBC.AX,13.71,13.74,13.5,13.71,894229,2508.9
2024-10-24,NAB.AX,32.35,32.76,32.21,32.71,4970850,2869.0
2024-10-24,MQG.AX,186.96,194.1,185.52,189.39,1750283,17931.6
2024-10-25,CBA.AX,47.54,48.65,46.53,47.71,5830548,3110.0
2024-10-25,ANZ.AX,24.92,25.06,24.67,24.75,6783067,3734.7
2024-10-25,WBC.AX,13.87,14.05,13.7,13.79,2008298,1952.2
2024-10-25,NAB.AX,32.73,33.68,32.11,32.88,7256750,4752.1
2024-10-25,MQG.AX,194.25,194.29,191.84,193.71,3982185,28929.2
2024-10-28,CBA.AX,46.12,47.54,46.08,47.18,6324873,6415.1
2024-10-28,ANZ.AX,24.6,24.84,24.04,24.57,709206,3232.3
2024-10-28,WBC.AX,13.97,13.99,13.82,13.94,6800791,1100.1
2024-10-28,NAB.AX,32.82,33.13,32.47,32.79,1997144,2085.0
2024-10-28,MQG.AX,190.92,193.89,190.77,192.96,7539068,37282.4
2024-10-29,CBA.AX,47.0,47.37,46.14,46.89,2268278,9022.1
2024-10-29,ANZ.AX,24.76,25.44,24.47,25.08,5165906,4479.3
2024-10-29,WBC.AX,14.02,14.02,13.65,13.96,3704320,2450.2
2024-10-29,NAB.AX,32.67,33.41,32.57,33.18,3694212,1899.1
2024-10-29,MQG.AX,194.86,195.62,187.34,191.03,4932234,24785.2
2024-10-30,CBA.AX,46.39,48.01,46.16,47.26,1488834,2642.0
2024-10-30,ANZ.AX,24.45,24.59,24.33,24.55,7294365,4703.9
2024-10-30,WBC.AX,13.76,14.23,13.7,14.04,1297176,1662.5
2024-10-30,NAB.AX,33.19,33.37,32.8,33.12,6709237,3300.6
2024-10-30,MQG.AX,186.55,190.15,184.49,187.13,5470804,9954.1
2024-10-31,CBA.AX,47.58,47.9,46.74,47.4,5811922,6558.3
2024-10-31,ANZ.AX,25.01,25.48,24.56,25.02,5560038,4918.3
2024-10-31,WBC.AX,14.14,14.27,13.92,14.06,7532845,2022.8
2024-10-31,NAB.AX,33.34,33.67,32.97,33.05,5029294,5203.2
2024-10-31,MQG.AX,185.49,189.67,183.79,186.04,7541473,15274.1
2024-11-01,CBA.AX,46.99,47.95,46.65,47.6,7360431,6268.2
2024-11-01,ANZ.AX,24.99,25.39,24.73,25.35,6952969,3049.4
2024-11-01,WBC.AX,13.96,14.22,13.89,14.09,6446702,2344.2
2024-11-01,NAB.AX,32.82,33.34,32.68,32.75,1670225,3315.1
2024-11-01,MQG.AX,186.15,187.43,185.94,186.78,5823876,15007.5
2024-11-04,CBA.AX,48.26,48.6,46.87,47.97,1970341,9463.4
2024-11-04,ANZ.AX,26.38,26.49,25.65,25.87,5064096,4268.6
2024-11-04,WBC.AX,14.8,14.81,14.31,14.48,7325730,2108.1
2024-11-04,NAB.AX,33.31,33.6,32.66,33.06,6485114,3781.6
2024-11-04,MQG.AX,185.84,190.06,184.01,186.42,6389538,33921.2
2024-11-05,CBA.AX,47.77,47.83,47.64,47.71,7033406,5709.2
2024-11-05,ANZ.AX,25.43,25.84,25.15,25.73,1386700,1289.6
2024-11-05,WBC.AX,14.68,14.69,14.16,14.49,6032349,2620.0
2024-11-05,NAB.AX,33.93,34.74,33.81,33.91,3300333,2469.9
2024-11-05,MQG.AX,186.44,188.46,182.64,186.4,1460880,11352.5
2024-11-06,CBA.AX,47.72,48.15,46.93,47.65,2799254,5378.6
2024-11-06,ANZ.AX,25.56,26.22,25.29,25.74,7935429,2195.2
2024-11-06,WBC.AX,14.63,14.9,14.56,14.73,4414238,1381.3
2024-11-06,NAB.AX,33.06,33.54,32.66,33.36,3686253,4362.0
2024-11-06,MQG.AX,189.21,190.43,185.5,188.02,6208571,32799.0
2024-11-07,CBA.AX,47.3,47.42,46.21,46.95,785268,3928.9
2024-11-07,ANZ.AX,26.07,26.16,25.63,25.98,1337592,2331.9
2024-11-07,WBC.AX,15.01,15.22,14.89,14.95,5923080,2914.3
2024-11-07,NAB.AX,33.72,33.73,32.5,33.05,1318693,4731.0
2024-11-07,MQG.AX,186.64,188.76,183.0,184.39,2366466,13114.7
2024-11-08,CBA.AX,47.89,48.48,46.39,47.4,4011168,2905.4
2024-11-08,ANZ.AX,26.04,26.16,25.83,26.08,6415201,2652.0
2024-11-08,WBC.AX,14.87,14.91,14.72,14.81,1268615,1614.8
2024-11-08,NAB.AX,32.93,33.08,32.29,32.33,6233494,6331.7
2024-11-08,MQG.AX,184.58,185.74,183.37,184.73,3192013,29177.4
2024-11-11,CBA.AX,47.68,48.22,46.61,47.34,7140175,8818.8
2024-11-11,ANZ.AX,26.42,27.16,26.35,26.79,4878646,2205.3
2024-11-11,WBC.AX,14.96,15.23,14.61,14.88,3917621,1301.3
2024-11-11,NAB.AX,32.33,33.0,31.8,32.2,5776399,6049.4
2024-11-11,MQG.AX,185.41,189.51,181.52,185.04,2972906,34290.9
2024-11-12,CBA.AX,47.53,47.85,46.26,47.28,4616901,7648.9
2024-11-12,ANZ.AX,27.14,27.48,27.01,27.29,3028505,1898.6
2024-11-12,WBC.AX,14.87,15.02,14.71,14.82,702844,2083.8
2024-11-12,NAB.AX,32.58,32.8,31.37,32.04,1374495,3623.5
2024-11-12,MQG.AX,184.44,187.12,183.48,186.75,7123830,13661.7
2024-11-13,CBA.AX,47.59,48.27,47.41,48.06,1356293,8613.9
2024-11-13,ANZ.AX,27.5,27.55,27.26,27.44,4400406,2991.0
2024-11-13,WBC.AX,14.85,15.18,14.74,15.02,1374813,2154.3
2024-11-13,NAB.AX,32.75,32.91,32.63,32.67,6498075,2525.9
2024-11-13,MQG.AX,188.72,189.79,182.87,186.17,3864791,23719.3
2024-11-14,CBA.AX,47.31,48.1,46.59,47.58,1105240,5671.8
2024-11-14,ANZ.AX,27.75,28.12,27.69,27.93,5142036,2641.1
2024-11-14,WBC.AX,14.94,15.28,14.94,15.01,693011,1548.5
2024-11-14,NAB.AX,32.93,33.84,32.48,33.1,4916987,6396.6
2024-11-14,MQG.AX,182.1,186.39,181.54,183.85,5077026,27572.6
2024-11-15,CBA.AX,47.01,47.82,46.97,47.64,4994405,7906.0
2024-11-15,ANZ.AX,28.39,28.47,27.81,28.08,1569948,5279.7
2024-11-15,WBC.AX,15.37,15.39,14.96,15.24,6849788,1998.9
2024-11-15,NAB.AX,34.12,34.26,33.56,33.69,3093895,2229.7
2024-11-15,MQG.AX,186.89,188.98,185.94,186.89,1394497,31979.1
2024-11-18,CBA.AX,48.41,49.03,47.23,48.31,2957033,7296.6
2024-11-18,ANZ.AX,28.38,28.7,27.8,28.36,6208561,5190.4
2024-11-18,WBC.AX,15.18,15.2,14.86,15.0,3128842,1919.5
2024-11-18,NAB.AX,33.31,33.4,33.09,33.14,6155604,2149.4
2024-11-18,MQG.AX,188.84,190.18,185.76,186.04,3198532,20050.7
2024-11-19,CBA.AX,48.75,49.0,47.55,48.37,5546370,2451.1
2024-11-19,ANZ.AX,28.1,28.15,27.56,27.93,2617350,1455.2
2024-11-19,WBC.AX,14.72,15.05,14.71,14.85,7228621,2905.0
2024-11-19,NAB.AX,32.8,33.32,32.78,33.16,3875207,2958.3
2024-11-19,MQG.AX,182.14,183.65,181.18,183.04,5162794,29712.4
2024-11-20,CBA.AX,48.85,49.58,48.51,49.24,7390630,5534.3
2024-11-20,ANZ.AX,27.72,28.28,27.64,28.04,619582,5308.5
2024-11-20,WBC.AX,14.75,15.01,14.57,14.88,612226,1981.5
2024-11-20,NAB.AX,34.06,34.3,33.56,33.97,1507675,6096.0
2024-11-20,MQG.AX,179.85,183.55,179.85,183.34,2136761,21709.2
2024-11-21,CBA.AX,48.73,48.77,48.46,48.54,6675386,5915.1
2024-11-21,ANZ.AX,28.82,28.93,27.73,28.33,2099147,1459.3
2024-11-21,WBC.AX,15.13,15.16,15.1,15.12,6905485,1717.9
2024-11-21,NAB.AX,33.85,34.1,33.63,33.9,5931943,3686.2
2024-11-21,MQG.AX,176.22,178.8,174.84,178.14,6345351,10717.7
2024-11-22,CBA.AX,48.19,48.44,47.65,47.88,1564417,5657.1
2024-11-22,ANZ.AX,28.18,28.24,27.86,28.12,6326183,3913.0
2024-11-22,WBC.AX,15.3,15.63,15.14,15.37,6950091,2732.7
2024-11-22,NAB.AX,33.29,33.41,32.43,33.13,2179677,4436.7
2024-11-22,MQG.AX,177.98,181.05,176.85,178.55,3216271,18332.1
2024-11-25,CBA.AX,47.07,47.22,46.58,47.07,6761879,3975.3
2024-11-25,ANZ.AX,28.39,28.52,27.67,28.14,1745782,5173.1
2024-11-25,WBC.AX,15.61,15.8,15.25,15.54,5932792,1979.0
2024-11-25,NAB.AX,32.3,32.59,32.15,32.49,5156413,4004.0
2024-11-25,MQG.AX,174.64,176.77,174.27,175.72,3934137,11060.5
2024-11-26,CBA.AX,47.7,47.82,46.85,46.92,7699785,8144.1
2024-11-26,ANZ.AX,27.55,28.12,27.04,27.69,3249333,3989.6
2024-11-26,WBC.AX,15.62,15.76,15.47,15.57,6222953,2484.8
2024-11-26,NAB.AX,32.21,32.7,32.03,32.59,5041676,2024.9
2024-11-26,MQG.AX,179.05,184.74,177.95,180.41,2845141,18145.3
2024-11-27,CBA.AX,47.53,48.16,46.94,47.52,5423314,4211.2
2024-11-27,ANZ.AX,28.01,28.07,27.35,27.93,4834898,5461.0
2024-11-27,WBC.AX,15.19,15.5,15.18,15.36,7926195,1904.4
2024-11-27,NAB.AX,32.31,32.7,32.3,32.62,4332178,5556.0
2024-11-27,MQG.AX,180.54,181.35,180.22,180.82,2264303,35199.0
2024-11-28,CBA.AX,46.73,47.05,46.11,46.51,5674996,3224.4
2024-11-28,ANZ.AX,27.16,27.28,26.89,27.03,3634078,4892.1
2024-11-28,WBC.AX,15.49,15.59,15.04,15.32,6614616,796.5
2024-11-28,NAB.AX,32.6,32.77,32.39,32.66,1571340,5456.2
2024-11-28,MQG.AX,180.84,183.13,176.68,179.91,6234176,16698.6
2024-11-29,CBA.AX,45.83,47.32,45.6,46.73,3393681,3150.2
2024-11-29,ANZ.AX,27.0,27.37,26.83,26.92,2759178,4500.1
2024-11-29,WBC.AX,15.17,15.18,15.11,15.15,4468130,2323.5
2024-11-29,NAB.AX,33.23,33.72,32.82,33.26,2536888,6415.7
2024-11-29,MQG.AX,179.5,181.69,177.02,177.44,3295927,20568.9
2024-12-02,CBA.AX,47.0,47.46,45.31,46.36,976359,2575.0
2024-12-02,ANZ.AX,26.37,27.01,26.14,26.54,4360468,2550.7
2024-12-02,WBC.AX,15.11,15.18,14.88,15.16,882185,2299.7
2024-12-02,NAB.AX,33.05,33.26,32.28,33.1,5228417,4022.0
2024-12-02,MQG.AX,180.85,180.89,175.63,176.54,6998093,26105.3
2024-12-03,CBA.AX,46.52,46.97,46.1,46.71,3387545,9044.6
2024-12-03,ANZ.AX,26.26,26.46,26.01,26.35,3722683,4783.1
2024-12-03,WBC.AX,15.29,15.44,15.17,15.29,3725547,1377.7
2024-12-03,NAB.AX,33.62,33.71,33.02,33.54,4779450,4056.5
2024-12-03,MQG.AX,172.8,177.17,171.87,176.05,3455731,15700.0
2024-12-04,CBA.AX,46.27,46.71,45.55,46.39,3428647,3267.5
2024-12-04,ANZ.AX,26.1,26.32,25.87,26.13,2914474,3090.3
2024-12-04,WBC.AX,15.19,15.54,15.02,15.27,6751101,1646.8
2024-12-04,NAB.AX,33.76,34.39,33.29,33.74,3309036,4970.4
2024-12-04,MQG.AX,176.78,180.29,175.92,177.6,5910133,20624.9
2024-12-05,CBA.AX,45.92,46.86,45.42,45.85,5229899,4214.1
2024-12-05,ANZ.AX,26.32,26.39,25.76,26.3,5933191,1913.7
2024-12-05,WBC.AX,15.41,15.51,15.33,15.47,7969327,1845.6
2024-12-05,NAB.AX,34.27,34.9,33.89,34.16,6348002,5724.1
2024-12-05,MQG.AX,178.89,180.38,177.98,178.94,7461049,16033.3
2024-12-06,CBA.AX,45.27,46.52,45.04,45.82,1333505,9128.1
2024-12-06,ANZ.AX,26.32,26.45,25.89,26.28,4445404,2310.9
2024-12-06,WBC.AX,15.11,15.21,14.88,15.08,4835060,1960.1
2024-12-06,NAB.AX,33.12,33.7,33.07,33.5,5800369,5380.0
2024-12-06,MQG.AX,177.1,180.37,175.65,178.14,6599982,17361.3
2024-12-09,CBA.AX,44.89,45.96,44.64,45.18,7122094,6449.3
2024-12-09,ANZ.AX,26.18,26.23,25.94,26.16,6674479,1450.4
2024-12-09,WBC.AX,15.0,15.3,14.93,15.0,1043468,1051.9
2024-12-09,NAB.AX,32.78,33.75,32.72,33.16,5769869,6607.0
2024-12-09,MQG.AX,181.37,181.59,178.65,179.13,5710762,18827.1
2024-12-10,CBA.AX,45.23,45.79,44.5,45.28,7546219,2902.9
2024-12-10,ANZ.AX,25.19,25.54,25.09,25.41,4660730,3246.5
2024-12-10,WBC.AX,14.86,15.17,14.76,14.88,5378153,2794.6
2024-12-10,NAB.AX,33.28,33.36,33.0,33.24,2694974,3296.3
2024-12-10,MQG.AX,177.62,182.49,177.33,178.83,6784276,13800.1
2024-12-11,CBA.AX,44.75,45.34,44.7,44.92,1352485,7406.3
2024-12-11,ANZ.AX,25.96,26.29,25.8,25.97,7070840,2400.9
2024-12-11,WBC.AX,14.82,14.93,14.79,14.87,4659200,2306.7
2024-12-11,NAB.AX,33.24,33.58,33.23,33.34,4901196,5385.8
2024-12-11,MQG.AX,179.31,180.01,176.79,179.64,7656826,22039.9
2024-12-12,CBA.AX,44.6,45.24,44.15,44.97,2022178,6630.1
2024-12-12,ANZ.AX,26.84,26.86,26.04,26.23,2245333,2278.0
2024-12-12,WBC.AX,14.87,15.04,14.63,14.77,5090940,2209.5
2024-12-12,NAB.AX,33.6,34.01,33.39,33.58,1293880,3492.3
2024-12-12,MQG.AX,179.9,182.58,179.11,179.48,3444434,31977.9
2024-12-13,CBA.AX,43.98,44.89,43.76,44.74,3698800,8431.2
2024-12-13,ANZ.AX,26.22,26.56,25.83,26.07,1921636,2822.6
2024-12-13,WBC.AX,15.05,15.11,14.77,14.87,2562047,1488.0
2024-12-13,NAB.AX,32.95,33.62,32.64,33.45,6575665,6352.8
2024-12-13,MQG.AX,178.02,182.07,177.83,178.45,3902472,32875.9
2024-12-16,CBA.AX,45.93,47.12,45.24,46.39,4952898,8670.8
2024-12-16,ANZ.AX,25.75,25.94,25.41,25.83,2146861,2329.7
2024-12-16,WBC.AX,14.94,14.97,14.65,14.82,6075306,1242.2
2024-12-16,NAB.AX,33.53,33.75,33.38,33.45,4770798,3532.2
2024-12-16,MQG.AX,173.56,176.82,172.69,175.99,5229747,29335.2
2024-12-17,CBA.AX,46.26,46.54,45.88,46.16,855199,2611.2
2024-12-17,ANZ.AX,26.0,26.13,25.16,25.67,2198179,4777.6
2024-12-17,WBC.AX,14.93,14.98,14.81,14.96,1555065,1659.2
2024-12-17,NAB.AX,32.85,33.31,32.46,33.05,3606055,1782.5
2024-12-17,MQG.AX,176.42,179.9,174.68,177.78,6199284,31256.6
2024-12-18,CBA.AX,46.54,46.58,45.41,45.88,826419,6736.5
2024-12-18,ANZ.AX,26.08,26.12,25.82,25.89,4667771,4655.1
2024-12-18,WBC.AX,14.72,15.03,14.65,14.96,2614411,1287.1
2024-12-18,NAB.AX,31.84,32.5,31.8,32.42,1381125,5839.2
2024-12-18,MQG.AX,181.12,181.91,178.87,179.71,2565687,19277.5
2024-12-19,CBA.AX,45.05,45.24,44.44,44.93,7185467,7657.7
2024-12-19,ANZ.AX,26.39,26.51,25.76,26.39,5093493,2894.6
2024-12-19,WBC.AX,14.29,14.6,14.23,14.54,3949039,2208.6
2024-12-19,NAB.AX,32.8,33.24,32.73,32.99,2912268,6251.1
2024-12-19,MQG.AX,177.95,179.33,174.05,177.88,1810296,13451.5
2024-12-20,CBA.AX,44.72,45.74,44.66,44.95,728416,2898.2
2024-12-20,ANZ.AX,26.51,26.68,26.24,26.57,5068211,3956.1
2024-12-20,WBC.AX,14.77,14.81,14.54,14.68,5257804,945.1
2024-12-20,NAB.AX,33.93,34.26,32.91,33.48,5568112,3294.7
2024-12-20,MQG.AX,175.87,177.88,173.0,175.66,6678331,27130.7
2024-12-23,CBA.AX,45.68,45.82,45.14,45.47,2898107,2655.5
2024-12-23,ANZ.AX,26.75,27.23,26.35,26.63,5365573,5062.1
2024-12-23,WBC.AX,14.17,14.48,14.05,14.39,5129061,1127.9
2024-12-23,NAB.AX,33.44,33.49,32.77,33.41,3660137,1944.9
2024-12-23,MQG.AX,172.31,177.41,171.6,175.19,3304805,19877.2
2024-12-24,CBA.AX,45.72,45.76,45.32,45.64,2159324,5221.1
2024-12-24,ANZ.AX,26.7,26.87,25.99,26.47,6107875,3488.3
2024-12-24,WBC.AX,14.28,14.37,14.03,14.2,6298283,1350.5
2024-12-24,NAB.AX,33.2,34.28,32.78,33.49,1893990,4658.5
2024-12-24,MQG.AX,178.66,182.7,177.67,178.47,6545841,29975.0
2024-12-25,CBA.AX,47.11,47.37,46.98,47.1,6555489,3509.0
2024-12-25,ANZ.AX,25.6,26.2,25.58,25.93,5372964,4648.5
2024-12-25,WBC.AX,14.77,14.79,14.65,14.67,7860559,2315.9
2024-12-25,NAB.AX,33.8,33.85,33.17,33.76,2056295,4677.1
2024-12-25,MQG.AX,179.17,180.3,178.46,179.45,6165254,9680.0
2024-12-26,CBA.AX,46.92,46.98,46.31,46.69,6349704,6845.5
2024-12-26,ANZ.AX,25.23,25.59,25.16,25.54,5647314,3926.4
2024-12-26,WBC.AX,14.64,14.92,14.57,14.81,3368954,1968.6
2024-12-26,NAB.AX,35.31,35.42,34.58,34.71,2238311,5461.7
2024-12-26,MQG.AX,175.75,179.17,175.45,176.53,7266496,33352.5
2024-12-27,CBA.AX,46.08,47.02,46.05,46.95,5860385,7591.2
2024-12-27,ANZ.AX,25.43,25.72,24.75,25.35,2053280,2580.7
2024-12-27,WBC.AX,14.77,15.32,14.65,14.98,6356445,2279.0
2024-12-27,NAB.AX,35.1,35.7,35.05,35.19,4155182,4942.5
2024-12-27,MQG.AX,176.76,178.2,175.82,176.74,4328399,16396.0
2024-12-30,CBA.AX,46.49,47.01,46.3,46.77,2593901,7529.6
2024-12-30,ANZ.AX,24.82,25.44,24.46,24.85,5164055,3620.7
2024-12-30,WBC.AX,15.19,15.22,14.7,14.91,6041418,747.0
2024-12-30,NAB.AX,35.41,35.53,35.16,35.35,3595251,6024.6
2024-12-30,MQG.AX,171.49,178.46,170.62,174.55,6103130,10353.4
2024-12-31,CBA.AX,46.56,46.99,45.36,46.11,1992663,6824.4
2024-12-31,ANZ.AX,25.35,25.43,24.65,25.01,4756382,1348.7
2024-12-31,WBC.AX,14.84,15.15,14.73,14.9,914013,2396.6
2024-12-31,NAB.AX,34.94,35.08,34.31,35.02,1930470,6170.7
2024-12-31,MQG.AX,172.15,177.5,170.82,173.81,6499098,12754.6
