transaction_id,account_id,customer_id,transaction_date,transaction_type,debit_credit,amount_aud,merchant_category,channel,description,is_flagged,settlement_date
TXN000001,ACC00288,CUST0067,2024-12-09,Purchase,Debit,3694.44,Healthcare,ATM,Purchase - Entertainment,N,2024-12-11
TXN000002,ACC00046,CUST0119,2022-08-19,ATM Withdrawal,Debit,10076.54,Entertainment,Branch,ATM Withdrawal - Utilities,N,2022-08-21
TXN000003,ACC00336,CUST0158,2022-02-19,Transfer,Credit,11545.45,Entertainment,EFTPOS,Transfer - Retail,N,2022-02-20
TXN000004,ACC00023,CUST0197,2023-04-24,Direct Debit,Debit,2996.08,Restaurants,Mobile App,Direct Debit - Fuel,N,2023-04-24
TXN000005,ACC00318,CUST0048,2022-10-30,Refund,Credit,13031.42,Healthcare,Mobile App,Refund - Entertainment,N,2022-10-30
TXN000006,ACC00157,CUST0123,2024-07-10,Direct Debit,Debit,7068.38,Utilities,EFTPOS,Direct Debit - Utilities,N,2024-07-12
TXN000007,ACC00133,CUST0075,2024-09-16,Transfer,Credit,9346.01,Groceries,ATM,Transfer - Groceries,N,2024-09-16
TXN000008,ACC00146,CUST0062,2023-02-16,BPAY,Debit,11838.04,Healthcare,Mobile App,BPAY - Retail,N,2023-02-16
TXN000009,ACC00035,CUST0006,2024-03-06,PayID,Credit,9905.93,Entertainment,Mobile App,PayID - Groceries,N,2024-03-08
TXN000010,ACC00198,CUST0188,2023-04-19,BPAY,Debit,14696.91,Fuel,Branch,BPAY - Retail,N,2023-04-21
TXN000011,ACC00046,CUST0119,2023-01-17,ATM Withdrawal,Debit,2983.93,Groceries,Mobile App,ATM Withdrawal - Utilities,N,2023-01-18
TXN000012,ACC00171,CUST0074,2024-09-30,Transfer,Credit,5901.6,Groceries,Branch,Transfer - Entertainment,N,2024-10-01
TXN000013,ACC00121,CUST0185,2024-10-23,Purchase,Debit,4138.9,Healthcare,ATM,Purchase - Groceries,N,2024-10-24
TXN000014,ACC00116,CUST0068,2022-11-07,ATM Withdrawal,Debit,5127.45,Restaurants,Mobile App,ATM Withdrawal - Travel,N,2022-11-09
TXN000015,ACC00314,CUST0075,2023-04-11,BPAY,Debit,6260.58,Restaurants,ATM,BPAY - Healthcare,N,2023-04-12
TXN000016,ACC00230,CUST0074,2022-09-27,Transfer,Credit,3102.15,Utilities,Internet Banking,Transfer - Healthcare,N,2022-09-29
TXN000017,ACC00070,CUST0147,2024-05-30,Refund,Credit,14935.29,Restaurants,EFTPOS,Refund - Restaurants,N,2024-06-01
TXN000018,ACC00273,CUST0090,2022-08-31,Refund,Credit,2762.84,Restaurants,Mobile App,Refund - Entertainment,N,2022-09-01
TXN000019,ACC00211,CUST0125,2023-09-14,Refund,Credit,6645.62,Healthcare,Internet Banking,Refund - Utilities,N,2023-09-14
TXN000020,ACC00014,CUST0049,2023-07-01,BPAY,Debit,9084.46,Utilities,EFTPOS,BPAY - Utilities,N,2023-07-01
TXN000021,ACC00184,CUST0168,2022-06-12,ATM Withdrawal,Debit,10322.43,Restaurants,EFTPOS,ATM Withdrawal - Retail,N,2022-06-13
TXN000022,ACC00095,CUST0195,2024-03-04,Transfer,Credit,7372.19,Restaurants,Internet Banking,Transfer - Utilities,Y,2024-03-04
TXN000023,ACC00139,CUST0022,2024-04-25,PayID,Credit,3339.09,Utilities,Internet Banking,PayID - Fuel,N,2024-04-26
TXN000024,ACC00316,CUST0073,2024-09-30,Refund,Credit,10318.25,Retail,Internet Banking,Refund - Travel,N,2024-09-30
TXN000025,ACC00312,CUST0089,2024-02-19,ATM Withdrawal,Debit,10803.29,Groceries,EFTPOS,ATM Withdrawal - Fuel,N,2024-02-19
TXN000026,ACC00126,CUST0046,2024-11-28,PayID,Credit,8068.5,Groceries,EFTPOS,PayID - Travel,N,2024-11-30
TXN000027,ACC00026,CUST0070,2023-01-24,ATM Withdrawal,Debit,4368.4,Healthcare,Branch,ATM Withdrawal - Retail,N,2023-01-25
TXN000028,ACC00314,CUST0075,2022-04-22,Transfer,Credit,10349.6,Retail,ATM,Transfer - Fuel,N,2022-04-22
TXN000029,ACC00093,CUST0126,2022-10-05,Direct Debit,Debit,5896.61,Retail,Mobile App,Direct Debit - Restaurants,N,2022-10-07
TXN000030,ACC00104,CUST0012,2024-07-20,Direct Debit,Debit,1353.6,Restaurants,Mobile App,Direct Debit - Fuel,N,2024-07-21
TXN000031,ACC00325,CUST0149,2024-01-14,PayID,Credit,1280.51,Travel,EFTPOS,PayID - Restaurants,N,2024-01-15
TXN000032,ACC00023,CUST0197,2022-12-16,BPAY,Debit,13683.88,Restaurants,Internet Banking,BPAY - Restaurants,N,2022-12-18
TXN000033,ACC00027,CUST0076,2024-05-09,PayID,Credit,4621.63,Retail,Branch,PayID - Restaurants,N,2024-05-09
TXN000034,ACC00104,CUST0012,2022-01-08,Direct Debit,Debit,9338.78,Groceries,ATM,Direct Debit - Retail,N,2022-01-10
TXN000035,ACC00003,CUST0064,2024-10-07,BPAY,Debit,3568.94,Retail,ATM,BPAY - Travel,N,2024-10-09
TXN000036,ACC00308,CUST0141,2022-01-14,BPAY,Debit,3671.45,Healthcare,EFTPOS,BPAY - Utilities,N,2022-01-14
TXN000037,ACC00029,CUST0150,2023-12-16,Refund,Credit,551.78,Groceries,EFTPOS,Refund - Healthcare,N,2023-12-16
TXN000038,ACC00026,CUST0070,2022-08-12,Transfer,Credit,6254.94,Restaurants,Branch,Transfer - Restaurants,N,2022-08-14
TXN000039,ACC00297,CUST0094,2024-01-08,Purchase,Debit,13972.27,Healthcare,Branch,Purchase - Entertainment,N,2024-01-08
TXN000040,ACC00219,CUST0184,2022-05-13,Transfer,Credit,4393.2,Fuel,Branch,Transfer - Entertainment,N,2022-05-15
TXN000041,ACC00108,CUST0109,2023-03-05,Purchase,Debit,9181.19,Fuel,ATM,Purchase - Healthcare,N,2023-03-06
TXN000042,ACC00133,CUST0075,2024-12-12,BPAY,Debit,8627.57,Entertainment,Internet Banking,BPAY - Retail,N,2024-12-14
TXN000043,ACC00255,CUST0045,2024-10-05,BPAY,Debit,12119.9,Utilities,Branch,BPAY - Utilities,Y,2024-10-05
TXN000044,ACC00239,CUST0144,2022-08-30,Transfer,Credit,11062.29,Travel,ATM,Transfer - Groceries,N,2022-09-01
TXN000045,ACC00327,CUST0166,2023-03-11,Transfer,Credit,170.45,Healthcare,Branch,Transfer - Fuel,N,2023-03-13
TXN000046,ACC00282,CUST0050,2023-10-26,Purchase,Debit,11505.72,Entertainment,Branch,Purchase - Travel,N,2023-10-28
TXN000047,ACC00015,CUST0189,2022-12-26,Refund,Credit,2911.04,Entertainment,ATM,Refund - Retail,N,2022-12-28
TXN000048,ACC00070,CUST0147,2024-09-13,ATM Withdrawal,Debit,2331.64,Entertainment,ATM,ATM Withdrawal - Travel,N,2024-09-13
TXN000049,ACC00267,CUST0015,2023-09-06,PayID,Credit,8474.57,Entertainment,EFTPOS,PayID - Groceries,N,2023-09-08
TXN000050,ACC00170,CUST0029,2023-12-26,Transfer,Credit,994.13,Healthcare,Mobile App,Transfer - Entertainment,N,2023-12-28
TXN000051,ACC00274,CUST0049,2022-12-06,ATM Withdrawal,Debit,8565.15,Restaurants,EFTPOS,ATM Withdrawal - Fuel,N,2022-12-07
TXN000052,ACC00162,CUST0164,2022-03-06,Purchase,Debit,4073.19,Retail,Internet Banking,Purchase - Entertainment,N,2022-03-07
TXN000053,ACC00111,CUST0026,2024-12-11,Purchase,Debit,4535.47,Entertainment,Mobile App,Purchase - Utilities,N,2024-12-12
TXN000054,ACC00260,CUST0057,2022-02-21,BPAY,Debit,11985.58,Restaurants,Internet Banking,BPAY - Entertainment,N,2022-02-23
TXN000055,ACC00269,CUST0160,2023-09-28,Transfer,Credit,11633.22,Fuel,EFTPOS,Transfer - Restaurants,N,2023-09-28
TXN000056,ACC00236,CUST0011,2024-03-04,BPAY,Debit,10705.45,Fuel,Mobile App,BPAY - Healthcare,N,2024-03-06
TXN000057,ACC00305,CUST0021,2022-06-28,Purchase,Debit,5000.01,Fuel,EFTPOS,Purchase - Healthcare,Y,2022-06-29
TXN000058,ACC00328,CUST0011,2023-03-06,Transfer,Credit,4813.88,Healthcare,Branch,Transfer - Entertainment,N,2023-03-08
TXN000059,ACC00061,CUST0145,2023-07-13,Direct Debit,Debit,2240.66,Fuel,Mobile App,Direct Debit - Fuel,N,2023-07-14
TXN000060,ACC00282,CUST0050,2023-10-15,PayID,Credit,4066.51,Healthcare,EFTPOS,PayID - Utilities,N,2023-10-16
TXN000061,ACC00314,CUST0075,2023-11-25,Purchase,Debit,8109.12,Restaurants,Mobile App,Purchase - Retail,N,2023-11-25
TXN000062,ACC00055,CUST0196,2024-02-25,ATM Withdrawal,Debit,807.94,Travel,Internet Banking,ATM Withdrawal - Retail,N,2024-02-26
TXN000063,ACC00171,CUST0074,2023-02-10,PayID,Credit,10693.77,Fuel,ATM,PayID - Restaurants,N,2023-02-12
TXN000064,ACC00240,CUST0175,2022-07-19,PayID,Credit,6834.31,Retail,ATM,PayID - Utilities,N,2022-07-19
TXN000065,ACC00316,CUST0073,2023-06-13,ATM Withdrawal,Debit,13693.01,Restaurants,Branch,ATM Withdrawal - Entertainment,N,2023-06-13
TXN000066,ACC00034,CUST0015,2024-08-31,ATM Withdrawal,Debit,1694.19,Retail,Internet Banking,ATM Withdrawal - Healthcare,N,2024-09-02
TXN000067,ACC00295,CUST0176,2022-09-18,ATM Withdrawal,Debit,7619.74,Fuel,Branch,ATM Withdrawal - Fuel,N,2022-09-20
TXN000068,ACC00237,CUST0019,2024-03-31,Transfer,Credit,8858.45,Utilities,EFTPOS,Transfer - Restaurants,N,2024-04-01
TXN000069,ACC00034,CUST0015,2023-11-29,PayID,Credit,3124.36,Travel,ATM,PayID - Entertainment,N,2023-11-29
TXN000070,ACC00089,CUST0173,2022-06-09,PayID,Credit,11090.77,Retail,Mobile App,PayID - Retail,N,2022-06-09
TXN000071,ACC00228,CUST0195,2022-12-27,ATM Withdrawal,Debit,4621.23,Fuel,EFTPOS,ATM Withdrawal - Fuel,N,2022-12-29
TXN000072,ACC00195,CUST0174,2023-11-02,PayID,Credit,7414.93,Groceries,Mobile App,PayID - Utilities,N,2023-11-04
TXN000073,ACC00326,CUST0195,2022-01-01,PayID,Credit,11356.41,Restaurants,ATM,PayID - Healthcare,N,2022-01-03
TXN000074,ACC00229,CUST0109,2023-02-05,Direct Debit,Debit,3085.72,Healthcare,EFTPOS,Direct Debit - Healthcare,N,2023-02-06
TXN000075,ACC00177,CUST0093,2022-07-02,BPAY,Debit,8741.32,Travel,Internet Banking,BPAY - Healthcare,N,2022-07-04
TXN000076,ACC00028,CUST0048,2022-01-02,Refund,Credit,10550.61,Entertainment,Mobile App,Refund - Healthcare,N,2022-01-02
TXN000077,ACC00222,CUST0028,2024-03-18,PayID,Credit,9378.59,Travel,ATM,PayID - Travel,N,2024-03-18
TXN000078,ACC00340,CUST0096,2022-12-22,Transfer,Credit,7123.6,Travel,Branch,Transfer - Travel,N,2022-12-24
TXN000079,ACC00065,CUST0199,2022-10-03,PayID,Credit,175.03,Groceries,Internet Banking,PayID - Retail,N,2022-10-03
TXN000080,ACC00044,CUST0161,2022-10-09,ATM Withdrawal,Debit,9634.0,Retail,EFTPOS,ATM Withdrawal - Travel,N,2022-10-10
TXN000081,ACC00261,CUST0117,2024-05-18,ATM Withdrawal,Debit,8281.2,Travel,Branch,ATM Withdrawal - Utilities,N,2024-05-20
TXN000082,ACC00004,CUST0128,2024-10-17,Transfer,Credit,12702.21,Healthcare,ATM,Transfer - Entertainment,Y,2024-10-17
TXN000083,ACC00291,CUST0189,2024-09-16,Purchase,Debit,10573.53,Retail,Mobile App,Purchase - Restaurants,N,2024-09-18
TXN000084,ACC00144,CUST0123,2024-08-10,BPAY,Debit,7754.73,Fuel,Internet Banking,BPAY - Retail,N,2024-08-12
TXN000085,ACC00343,CUST0142,2022-06-09,BPAY,Debit,10261.43,Healthcare,EFTPOS,BPAY - Groceries,N,2022-06-11
TXN000086,ACC00006,CUST0068,2024-08-18,ATM Withdrawal,Debit,6811.07,Entertainment,ATM,ATM Withdrawal - Entertainment,N,2024-08-19
TXN000087,ACC00149,CUST0006,2022-12-10,BPAY,Debit,530.86,Healthcare,EFTPOS,BPAY - Healthcare,N,2022-12-11
TXN000088,ACC00297,CUST0094,2022-12-13,PayID,Credit,8593.33,Healthcare,EFTPOS,PayID - Groceries,N,2022-12-13
TXN000089,ACC00065,CUST0199,2024-11-01,Refund,Credit,1153.86,Healthcare,Branch,Refund - Restaurants,N,2024-11-02
TXN000090,ACC00132,CUST0130,2022-01-30,BPAY,Debit,11121.7,Restaurants,EFTPOS,BPAY - Restaurants,N,2022-01-31
TXN000091,ACC00090,CUST0096,2023-06-20,Transfer,Credit,11738.13,Retail,Internet Banking,Transfer - Groceries,N,2023-06-20
TXN000092,ACC00075,CUST0084,2022-11-12,Refund,Credit,12564.38,Travel,ATM,Refund - Utilities,N,2022-11-14
TXN000093,ACC00327,CUST0166,2022-12-09,PayID,Credit,3163.64,Entertainment,Mobile App,PayID - Healthcare,N,2022-12-09
TXN000094,ACC00027,CUST0076,2022-12-10,ATM Withdrawal,Debit,6960.76,Healthcare,ATM,ATM Withdrawal - Utilities,N,2022-12-12
TXN000095,ACC00200,CUST0107,2024-08-29,BPAY,Debit,3940.11,Travel,Mobile App,BPAY - Healthcare,N,2024-08-30
TXN000096,ACC00196,CUST0043,2023-10-09,PayID,Credit,14426.48,Groceries,Mobile App,PayID - Entertainment,N,2023-10-10
TXN000097,ACC00313,CUST0134,2023-07-13,Direct Debit,Debit,5025.18,Fuel,Branch,Direct Debit - Travel,N,2023-07-15
TXN000098,ACC00124,CUST0012,2023-02-04,PayID,Credit,7799.76,Restaurants,Branch,PayID - Groceries,N,2023-02-04
TXN000099,ACC00007,CUST0099,2024-04-22,Purchase,Debit,1466.38,Retail,Branch,Purchase - Utilities,N,2024-04-23
TXN000100,ACC00099,CUST0035,2022-03-11,Purchase,Debit,356.48,Groceries,EFTPOS,Purchase - Utilities,N,2022-03-13
TXN000101,ACC00063,CUST0020,2022-09-03,BPAY,Debit,1296.71,Restaurants,ATM,BPAY - Restaurants,N,2022-09-05
TXN000102,ACC00095,CUST0195,2023-06-03,PayID,Credit,4419.23,Fuel,ATM,PayID - Healthcare,N,2023-06-05
TXN000103,ACC00342,CUST0133,2023-10-25,Refund,Credit,3860.79,Fuel,Branch,Refund - Groceries,N,2023-10-26
TXN000104,ACC00031,CUST0107,2023-06-13,Direct Debit,Debit,14334.13,Restaurants,ATM,Direct Debit - Fuel,N,2023-06-13
TXN000105,ACC00313,CUST0134,2024-03-15,ATM Withdrawal,Debit,2677.45,Fuel,Internet Banking,ATM Withdrawal - Travel,N,2024-03-17
TXN000106,ACC00055,CUST0196,2024-06-23,Purchase,Debit,10731.29,Groceries,Mobile App,Purchase - Fuel,N,2024-06-24
TXN000107,ACC00229,CUST0109,2022-02-08,Transfer,Credit,13447.79,Groceries,Mobile App,Transfer - Travel,N,2022-02-10
TXN000108,ACC00169,CUST0023,2024-03-12,BPAY,Debit,8620.03,Retail,ATM,BPAY - Travel,N,2024-03-14
TXN000109,ACC00036,CUST0139,2023-04-08,PayID,Credit,50.61,Retail,Mobile App,PayID - Entertainment,N,2023-04-09
TXN000110,ACC00206,CUST0093,2022-04-24,PayID,Credit,9484.46,Fuel,Branch,PayID - Entertainment,N,2022-04-25
TXN000111,ACC00149,CUST0006,2023-02-20,Purchase,Debit,2650.1,Travel,Internet Banking,Purchase - Healthcare,N,2023-02-20
TXN000112,ACC00323,CUST0065,2024-01-06,PayID,Credit,7298.07,Retail,Internet Banking,PayID - Restaurants,Y,2024-01-06
TXN000113,ACC00304,CUST0162,2023-05-04,Purchase,Debit,7339.0,Healthcare,ATM,Purchase - Retail,N,2023-05-04
TXN000114,ACC00019,CUST0198,2023-11-26,Refund,Credit,841.76,Groceries,ATM,Refund - Fuel,N,2023-11-28
TXN000115,ACC00342,CUST0133,2024-12-07,PayID,Credit,6876.1,Restaurants,EFTPOS,PayID - Utilities,N,2024-12-07
TXN000116,ACC00073,CUST0086,2024-09-28,ATM Withdrawal,Debit,9807.82,Groceries,Internet Banking,ATM Withdrawal - Restaurants,Y,2024-09-30
TXN000117,ACC00026,CUST0070,2023-09-22,Purchase,Debit,12311.27,Retail,EFTPOS,Purchase - Restaurants,N,2023-09-22
TXN000118,ACC00055,CUST0196,2022-08-22,Refund,Credit,7457.66,Utilities,Mobile App,Refund - Utilities,N,2022-08-24
TXN000119,ACC00348,CUST0040,2024-04-03,PayID,Credit,4864.2,Restaurants,Branch,PayID - Utilities,N,2024-04-05
TXN000120,ACC00089,CUST0173,2023-11-19,Direct Debit,Debit,949.27,Restaurants,ATM,Direct Debit - Restaurants,N,2023-11-21
TXN000121,ACC00085,CUST0144,2024-06-17,BPAY,Debit,3655.43,Groceries,Internet Banking,BPAY - Fuel,N,2024-06-19
TXN000122,ACC00314,CUST0075,2024-02-10,Purchase,Debit,11665.15,Retail,Mobile App,Purchase - Groceries,Y,2024-02-10
TXN000123,ACC00334,CUST0135,2023-08-05,Refund,Credit,6243.92,Retail,Internet Banking,Refund - Utilities,N,2023-08-06
TXN000124,ACC00268,CUST0022,2024-07-11,Transfer,Credit,6181.06,Groceries,EFTPOS,Transfer - Restaurants,N,2024-07-13
TXN000125,ACC00046,CUST0119,2023-09-09,Purchase,Debit,5218.46,Utilities,Internet Banking,Purchase - Fuel,N,2023-09-09
TXN000126,ACC00317,CUST0159,2024-01-12,BPAY,Debit,12941.1,Utilities,ATM,BPAY - Utilities,N,2024-01-12
TXN000127,ACC00058,CUST0050,2022-11-02,ATM Withdrawal,Debit,10278.97,Retail,Internet Banking,ATM Withdrawal - Restaurants,N,2022-11-02
TXN000128,ACC00028,CUST0048,2024-01-16,ATM Withdrawal,Debit,4276.68,Healthcare,Branch,ATM Withdrawal - Retail,N,2024-01-18
TXN000129,ACC00027,CUST0076,2022-12-27,Purchase,Debit,2371.53,Retail,EFTPOS,Purchase - Fuel,N,2022-12-27
TXN000130,ACC00228,CUST0195,2023-10-30,PayID,Credit,6286.58,Entertainment,Internet Banking,PayID - Fuel,N,2023-10-30
TXN000131,ACC00122,CUST0110,2024-04-24,ATM Withdrawal,Debit,13048.42,Utilities,Mobile App,ATM Withdrawal - Retail,N,2024-04-24
TXN000132,ACC00224,CUST0178,2022-10-24,BPAY,Debit,3243.26,Retail,Internet Banking,BPAY - Travel,N,2022-10-25
TXN000133,ACC00100,CUST0064,2024-01-05,Transfer,Credit,14633.36,Entertainment,Internet Banking,Transfer - Groceries,N,2024-01-05
TXN000134,ACC00144,CUST0123,2022-10-07,ATM Withdrawal,Debit,1667.53,Retail,ATM,ATM Withdrawal - Restaurants,N,2022-10-07
TXN000135,ACC00152,CUST0045,2022-11-18,PayID,Credit,11843.41,Restaurants,EFTPOS,PayID - Utilities,N,2022-11-20
TXN000136,ACC00251,CUST0166,2023-03-20,Refund,Credit,8874.12,Retail,Branch,Refund - Groceries,N,2023-03-22
TXN000137,ACC00127,CUST0084,2023-05-23,BPAY,Debit,4910.11,Utilities,EFTPOS,BPAY - Restaurants,N,2023-05-23
TXN000138,ACC00214,CUST0130,2022-04-01,ATM Withdrawal,Debit,601.84,Groceries,ATM,ATM Withdrawal - Travel,N,2022-04-03
TXN000139,ACC00051,CUST0081,2024-07-15,Purchase,Debit,7429.78,Groceries,ATM,Purchase - Utilities,N,2024-07-16
TXN000140,ACC00123,CUST0128,2022-07-05,PayID,Credit,239.94,Healthcare,Internet Banking,PayID - Retail,N,2022-07-07
TXN000141,ACC00299,CUST0098,2022-02-19,ATM Withdrawal,Debit,14646.34,Restaurants,ATM,ATM Withdrawal - Restaurants,N,2022-02-20
TXN000142,ACC00321,CUST0032,2024-08-08,Purchase,Debit,10558.83,Fuel,ATM,Purchase - Entertainment,N,2024-08-09
TXN000143,ACC00219,CUST0184,2023-07-07,BPAY,Debit,10471.13,Utilities,Mobile App,BPAY - Entertainment,N,2023-07-07
TXN000144,ACC00264,CUST0059,2024-01-16,Purchase,Debit,13319.78,Travel,Branch,Purchase - Retail,N,2024-01-17
TXN000145,ACC00188,CUST0186,2022-12-25,PayID,Credit,9722.94,Fuel,EFTPOS,PayID - Utilities,N,2022-12-26
TXN000146,ACC00123,CUST0128,2022-08-21,PayID,Credit,9735.93,Utilities,Internet Banking,PayID - Entertainment,N,2022-08-22
TXN000147,ACC00258,CUST0102,2024-05-16,Purchase,Debit,4157.9,Entertainment,Branch,Purchase - Retail,N,2024-05-18
TXN000148,ACC00063,CUST0020,2024-08-20,PayID,Credit,10647.67,Healthcare,ATM,PayID - Entertainment,N,2024-08-22
TXN000149,ACC00034,CUST0015,2023-01-21,ATM Withdrawal,Debit,13378.66,Fuel,Mobile App,ATM Withdrawal - Travel,N,2023-01-22
TXN000150,ACC00040,CUST0071,2022-08-12,Purchase,Debit,2472.33,Restaurants,ATM,Purchase - Restaurants,N,2022-08-14
TXN000151,ACC00322,CUST0122,2022-02-16,PayID,Credit,4398.25,Restaurants,ATM,PayID - Entertainment,N,2022-02-18
TXN000152,ACC00331,CUST0083,2022-02-13,Purchase,Debit,4373.46,Groceries,Internet Banking,Purchase - Entertainment,N,2022-02-14
TXN000153,ACC00336,CUST0158,2023-10-31,PayID,Credit,7292.74,Retail,ATM,PayID - Healthcare,N,2023-11-01
TXN000154,ACC00088,CUST0136,2023-06-17,Direct Debit,Debit,3402.5,Healthcare,Mobile App,Direct Debit - Restaurants,N,2023-06-18
TXN000155,ACC00086,CUST0008,2022-11-26,Direct Debit,Debit,10677.47,Restaurants,Internet Banking,Direct Debit - Restaurants,N,2022-11-26
TXN000156,ACC00022,CUST0002,2023-10-11,ATM Withdrawal,Debit,8618.3,Healthcare,Branch,ATM Withdrawal - Restaurants,N,2023-10-13
TXN000157,ACC00018,CUST0082,2023-10-12,Transfer,Credit,14670.36,Entertainment,ATM,Transfer - Restaurants,N,2023-10-12
TXN000158,ACC00013,CUST0044,2024-04-08,Refund,Credit,13966.1,Restaurants,ATM,Refund - Entertainment,N,2024-04-10
TXN000159,ACC00280,CUST0057,2024-11-05,PayID,Credit,4969.88,Healthcare,ATM,PayID - Healthcare,N,2024-11-07
TXN000160,ACC00342,CUST0133,2022-10-29,PayID,Credit,11993.84,Retail,Branch,PayID - Fuel,N,2022-10-29
TXN000161,ACC00072,CUST0118,2022-08-28,ATM Withdrawal,Debit,4621.92,Utilities,ATM,ATM Withdrawal - Entertainment,N,2022-08-28
TXN000162,ACC00312,CUST0089,2023-02-04,Transfer,Credit,8751.89,Healthcare,Internet Banking,Transfer - Groceries,N,2023-02-05
TXN000163,ACC00347,CUST0163,2022-06-28,ATM Withdrawal,Debit,14637.62,Utilities,ATM,ATM Withdrawal - Entertainment,N,2022-06-30
TXN000164,ACC00029,CUST0150,2024-01-10,PayID,Credit,5963.97,Travel,Branch,PayID - Travel,N,2024-01-11
TXN000165,ACC00177,CUST0093,2023-12-21,ATM Withdrawal,Debit,4621.97,Fuel,Internet Banking,ATM Withdrawal - Retail,N,2023-12-22
TXN000166,ACC00227,CUST0173,2023-08-15,PayID,Credit,2457.69,Travel,ATM,PayID - Restaurants,N,2023-08-17
TXN000167,ACC00045,CUST0105,2022-10-22,ATM Withdrawal,Debit,3117.55,Entertainment,Mobile App,ATM Withdrawal - Travel,N,2022-10-23
TXN000168,ACC00328,CUST0011,2023-07-14,BPAY,Debit,6218.3,Retail,EFTPOS,BPAY - Restaurants,N,2023-07-15
TXN000169,ACC00149,CUST0006,2024-10-01,Refund,Credit,634.45,Healthcare,EFTPOS,Refund - Healthcare,N,2024-10-03
TXN000170,ACC00238,CUST0090,2023-04-05,Purchase,Debit,403.57,Restaurants,Branch,Purchase - Healthcare,N,2023-04-07
TXN000171,ACC00242,CUST0198,2022-09-12,Direct Debit,Debit,9807.54,Travel,Internet Banking,Direct Debit - Retail,N,2022-09-14
TXN000172,ACC00126,CUST0046,2022-02-28,Direct Debit,Debit,1791.2,Retail,Mobile App,Direct Debit - Entertainment,N,2022-03-02
TXN000173,ACC00224,CUST0178,2023-06-13,ATM Withdrawal,Debit,9420.31,Fuel,Branch,ATM Withdrawal - Groceries,N,2023-06-13
TXN000174,ACC00298,CUST0147,2022-04-30,ATM Withdrawal,Debit,2192.91,Restaurants,Branch,ATM Withdrawal - Restaurants,N,2022-05-01
TXN000175,ACC00215,CUST0130,2023-12-31,Direct Debit,Debit,731.67,Fuel,EFTPOS,Direct Debit - Utilities,N,2023-12-31
TXN000176,ACC00049,CUST0063,2022-12-09,Refund,Credit,8156.14,Entertainment,Branch,Refund - Healthcare,N,2022-12-11
TXN000177,ACC00186,CUST0189,2022-07-16,Direct Debit,Debit,8016.77,Restaurants,Mobile App,Direct Debit - Restaurants,N,2022-07-17
TXN000178,ACC00249,CUST0002,2024-04-23,Transfer,Credit,5105.36,Fuel,Internet Banking,Transfer - Restaurants,N,2024-04-23
TXN000179,ACC00287,CUST0097,2024-12-12,PayID,Credit,12691.2,Fuel,ATM,PayID - Retail,N,2024-12-12
TXN000180,ACC00068,CUST0034,2022-02-05,Direct Debit,Debit,7193.29,Entertainment,Internet Banking,Direct Debit - Retail,N,2022-02-07
TXN000181,ACC00268,CUST0022,2023-12-02,Direct Debit,Debit,2583.94,Groceries,Mobile App,Direct Debit - Utilities,N,2023-12-04
TXN000182,ACC00073,CUST0086,2023-04-10,Transfer,Credit,4612.12,Restaurants,Mobile App,Transfer - Travel,N,2023-04-10
TXN000183,ACC00040,CUST0071,2022-02-08,Refund,Credit,11620.61,Travel,Mobile App,Refund - Utilities,N,2022-02-10
TXN000184,ACC00263,CUST0133,2022-05-02,Direct Debit,Debit,7036.77,Groceries,Mobile App,Direct Debit - Healthcare,N,2022-05-02
TXN000185,ACC00064,CUST0177,2023-02-25,Transfer,Credit,8814.46,Restaurants,Branch,Transfer - Groceries,N,2023-02-27
TXN000186,ACC00143,CUST0108,2023-12-14,Refund,Credit,5283.7,Utilities,EFTPOS,Refund - Fuel,N,2023-12-16
TXN000187,ACC00008,CUST0096,2024-12-19,Transfer,Credit,3255.75,Healthcare,Internet Banking,Transfer - Groceries,N,2024-12-19
TXN000188,ACC00110,CUST0113,2024-10-29,ATM Withdrawal,Debit,12769.6,Entertainment,EFTPOS,ATM Withdrawal - Restaurants,N,2024-10-29
TXN000189,ACC00093,CUST0126,2023-12-28,ATM Withdrawal,Debit,14719.54,Utilities,EFTPOS,ATM Withdrawal - Utilities,N,2023-12-29
TXN000190,ACC00064,CUST0177,2024-08-12,Transfer,Credit,1655.63,Retail,Branch,Transfer - Healthcare,N,2024-08-12
TXN000191,ACC00043,CUST0148,2023-11-03,ATM Withdrawal,Debit,7406.2,Healthcare,ATM,ATM Withdrawal - Healthcare,N,2023-11-04
TXN000192,ACC00116,CUST0068,2024-04-14,Refund,Credit,4359.55,Travel,Internet Banking,Refund - Fuel,N,2024-04-15
TXN000193,ACC00348,CUST0040,2024-01-23,PayID,Credit,2690.28,Retail,Mobile App,PayID - Travel,N,2024-01-25
TXN000194,ACC00347,CUST0163,2022-06-24,ATM Withdrawal,Debit,1789.15,Travel,EFTPOS,ATM Withdrawal - Fuel,N,2022-06-24
TXN000195,ACC00034,CUST0015,2024-01-15,Direct Debit,Debit,14628.14,Utilities,EFTPOS,Direct Debit - Travel,N,2024-01-16
TXN000196,ACC00256,CUST0005,2023-07-25,Refund,Credit,11472.49,Healthcare,ATM,Refund - Entertainment,N,2023-07-27
TXN000197,ACC00208,CUST0103,2024-09-19,Transfer,Credit,7671.71,Retail,Mobile App,Transfer - Fuel,N,2024-09-20
TXN000198,ACC00119,CUST0187,2022-10-03,PayID,Credit,446.82,Groceries,Mobile App,PayID - Retail,N,2022-10-03
TXN000199,ACC00196,CUST0043,2023-11-01,BPAY,Debit,2291.9,Fuel,Mobile App,BPAY - Retail,N,2023-11-01
TXN000200,ACC00151,CUST0102,2024-10-16,Direct Debit,Debit,7354.27,Entertainment,EFTPOS,Direct Debit - Groceries,N,2024-10-16
TXN000201,ACC00221,CUST0028,2022-09-01,Direct Debit,Debit,5755.06,Travel,ATM,Direct Debit - Retail,Y,2022-09-01
TXN000202,ACC00286,CUST0144,2023-09-13,Transfer,Credit,13270.62,Retail,ATM,Transfer - Restaurants,N,2023-09-14
TXN000203,ACC00250,CUST0042,2022-08-13,ATM Withdrawal,Debit,8533.26,Retail,ATM,ATM Withdrawal - Restaurants,N,2022-08-14
TXN000204,ACC00135,CUST0138,2024-10-10,ATM Withdrawal,Debit,8866.09,Entertainment,Branch,ATM Withdrawal - Entertainment,N,2024-10-12
TXN000205,ACC00024,CUST0046,2022-09-20,Direct Debit,Debit,12554.18,Groceries,Branch,Direct Debit - Travel,N,2022-09-21
TXN000206,ACC00183,CUST0144,2024-04-23,PayID,Credit,5269.69,Utilities,Internet Banking,PayID - Utilities,N,2024-04-25
TXN000207,ACC00044,CUST0161,2022-05-15,Purchase,Debit,13034.23,Entertainment,Internet Banking,Purchase - Groceries,N,2022-05-15
TXN000208,ACC00236,CUST0011,2024-05-15,ATM Withdrawal,Debit,8521.17,Healthcare,Mobile App,ATM Withdrawal - Retail,N,2024-05-16
TXN000209,ACC00194,CUST0002,2024-03-10,Purchase,Debit,4837.0,Retail,Mobile App,Purchase - Utilities,N,2024-03-12
TXN000210,ACC00342,CUST0133,2023-11-27,Direct Debit,Debit,2500.24,Entertainment,ATM,Direct Debit - Utilities,N,2023-11-27
TXN000211,ACC00275,CUST0105,2023-03-15,Purchase,Debit,4311.05,Healthcare,EFTPOS,Purchase - Travel,N,2023-03-17
TXN000212,ACC00048,CUST0049,2022-07-14,Direct Debit,Debit,8878.38,Fuel,EFTPOS,Direct Debit - Retail,N,2022-07-15
TXN000213,ACC00040,CUST0071,2023-09-11,Direct Debit,Debit,7570.09,Travel,EFTPOS,Direct Debit - Entertainment,N,2023-09-12
TXN000214,ACC00129,CUST0002,2024-11-21,Refund,Credit,6798.98,Restaurants,Mobile App,Refund - Restaurants,N,2024-11-21
TXN000215,ACC00339,CUST0047,2024-08-15,PayID,Credit,4019.77,Travel,EFTPOS,PayID - Groceries,N,2024-08-16
TXN000216,ACC00237,CUST0019,2022-10-30,PayID,Credit,3606.37,Healthcare,ATM,PayID - Travel,N,2022-10-30
TXN000217,ACC00325,CUST0149,2023-02-21,Direct Debit,Debit,12689.66,Healthcare,Internet Banking,Direct Debit - Healthcare,N,2023-02-21
TXN000218,ACC00208,CUST0103,2023-05-04,Transfer,Credit,1704.27,Groceries,Internet Banking,Transfer - Healthcare,N,2023-05-06
TXN000219,ACC00224,CUST0178,2024-05-14,Purchase,Debit,9704.18,Utilities,Internet Banking,Purchase - Healthcare,N,2024-05-15
TXN000220,ACC00143,CUST0108,2022-12-27,Purchase,Debit,9664.76,Retail,Mobile App,Purchase - Groceries,N,2022-12-27
TXN000221,ACC00161,CUST0093,2023-09-03,ATM Withdrawal,Debit,13007.71,Entertainment,Mobile App,ATM Withdrawal - Travel,N,2023-09-05
TXN000222,ACC00072,CUST0118,2023-04-29,PayID,Credit,1679.87,Fuel,EFTPOS,PayID - Healthcare,N,2023-04-29
TXN000223,ACC00122,CUST0110,2022-09-08,Direct Debit,Debit,11598.09,Entertainment,EFTPOS,Direct Debit - Travel,N,2022-09-10
TXN000224,ACC00121,CUST0185,2024-05-16,Purchase,Debit,3270.91,Restaurants,Internet Banking,Purchase - Healthcare,N,2024-05-17
TXN000225,ACC00302,CUST0093,2022-04-25,Direct Debit,Debit,7355.89,Fuel,Branch,Direct Debit - Travel,N,2022-04-25
TXN000226,ACC00143,CUST0108,2022-10-24,PayID,Credit,5445.61,Entertainment,Branch,PayID - Groceries,N,2022-10-26
TXN000227,ACC00018,CUST0082,2022-04-22,Refund,Credit,10360.55,Utilities,Branch,Refund - Travel,N,2022-04-24
TXN000228,ACC00186,CUST0189,2022-09-07,Transfer,Credit,8024.13,Retail,ATM,Transfer - Groceries,N,2022-09-08
TXN000229,ACC00131,CUST0183,2023-09-09,Refund,Credit,1354.66,Utilities,Branch,Refund - Utilities,N,2023-09-09
TXN000230,ACC00225,CUST0108,2023-10-12,Refund,Credit,13192.13,Travel,Mobile App,Refund - Healthcare,N,2023-10-13
TXN000231,ACC00242,CUST0198,2024-04-25,Direct Debit,Debit,13897.53,Travel,Mobile App,Direct Debit - Restaurants,N,2024-04-27
TXN000232,ACC00034,CUST0015,2023-12-22,PayID,Credit,6313.64,Entertainment,ATM,PayID - Groceries,N,2023-12-24
TXN000233,ACC00329,CUST0083,2023-01-12,Refund,Credit,9452.71,Restaurants,Mobile App,Refund - Travel,N,2023-01-13
TXN000234,ACC00161,CUST0093,2022-06-18,Transfer,Credit,1663.31,Restaurants,EFTPOS,Transfer - Travel,N,2022-06-19
TXN000235,ACC00232,CUST0178,2024-09-06,Transfer,Credit,13102.71,Healthcare,Internet Banking,Transfer - Entertainment,N,2024-09-06
TXN000236,ACC00044,CUST0161,2024-04-28,ATM Withdrawal,Debit,5514.63,Travel,EFTPOS,ATM Withdrawal - Utilities,Y,2024-04-28
TXN000237,ACC00286,CUST0144,2023-04-14,ATM Withdrawal,Debit,13602.76,Utilities,Branch,ATM Withdrawal - Restaurants,N,2023-04-16
TXN000238,ACC00220,CUST0141,2023-06-17,Direct Debit,Debit,2239.62,Restaurants,EFTPOS,Direct Debit - Fuel,Y,2023-06-19
TXN000239,ACC00223,CUST0035,2024-07-18,ATM Withdrawal,Debit,12409.03,Fuel,Internet Banking,ATM Withdrawal - Utilities,N,2024-07-19
TXN000240,ACC00148,CUST0145,2024-10-09,ATM Withdrawal,Debit,5731.72,Utilities,EFTPOS,ATM Withdrawal - Utilities,N,2024-10-10
TXN000241,ACC00347,CUST0163,2023-01-23,ATM Withdrawal,Debit,6275.55,Restaurants,Mobile App,ATM Withdrawal - Healthcare,N,2023-01-23
TXN000242,ACC00317,CUST0159,2024-07-12,Direct Debit,Debit,13610.02,Retail,Mobile App,Direct Debit - Groceries,N,2024-07-13
TXN000243,ACC00204,CUST0172,2023-03-11,PayID,Credit,10700.33,Travel,EFTPOS,PayID - Healthcare,N,2023-03-13
TXN000244,ACC00031,CUST0107,2022-04-17,Transfer,Credit,4993.61,Retail,Branch,Transfer - Groceries,Y,2022-04-19
TXN000245,ACC00318,CUST0048,2024-02-20,ATM Withdrawal,Debit,4538.31,Entertainment,Internet Banking,ATM Withdrawal - Groceries,N,2024-02-21
TXN000246,ACC00087,CUST0148,2024-10-28,Direct Debit,Debit,7393.1,Retail,Internet Banking,Direct Debit - Fuel,N,2024-10-30
TXN000247,ACC00222,CUST0028,2022-10-18,Direct Debit,Debit,3906.83,Groceries,Internet Banking,Direct Debit - Retail,N,2022-10-19
TXN000248,ACC00185,CUST0170,2024-05-30,Direct Debit,Debit,4244.6,Healthcare,EFTPOS,Direct Debit - Entertainment,N,2024-05-30
TXN000249,ACC00162,CUST0164,2024-10-03,Transfer,Credit,11455.37,Retail,Mobile App,Transfer - Utilities,N,2024-10-03
TXN000250,ACC00094,CUST0118,2022-03-15,Transfer,Credit,7054.24,Retail,ATM,Transfer - Fuel,N,2022-03-16
TXN000251,ACC00021,CUST0172,2024-06-23,PayID,Credit,5348.45,Retail,ATM,PayID - Retail,N,2024-06-25
TXN000252,ACC00076,CUST0187,2022-09-11,Transfer,Credit,5244.71,Healthcare,Internet Banking,Transfer - Restaurants,N,2022-09-12
TXN000253,ACC00289,CUST0180,2023-03-11,Purchase,Debit,8753.63,Restaurants,ATM,Purchase - Fuel,N,2023-03-12
TXN000254,ACC00347,CUST0163,2022-07-13,Purchase,Debit,13310.63,Healthcare,Mobile App,Purchase - Travel,N,2022-07-13
TXN000255,ACC00166,CUST0122,2022-11-11,ATM Withdrawal,Debit,434.09,Retail,ATM,ATM Withdrawal - Healthcare,N,2022-11-11
TXN000256,ACC00169,CUST0023,2022-03-31,ATM Withdrawal,Debit,9842.94,Entertainment,EFTPOS,ATM Withdrawal - Restaurants,N,2022-03-31
TXN000257,ACC00330,CUST0068,2023-08-03,Purchase,Debit,4848.24,Fuel,EFTPOS,Purchase - Travel,N,2023-08-04
TXN000258,ACC00092,CUST0035,2023-05-07,Refund,Credit,14475.77,Travel,Mobile App,Refund - Groceries,N,2023-05-07
TXN000259,ACC00199,CUST0198,2024-04-04,Refund,Credit,4274.75,Restaurants,Mobile App,Refund - Healthcare,N,2024-04-05
TXN000260,ACC00159,CUST0181,2022-09-26,Purchase,Debit,5386.3,Entertainment,EFTPOS,Purchase - Utilities,N,2022-09-27
TXN000261,ACC00244,CUST0019,2023-07-04,ATM Withdrawal,Debit,8446.29,Fuel,ATM,ATM Withdrawal - Entertainment,N,2023-07-05
TXN000262,ACC00323,CUST0065,2024-05-22,BPAY,Debit,1395.12,Entertainment,ATM,BPAY - Utilities,N,2024-05-24
TXN000263,ACC00080,CUST0193,2024-10-11,PayID,Credit,7909.65,Fuel,Branch,PayID - Retail,N,2024-10-12
TXN000264,ACC00154,CUST0164,2022-11-01,PayID,Credit,14762.81,Healthcare,Internet Banking,PayID - Travel,N,2022-11-01
TXN000265,ACC00283,CUST0168,2022-06-06,BPAY,Debit,13759.61,Fuel,EFTPOS,BPAY - Travel,N,2022-06-07
TXN000266,ACC00339,CUST0047,2023-06-03,BPAY,Debit,5332.51,Fuel,EFTPOS,BPAY - Groceries,N,2023-06-05
TXN000267,ACC00237,CUST0019,2023-01-03,Refund,Credit,11792.87,Travel,Mobile App,Refund - Fuel,N,2023-01-05
TXN000268,ACC00153,CUST0187,2023-10-05,ATM Withdrawal,Debit,8808.54,Retail,EFTPOS,ATM Withdrawal - Healthcare,N,2023-10-05
TXN000269,ACC00109,CUST0036,2023-01-15,BPAY,Debit,1174.23,Healthcare,Mobile App,BPAY - Travel,N,2023-01-15
TXN000270,ACC00203,CUST0092,2022-08-27,PayID,Credit,200.56,Retail,ATM,PayID - Travel,N,2022-08-29
TXN000271,ACC00309,CUST0168,2024-09-23,Refund,Credit,4542.7,Entertainment,ATM,Refund - Healthcare,N,2024-09-23
TXN000272,ACC00008,CUST0096,2023-01-26,Purchase,Debit,1679.58,Utilities,Mobile App,Purchase - Utilities,N,2023-01-26
TXN000273,ACC00333,CUST0046,2023-05-11,PayID,Credit,6537.39,Utilities,Mobile App,PayID - Healthcare,N,2023-05-11
TXN000274,ACC00243,CUST0053,2024-05-14,Transfer,Credit,328.23,Restaurants,ATM,Transfer - Retail,N,2024-05-15
TXN000275,ACC00300,CUST0162,2023-05-12,BPAY,Debit,3020.87,Travel,Mobile App,BPAY - Entertainment,Y,2023-05-14
TXN000276,ACC00222,CUST0028,2024-05-01,PayID,Credit,12729.4,Healthcare,Mobile App,PayID - Retail,N,2024-05-03
TXN000277,ACC00303,CUST0200,2024-09-26,Purchase,Debit,3479.35,Groceries,ATM,Purchase - Entertainment,N,2024-09-27
TXN000278,ACC00332,CUST0157,2024-05-04,Purchase,Debit,13337.22,Retail,EFTPOS,Purchase - Entertainment,N,2024-05-05
TXN000279,ACC00011,CUST0182,2022-11-27,Transfer,Credit,4320.87,Retail,Branch,Transfer - Retail,N,2022-11-27
TXN000280,ACC00301,CUST0177,2023-11-26,Refund,Credit,13826.11,Retail,Internet Banking,Refund - Healthcare,N,2023-11-27
TXN000281,ACC00214,CUST0130,2024-01-08,Refund,Credit,11939.79,Restaurants,EFTPOS,Refund - Utilities,N,2024-01-10
TXN000282,ACC00045,CUST0105,2024-09-15,Transfer,Credit,1937.32,Restaurants,EFTPOS,Transfer - Retail,N,2024-09-16
TXN000283,ACC00253,CUST0079,2023-09-14,BPAY,Debit,3521.55,Groceries,Mobile App,BPAY - Entertainment,N,2023-09-15
TXN000284,ACC00347,CUST0163,2022-11-21,Refund,Credit,2621.55,Groceries,Mobile App,Refund - Entertainment,N,2022-11-23
TXN000285,ACC00117,CUST0180,2022-09-05,ATM Withdrawal,Debit,8430.16,Healthcare,Branch,ATM Withdrawal - Entertainment,N,2022-09-07
TXN000286,ACC00137,CUST0067,2022-11-06,Refund,Credit,12801.27,Fuel,Mobile App,Refund - Retail,N,2022-11-06
TXN000287,ACC00055,CUST0196,2022-07-28,Purchase,Debit,12354.33,Fuel,Internet Banking,Purchase - Fuel,N,2022-07-29
TXN000288,ACC00081,CUST0115,2023-08-22,Refund,Credit,10622.74,Retail,Mobile App,Refund - Restaurants,N,2023-08-23
TXN000289,ACC00071,CUST0112,2022-09-09,ATM Withdrawal,Debit,12729.08,Travel,Mobile App,ATM Withdrawal - Utilities,N,2022-09-10
TXN000290,ACC00175,CUST0190,2023-08-11,Purchase,Debit,7575.84,Healthcare,Branch,Purchase - Travel,N,2023-08-13
TXN000291,ACC00126,CUST0046,2022-11-07,BPAY,Debit,11298.34,Travel,Internet Banking,BPAY - Restaurants,N,2022-11-08
TXN000292,ACC00210,CUST0047,2024-07-28,BPAY,Debit,14277.66,Entertainment,Mobile App,BPAY - Retail,N,2024-07-28
TXN000293,ACC00265,CUST0107,2022-05-23,Direct Debit,Debit,1272.59,Travel,Internet Banking,Direct Debit - Travel,N,2022-05-23
TXN000294,ACC00339,CUST0047,2022-11-06,Purchase,Debit,13537.76,Healthcare,ATM,Purchase - Travel,N,2022-11-08
TXN000295,ACC00284,CUST0133,2023-09-16,Direct Debit,Debit,10823.54,Entertainment,Mobile App,Direct Debit - Healthcare,N,2023-09-18
TXN000296,ACC00076,CUST0187,2024-04-07,Transfer,Credit,6693.39,Retail,Branch,Transfer - Travel,N,2024-04-08
TXN000297,ACC00044,CUST0161,2022-03-17,ATM Withdrawal,Debit,8061.96,Restaurants,EFTPOS,ATM Withdrawal - Healthcare,N,2022-03-19
TXN000298,ACC00283,CUST0168,2023-10-02,Refund,Credit,7820.52,Restaurants,Mobile App,Refund - Groceries,N,2023-10-04
TXN000299,ACC00304,CUST0162,2023-06-14,Refund,Credit,3620.86,Healthcare,ATM,Refund - Fuel,N,2023-06-15
TXN000300,ACC00133,CUST0075,2024-11-05,Purchase,Debit,5317.75,Fuel,ATM,Purchase - Healthcare,N,2024-11-05
TXN000301,ACC00233,CUST0052,2023-11-26,Refund,Credit,14744.28,Utilities,Branch,Refund - Healthcare,N,2023-11-28
TXN000302,ACC00294,CUST0057,2022-10-14,BPAY,Debit,10715.55,Utilities,Mobile App,BPAY - Entertainment,N,2022-10-14
TXN000303,ACC00185,CUST0170,2024-07-19,PayID,Credit,1470.72,Travel,ATM,PayID - Fuel,N,2024-07-20
TXN000304,ACC00067,CUST0163,2024-09-02,Purchase,Debit,3222.55,Entertainment,EFTPOS,Purchase - Travel,N,2024-09-04
TXN000305,ACC00203,CUST0092,2023-06-25,PayID,Credit,8764.97,Travel,ATM,PayID - Retail,N,2023-06-26
TXN000306,ACC00084,CUST0006,2022-10-23,ATM Withdrawal,Debit,7587.28,Retail,Internet Banking,ATM Withdrawal - Fuel,N,2022-10-24
TXN000307,ACC00243,CUST0053,2022-03-08,BPAY,Debit,11197.7,Entertainment,Mobile App,BPAY - Travel,N,2022-03-09
TXN000308,ACC00293,CUST0096,2023-08-17,Transfer,Credit,605.19,Fuel,Branch,Transfer - Healthcare,N,2023-08-18
TXN000309,ACC00151,CUST0102,2024-09-22,Transfer,Credit,420.64,Restaurants,EFTPOS,Transfer - Travel,N,2024-09-23
TXN000310,ACC00146,CUST0062,2023-03-18,PayID,Credit,2746.97,Retail,Mobile App,PayID - Fuel,N,2023-03-18
TXN000311,ACC00023,CUST0197,2024-05-05,Direct Debit,Debit,7218.17,Retail,Branch,Direct Debit - Travel,N,2024-05-07
TXN000312,ACC00311,CUST0179,2022-09-29,BPAY,Debit,11429.51,Retail,ATM,BPAY - Retail,N,2022-10-01
TXN000313,ACC00167,CUST0038,2022-07-02,PayID,Credit,11997.37,Travel,ATM,PayID - Utilities,N,2022-07-03
TXN000314,ACC00277,CUST0144,2022-04-04,ATM Withdrawal,Debit,14371.23,Healthcare,Mobile App,ATM Withdrawal - Restaurants,N,2022-04-06
TXN000315,ACC00323,CUST0065,2023-09-25,Purchase,Debit,8416.1,Fuel,Internet Banking,Purchase - Groceries,N,2023-09-27
TXN000316,ACC00097,CUST0182,2024-09-01,Purchase,Debit,7540.08,Fuel,EFTPOS,Purchase - Restaurants,N,2024-09-02
TXN000317,ACC00106,CUST0014,2023-05-18,Refund,Credit,12445.53,Retail,Mobile App,Refund - Entertainment,N,2023-05-18
TXN000318,ACC00252,CUST0033,2022-02-17,Transfer,Credit,5100.01,Travel,Mobile App,Transfer - Entertainment,N,2022-02-17
TXN000319,ACC00059,CUST0179,2022-07-23,Direct Debit,Debit,8127.15,Restaurants,Internet Banking,Direct Debit - Healthcare,N,2022-07-23
TXN000320,ACC00158,CUST0088,2024-04-14,Purchase,Debit,10179.45,Entertainment,Internet Banking,Purchase - Groceries,N,2024-04-15
TXN000321,ACC00200,CUST0107,2022-07-22,ATM Withdrawal,Debit,4801.3,Entertainment,Branch,ATM Withdrawal - Travel,N,2022-07-22
TXN000322,ACC00027,CUST0076,2023-02-19,BPAY,Debit,3595.1,Utilities,ATM,BPAY - Travel,N,2023-02-20
TXN000323,ACC00032,CUST0135,2023-10-14,ATM Withdrawal,Debit,6972.89,Fuel,ATM,ATM Withdrawal - Groceries,N,2023-10-14
TXN000324,ACC00010,CUST0042,2023-07-06,BPAY,Debit,8311.57,Fuel,Internet Banking,BPAY - Restaurants,N,2023-07-07
TXN000325,ACC00229,CUST0109,2022-06-21,BPAY,Debit,12694.32,Utilities,Internet Banking,BPAY - Entertainment,N,2022-06-21
TXN000326,ACC00126,CUST0046,2024-05-17,BPAY,Debit,14420.32,Retail,Mobile App,BPAY - Groceries,N,2024-05-19
TXN000327,ACC00149,CUST0006,2022-12-09,ATM Withdrawal,Debit,9.14,Healthcare,EFTPOS,ATM Withdrawal - Healthcare,N,2022-12-10
TXN000328,ACC00180,CUST0069,2023-03-12,BPAY,Debit,8777.8,Healthcare,Mobile App,BPAY - Restaurants,N,2023-03-14
TXN000329,ACC00036,CUST0139,2023-09-08,PayID,Credit,1346.64,Fuel,Internet Banking,PayID - Healthcare,N,2023-09-08
TXN000330,ACC00313,CUST0134,2024-10-30,Direct Debit,Debit,14361.3,Entertainment,Branch,Direct Debit - Retail,N,2024-11-01
TXN000331,ACC00165,CUST0142,2023-12-01,BPAY,Debit,3160.15,Entertainment,Mobile App,BPAY - Restaurants,N,2023-12-01
TXN000332,ACC00312,CUST0089,2024-09-02,Purchase,Debit,65.18,Restaurants,ATM,Purchase - Retail,N,2024-09-04
TXN000333,ACC00042,CUST0012,2022-06-08,Refund,Credit,8080.2,Retail,Mobile App,Refund - Entertainment,N,2022-06-09
TXN000334,ACC00308,CUST0141,2024-01-04,Refund,Credit,5801.88,Groceries,Mobile App,Refund - Retail,N,2024-01-04
TXN000335,ACC00228,CUST0195,2022-01-20,Purchase,Debit,3323.59,Healthcare,Branch,Purchase - Utilities,N,2022-01-22
TXN000336,ACC00321,CUST0032,2023-09-13,Transfer,Credit,12126.41,Utilities,ATM,Transfer - Entertainment,Y,2023-09-14
TXN000337,ACC00311,CUST0179,2023-03-05,Refund,Credit,108.02,Travel,Mobile App,Refund - Healthcare,N,2023-03-06
TXN000338,ACC00088,CUST0136,2023-02-01,BPAY,Debit,9897.92,Restaurants,Mobile App,BPAY - Restaurants,N,2023-02-01
TXN000339,ACC00133,CUST0075,2023-04-12,PayID,Credit,13215.17,Healthcare,Internet Banking,PayID - Groceries,N,2023-04-14
TXN000340,ACC00348,CUST0040,2024-12-27,PayID,Credit,9217.23,Retail,Mobile App,PayID - Travel,N,2024-12-29
TXN000341,ACC00027,CUST0076,2023-10-24,ATM Withdrawal,Debit,6488.79,Healthcare,Mobile App,ATM Withdrawal - Retail,N,2023-10-26
TXN000342,ACC00023,CUST0197,2023-04-05,ATM Withdrawal,Debit,705.42,Retail,Branch,ATM Withdrawal - Groceries,N,2023-04-06
TXN000343,ACC00042,CUST0012,2022-02-21,Transfer,Credit,14853.98,Travel,Mobile App,Transfer - Utilities,N,2022-02-22
TXN000344,ACC00160,CUST0105,2022-05-09,Purchase,Debit,9390.29,Groceries,ATM,Purchase - Travel,N,2022-05-11
TXN000345,ACC00321,CUST0032,2023-11-16,Transfer,Credit,12607.77,Fuel,ATM,Transfer - Utilities,N,2023-11-16
TXN000346,ACC00171,CUST0074,2024-11-30,Purchase,Debit,11911.87,Retail,Mobile App,Purchase - Retail,N,2024-11-30
TXN000347,ACC00032,CUST0135,2022-03-10,Refund,Credit,5661.55,Fuel,Internet Banking,Refund - Groceries,N,2022-03-11
TXN000348,ACC00029,CUST0150,2023-09-10,ATM Withdrawal,Debit,9161.47,Fuel,Mobile App,ATM Withdrawal - Groceries,N,2023-09-11
TXN000349,ACC00196,CUST0043,2024-04-02,Refund,Credit,1438.36,Travel,Internet Banking,Refund - Groceries,N,2024-04-03
TXN000350,ACC00220,CUST0141,2022-07-27,PayID,Credit,5094.91,Groceries,ATM,PayID - Entertainment,N,2022-07-27
TXN000351,ACC00053,CUST0066,2022-01-26,Purchase,Debit,8928.03,Utilities,EFTPOS,Purchase - Restaurants,N,2022-01-27
TXN000352,ACC00182,CUST0120,2024-05-12,BPAY,Debit,7221.51,Retail,Internet Banking,BPAY - Utilities,N,2024-05-12
TXN000353,ACC00031,CUST0107,2022-09-19,ATM Withdrawal,Debit,4675.69,Entertainment,Branch,ATM Withdrawal - Restaurants,N,2022-09-20
TXN000354,ACC00309,CUST0168,2023-12-04,Purchase,Debit,4366.67,Restaurants,Mobile App,Purchase - Utilities,N,2023-12-06
TXN000355,ACC00028,CUST0048,2024-05-14,Transfer,Credit,5157.9,Utilities,Mobile App,Transfer - Entertainment,N,2024-05-15
TXN000356,ACC00240,CUST0175,2023-11-10,BPAY,Debit,12780.28,Entertainment,EFTPOS,BPAY - Healthcare,N,2023-11-10
TXN000357,ACC00054,CUST0185,2024-07-19,Purchase,Debit,13141.71,Retail,Internet Banking,Purchase - Groceries,N,2024-07-21
TXN000358,ACC00118,CUST0040,2024-08-13,Transfer,Credit,9359.18,Retail,Branch,Transfer - Travel,N,2024-08-13
TXN000359,ACC00004,CUST0128,2024-01-14,Direct Debit,Debit,149.37,Groceries,EFTPOS,Direct Debit - Fuel,N,2024-01-15
TXN000360,ACC00100,CUST0064,2024-01-08,Purchase,Debit,659.53,Utilities,Internet Banking,Purchase - Healthcare,N,2024-01-09
TXN000361,ACC00090,CUST0096,2023-11-27,Transfer,Credit,12713.17,Restaurants,Internet Banking,Transfer - Groceries,N,2023-11-28
TXN000362,ACC00052,CUST0076,2022-02-12,Transfer,Credit,12471.85,Travel,Mobile App,Transfer - Entertainment,N,2022-02-13
TXN000363,ACC00234,CUST0199,2023-05-07,Direct Debit,Debit,5545.24,Restaurants,EFTPOS,Direct Debit - Travel,N,2023-05-07
TXN000364,ACC00061,CUST0145,2022-10-23,Transfer,Credit,13240.96,Utilities,Internet Banking,Transfer - Travel,N,2022-10-24
TXN000365,ACC00307,CUST0170,2024-05-29,Transfer,Credit,14654.75,Groceries,EFTPOS,Transfer - Utilities,N,2024-05-30
TXN000366,ACC00077,CUST0173,2023-11-03,PayID,Credit,3708.33,Healthcare,Internet Banking,PayID - Retail,N,2023-11-03
TXN000367,ACC00241,CUST0132,2022-05-13,ATM Withdrawal,Debit,2512.34,Entertainment,ATM,ATM Withdrawal - Retail,N,2022-05-15
TXN000368,ACC00192,CUST0125,2024-12-12,PayID,Credit,10417.95,Retail,ATM,PayID - Healthcare,N,2024-12-14
TXN000369,ACC00299,CUST0098,2022-03-16,Transfer,Credit,3108.79,Retail,Internet Banking,Transfer - Travel,N,2022-03-17
TXN000370,ACC00194,CUST0002,2022-11-18,Direct Debit,Debit,14032.55,Healthcare,EFTPOS,Direct Debit - Fuel,N,2022-11-18
TXN000371,ACC00152,CUST0045,2024-06-29,Transfer,Credit,7782.79,Groceries,ATM,Transfer - Entertainment,N,2024-06-30
TXN000372,ACC00222,CUST0028,2024-04-17,ATM Withdrawal,Debit,5513.31,Entertainment,Branch,ATM Withdrawal - Travel,Y,2024-04-18
TXN000373,ACC00120,CUST0169,2023-06-28,Direct Debit,Debit,9680.68,Fuel,Branch,Direct Debit - Fuel,N,2023-06-28
TXN000374,ACC00051,CUST0081,2022-08-31,Purchase,Debit,1071.16,Utilities,Branch,Purchase - Utilities,N,2022-09-01
TXN000375,ACC00155,CUST0182,2023-07-17,BPAY,Debit,2860.45,Restaurants,EFTPOS,BPAY - Healthcare,Y,2023-07-18
TXN000376,ACC00145,CUST0008,2023-12-11,ATM Withdrawal,Debit,11747.14,Travel,EFTPOS,ATM Withdrawal - Groceries,N,2023-12-13
TXN000377,ACC00077,CUST0173,2024-03-25,PayID,Credit,3414.45,Utilities,ATM,PayID - Utilities,N,2024-03-27
TXN000378,ACC00240,CUST0175,2024-08-02,Purchase,Debit,5110.55,Entertainment,Internet Banking,Purchase - Travel,N,2024-08-04
TXN000379,ACC00214,CUST0130,2023-03-06,Refund,Credit,6580.77,Groceries,Branch,Refund - Restaurants,N,2023-03-06
TXN000380,ACC00157,CUST0123,2022-01-20,PayID,Credit,7497.5,Entertainment,Branch,PayID - Utilities,N,2022-01-22
TXN000381,ACC00207,CUST0085,2023-09-06,Purchase,Debit,4891.87,Groceries,Internet Banking,Purchase - Restaurants,N,2023-09-07
TXN000382,ACC00291,CUST0189,2024-03-11,Transfer,Credit,14702.6,Travel,Mobile App,Transfer - Travel,N,2024-03-11
TXN000383,ACC00169,CUST0023,2024-07-13,Direct Debit,Debit,9585.41,Fuel,Internet Banking,Direct Debit - Fuel,N,2024-07-13
TXN000384,ACC00017,CUST0050,2024-09-27,Transfer,Credit,403.55,Fuel,ATM,Transfer - Healthcare,N,2024-09-28
TXN000385,ACC00338,CUST0192,2024-12-09,Purchase,Debit,1050.62,Entertainment,EFTPOS,Purchase - Groceries,N,2024-12-10
TXN000386,ACC00201,CUST0078,2022-11-18,Transfer,Credit,14843.94,Travel,ATM,Transfer - Fuel,N,2022-11-18
TXN000387,ACC00067,CUST0163,2023-02-26,Refund,Credit,4647.05,Retail,Internet Banking,Refund - Healthcare,N,2023-02-28
TXN000388,ACC00235,CUST0011,2023-07-19,Transfer,Credit,3026.34,Retail,Mobile App,Transfer - Travel,N,2023-07-19
TXN000389,ACC00270,CUST0034,2023-11-05,ATM Withdrawal,Debit,13654.63,Retail,ATM,ATM Withdrawal - Groceries,N,2023-11-06
TXN000390,ACC00331,CUST0083,2024-07-23,Refund,Credit,5202.38,Healthcare,ATM,Refund - Restaurants,N,2024-07-23
TXN000391,ACC00317,CUST0159,2024-06-03,PayID,Credit,6867.96,Restaurants,EFTPOS,PayID - Fuel,N,2024-06-03
TXN000392,ACC00123,CUST0128,2022-11-20,PayID,Credit,4107.37,Healthcare,Mobile App,PayID - Utilities,N,2022-11-21
TXN000393,ACC00284,CUST0133,2022-09-06,Purchase,Debit,14929.75,Fuel,EFTPOS,Purchase - Entertainment,N,2022-09-06
TXN000394,ACC00130,CUST0169,2023-03-01,ATM Withdrawal,Debit,7591.46,Groceries,Mobile App,ATM Withdrawal - Retail,N,2023-03-03
TXN000395,ACC00205,CUST0066,2023-02-03,Purchase,Debit,5950.72,Healthcare,Mobile App,Purchase - Restaurants,N,2023-02-05
TXN000396,ACC00238,CUST0090,2024-09-19,Purchase,Debit,6920.89,Utilities,ATM,Purchase - Restaurants,N,2024-09-20
TXN000397,ACC00083,CUST0134,2022-12-16,BPAY,Debit,12577.6,Fuel,Internet Banking,BPAY - Healthcare,N,2022-12-18
TXN000398,ACC00201,CUST0078,2022-12-11,Refund,Credit,1164.7,Groceries,Branch,Refund - Restaurants,N,2022-12-11
TXN000399,ACC00111,CUST0026,2022-03-12,BPAY,Debit,13390.42,Utilities,ATM,BPAY - Groceries,N,2022-03-14
TXN000400,ACC00329,CUST0083,2022-07-30,Direct Debit,Debit,5859.89,Retail,Mobile App,Direct Debit - Groceries,N,2022-07-31
TXN000401,ACC00104,CUST0012,2023-05-27,Transfer,Credit,5620.3,Utilities,Mobile App,Transfer - Groceries,N,2023-05-27
TXN000402,ACC00173,CUST0087,2023-01-29,Purchase,Debit,10199.71,Utilities,Mobile App,Purchase - Restaurants,N,2023-01-29
TXN000403,ACC00213,CUST0170,2024-11-15,Direct Debit,Debit,1616.15,Entertainment,EFTPOS,Direct Debit - Utilities,N,2024-11-17
TXN000404,ACC00203,CUST0092,2024-05-26,Transfer,Credit,1812.94,Fuel,Branch,Transfer - Entertainment,N,2024-05-27
TXN000405,ACC00335,CUST0021,2023-10-10,Transfer,Credit,180.71,Retail,Internet Banking,Transfer - Fuel,N,2023-10-11
TXN000406,ACC00333,CUST0046,2024-01-26,Transfer,Credit,660.04,Travel,Branch,Transfer - Retail,N,2024-01-26
TXN000407,ACC00275,CUST0105,2022-12-18,Purchase,Debit,3779.85,Entertainment,ATM,Purchase - Restaurants,N,2022-12-20
TXN000408,ACC00163,CUST0024,2024-09-14,Purchase,Debit,1013.63,Retail,ATM,Purchase - Utilities,N,2024-09-16
TXN000409,ACC00007,CUST0099,2023-04-22,Refund,Credit,319.18,Fuel,Branch,Refund - Utilities,N,2023-04-22
TXN000410,ACC00318,CUST0048,2022-06-12,Direct Debit,Debit,899.79,Retail,Branch,Direct Debit - Utilities,N,2022-06-12
TXN000411,ACC00329,CUST0083,2022-03-19,PayID,Credit,3571.72,Retail,Branch,PayID - Restaurants,N,2022-03-21
TXN000412,ACC00021,CUST0172,2024-12-02,ATM Withdrawal,Debit,11876.9,Healthcare,Mobile App,ATM Withdrawal - Utilities,N,2024-12-03
TXN000413,ACC00176,CUST0035,2023-05-12,Purchase,Debit,3088.06,Utilities,Internet Banking,Purchase - Travel,N,2023-05-12
TXN000414,ACC00227,CUST0173,2022-01-13,ATM Withdrawal,Debit,970.19,Fuel,Internet Banking,ATM Withdrawal - Groceries,N,2022-01-13
TXN000415,ACC00105,CUST0177,2022-09-15,BPAY,Debit,1377.3,Utilities,Internet Banking,BPAY - Fuel,N,2022-09-16
TXN000416,ACC00160,CUST0105,2022-12-03,Transfer,Credit,10825.38,Travel,Internet Banking,Transfer - Utilities,N,2022-12-05
TXN000417,ACC00230,CUST0074,2023-02-17,Refund,Credit,4078.64,Retail,Mobile App,Refund - Entertainment,N,2023-02-17
TXN000418,ACC00242,CUST0198,2024-06-22,BPAY,Debit,6341.04,Travel,Internet Banking,BPAY - Retail,Y,2024-06-23
TXN000419,ACC00219,CUST0184,2022-06-20,Direct Debit,Debit,11383.12,Restaurants,EFTPOS,Direct Debit - Restaurants,N,2022-06-21
TXN000420,ACC00157,CUST0123,2024-07-17,BPAY,Debit,4249.1,Retail,Mobile App,BPAY - Entertainment,N,2024-07-18
TXN000421,ACC00101,CUST0104,2022-11-13,Purchase,Debit,13742.06,Groceries,EFTPOS,Purchase - Entertainment,N,2022-11-14
TXN000422,ACC00203,CUST0092,2024-02-04,Direct Debit,Debit,5761.18,Fuel,ATM,Direct Debit - Groceries,N,2024-02-04
TXN000423,ACC00198,CUST0188,2022-11-29,ATM Withdrawal,Debit,2914.23,Healthcare,Branch,ATM Withdrawal - Retail,N,2022-11-30
TXN000424,ACC00030,CUST0177,2024-02-29,PayID,Credit,13897.85,Utilities,Internet Banking,PayID - Retail,Y,2024-03-01
TXN000425,ACC00324,CUST0163,2022-02-27,PayID,Credit,10462.37,Restaurants,Branch,PayID - Retail,N,2022-02-27
TXN000426,ACC00131,CUST0183,2023-05-22,PayID,Credit,9032.64,Restaurants,Mobile App,PayID - Fuel,N,2023-05-24
TXN000427,ACC00197,CUST0088,2024-03-25,Purchase,Debit,10591.34,Utilities,ATM,Purchase - Restaurants,N,2024-03-26
TXN000428,ACC00155,CUST0182,2024-10-22,PayID,Credit,14515.28,Travel,EFTPOS,PayID - Healthcare,N,2024-10-24
TXN000429,ACC00046,CUST0119,2022-08-12,Refund,Credit,9543.07,Entertainment,Internet Banking,Refund - Healthcare,N,2022-08-14
TXN000430,ACC00204,CUST0172,2023-09-23,Transfer,Credit,97.3,Retail,Mobile App,Transfer - Fuel,N,2023-09-25
TXN000431,ACC00214,CUST0130,2024-12-11,Direct Debit,Debit,6253.22,Travel,Internet Banking,Direct Debit - Restaurants,N,2024-12-13
TXN000432,ACC00069,CUST0153,2023-02-10,BPAY,Debit,7297.58,Fuel,ATM,BPAY - Utilities,N,2023-02-10
TXN000433,ACC00094,CUST0118,2023-01-28,Refund,Credit,3891.02,Travel,ATM,Refund - Fuel,N,2023-01-28
TXN000434,ACC00041,CUST0062,2023-08-24,Purchase,Debit,1286.52,Healthcare,Mobile App,Purchase - Entertainment,Y,2023-08-24
TXN000435,ACC00245,CUST0162,2024-09-20,Purchase,Debit,10092.4,Groceries,Mobile App,Purchase - Healthcare,N,2024-09-20
TXN000436,ACC00341,CUST0197,2022-03-27,BPAY,Debit,1453.53,Groceries,ATM,BPAY - Healthcare,N,2022-03-28
TXN000437,ACC00173,CUST0087,2024-05-29,PayID,Credit,5048.92,Entertainment,Branch,PayID - Utilities,N,2024-05-31
TXN000438,ACC00205,CUST0066,2024-02-15,Direct Debit,Debit,9162.53,Entertainment,Mobile App,Direct Debit - Groceries,N,2024-02-17
TXN000439,ACC00206,CUST0093,2022-10-12,Purchase,Debit,386.18,Healthcare,Internet Banking,Purchase - Entertainment,N,2022-10-14
TXN000440,ACC00338,CUST0192,2024-08-31,PayID,Credit,7724.2,Utilities,Mobile App,PayID - Entertainment,Y,2024-09-01
TXN000441,ACC00024,CUST0046,2023-10-29,Transfer,Credit,10169.26,Retail,ATM,Transfer - Fuel,N,2023-10-30
TXN000442,ACC00338,CUST0192,2022-07-25,Direct Debit,Debit,11014.43,Utilities,Internet Banking,Direct Debit - Groceries,N,2022-07-25
TXN000443,ACC00155,CUST0182,2024-08-14,ATM Withdrawal,Debit,2521.62,Fuel,ATM,ATM Withdrawal - Utilities,N,2024-08-14
TXN000444,ACC00338,CUST0192,2022-07-03,PayID,Credit,1582.94,Groceries,Internet Banking,PayID - Entertainment,N,2022-07-04
TXN000445,ACC00113,CUST0053,2023-06-12,PayID,Credit,9989.32,Fuel,Internet Banking,PayID - Retail,N,2023-06-14
TXN000446,ACC00171,CUST0074,2023-04-04,Refund,Credit,13976.77,Fuel,Branch,Refund - Travel,N,2023-04-06
TXN000447,ACC00196,CUST0043,2024-06-13,Transfer,Credit,12126.9,Healthcare,Mobile App,Transfer - Healthcare,N,2024-06-13
TXN000448,ACC00175,CUST0190,2023-01-21,Purchase,Debit,11169.52,Entertainment,Internet Banking,Purchase - Entertainment,N,2023-01-23
TXN000449,ACC00001,CUST0156,2023-09-29,BPAY,Debit,929.21,Utilities,ATM,BPAY - Travel,N,2023-09-30
TXN000450,ACC00348,CUST0040,2022-09-16,BPAY,Debit,7796.75,Utilities,Mobile App,BPAY - Travel,Y,2022-09-17
TXN000451,ACC00162,CUST0164,2022-10-24,Direct Debit,Debit,12242.4,Utilities,ATM,Direct Debit - Retail,N,2022-10-25
TXN000452,ACC00075,CUST0084,2022-03-12,Direct Debit,Debit,8983.61,Fuel,Branch,Direct Debit - Retail,N,2022-03-12
TXN000453,ACC00254,CUST0071,2023-08-20,ATM Withdrawal,Debit,10562.4,Groceries,Branch,ATM Withdrawal - Restaurants,N,2023-08-20
TXN000454,ACC00116,CUST0068,2022-04-18,Refund,Credit,13847.44,Restaurants,ATM,Refund - Travel,N,2022-04-20
TXN000455,ACC00082,CUST0076,2022-02-14,Direct Debit,Debit,8219.6,Travel,ATM,Direct Debit - Entertainment,N,2022-02-15
TXN000456,ACC00037,CUST0197,2024-12-17,Direct Debit,Debit,10901.59,Utilities,EFTPOS,Direct Debit - Travel,N,2024-12-18
TXN000457,ACC00298,CUST0147,2022-04-21,PayID,Credit,12747.3,Healthcare,ATM,PayID - Restaurants,N,2022-04-22
TXN000458,ACC00248,CUST0163,2023-08-20,Transfer,Credit,13458.37,Utilities,Internet Banking,Transfer - Groceries,N,2023-08-22
TXN000459,ACC00053,CUST0066,2022-10-30,ATM Withdrawal,Debit,5648.96,Restaurants,Mobile App,ATM Withdrawal - Fuel,N,2022-10-31
TXN000460,ACC00092,CUST0035,2022-04-18,BPAY,Debit,1761.09,Entertainment,EFTPOS,BPAY - Travel,N,2022-04-20
TXN000461,ACC00207,CUST0085,2023-05-17,Transfer,Credit,510.86,Travel,ATM,Transfer - Healthcare,N,2023-05-17
TXN000462,ACC00335,CUST0021,2024-02-08,Refund,Credit,11637.97,Fuel,ATM,Refund - Travel,N,2024-02-10
TXN000463,ACC00228,CUST0195,2024-01-23,Purchase,Debit,175.02,Fuel,Mobile App,Purchase - Retail,N,2024-01-25
TXN000464,ACC00116,CUST0068,2022-02-17,BPAY,Debit,8803.17,Retail,Branch,BPAY - Fuel,N,2022-02-17
TXN000465,ACC00197,CUST0088,2024-09-18,PayID,Credit,14999.31,Travel,Branch,PayID - Restaurants,N,2024-09-18
TXN000466,ACC00276,CUST0157,2023-01-14,PayID,Credit,6080.55,Groceries,ATM,PayID - Retail,N,2023-01-16
TXN000467,ACC00276,CUST0157,2022-09-12,Transfer,Credit,11302.87,Fuel,Internet Banking,Transfer - Restaurants,Y,2022-09-13
TXN000468,ACC00161,CUST0093,2022-09-09,BPAY,Debit,588.11,Utilities,Internet Banking,BPAY - Fuel,N,2022-09-09
TXN000469,ACC00044,CUST0161,2022-09-13,Direct Debit,Debit,7592.72,Restaurants,ATM,Direct Debit - Groceries,N,2022-09-13
TXN000470,ACC00266,CUST0006,2023-08-24,ATM Withdrawal,Debit,9887.7,Restaurants,EFTPOS,ATM Withdrawal - Retail,N,2023-08-26
TXN000471,ACC00181,CUST0065,2024-11-11,Purchase,Debit,3148.38,Groceries,Internet Banking,Purchase - Groceries,N,2024-11-12
TXN000472,ACC00111,CUST0026,2022-10-02,Transfer,Credit,9032.56,Entertainment,Branch,Transfer - Restaurants,N,2022-10-03
TXN000473,ACC00039,CUST0077,2023-06-07,PayID,Credit,3910.86,Restaurants,ATM,PayID - Retail,N,2023-06-08
TXN000474,ACC00347,CUST0163,2024-05-21,Transfer,Credit,14103.05,Utilities,Mobile App,Transfer - Healthcare,N,2024-05-23
TXN000475,ACC00331,CUST0083,2023-01-30,BPAY,Debit,10716.96,Restaurants,ATM,BPAY - Restaurants,N,2023-01-31
TXN000476,ACC00195,CUST0174,2022-02-23,Transfer,Credit,14460.3,Fuel,Branch,Transfer - Fuel,N,2022-02-25
TXN000477,ACC00281,CUST0153,2024-04-13,PayID,Credit,990.32,Fuel,Branch,PayID - Entertainment,N,2024-04-13
TXN000478,ACC00116,CUST0068,2023-07-15,ATM Withdrawal,Debit,148.94,Utilities,ATM,ATM Withdrawal - Fuel,N,2023-07-15
TXN000479,ACC00090,CUST0096,2024-12-14,Direct Debit,Debit,10925.18,Retail,Mobile App,Direct Debit - Entertainment,N,2024-12-15
TXN000480,ACC00283,CUST0168,2023-07-10,Purchase,Debit,9112.4,Restaurants,Branch,Purchase - Travel,N,2023-07-12
TXN000481,ACC00348,CUST0040,2024-12-24,Refund,Credit,8275.52,Travel,ATM,Refund - Restaurants,N,2024-12-26
TXN000482,ACC00263,CUST0133,2022-11-15,Transfer,Credit,9863.79,Travel,EFTPOS,Transfer - Healthcare,N,2022-11-17
TXN000483,ACC00328,CUST0011,2024-01-29,Transfer,Credit,10612.83,Travel,ATM,Transfer - Restaurants,N,2024-01-30
TXN000484,ACC00240,CUST0175,2024-10-25,ATM Withdrawal,Debit,4303.01,Utilities,Branch,ATM Withdrawal - Fuel,N,2024-10-26
TXN000485,ACC00161,CUST0093,2022-07-04,Purchase,Debit,9520.52,Utilities,Mobile App,Purchase - Restaurants,N,2022-07-04
TXN000486,ACC00147,CUST0045,2024-10-06,Purchase,Debit,12125.4,Travel,EFTPOS,Purchase - Restaurants,N,2024-10-08
TXN000487,ACC00347,CUST0163,2024-12-26,ATM Withdrawal,Debit,10468.53,Groceries,EFTPOS,ATM Withdrawal - Utilities,N,2024-12-28
TXN000488,ACC00004,CUST0128,2024-05-20,PayID,Credit,10539.17,Entertainment,Internet Banking,PayID - Groceries,N,2024-05-20
TXN000489,ACC00346,CUST0021,2024-12-08,Transfer,Credit,13557.08,Fuel,Branch,Transfer - Restaurants,N,2024-12-08
TXN000490,ACC00217,CUST0143,2024-10-11,Direct Debit,Debit,5687.04,Fuel,Branch,Direct Debit - Utilities,N,2024-10-11
TXN000491,ACC00149,CUST0006,2023-09-05,Direct Debit,Debit,7247.39,Utilities,Mobile App,Direct Debit - Travel,N,2023-09-06
TXN000492,ACC00330,CUST0068,2024-11-21,Purchase,Debit,12386.09,Retail,EFTPOS,Purchase - Retail,N,2024-11-21
TXN000493,ACC00316,CUST0073,2024-07-31,Direct Debit,Debit,4928.95,Fuel,Mobile App,Direct Debit - Entertainment,N,2024-07-31
TXN000494,ACC00206,CUST0093,2023-12-28,ATM Withdrawal,Debit,133.95,Retail,Internet Banking,ATM Withdrawal - Fuel,N,2023-12-28
TXN000495,ACC00211,CUST0125,2022-09-11,Purchase,Debit,13696.72,Restaurants,Branch,Purchase - Utilities,N,2022-09-12
TXN000496,ACC00154,CUST0164,2024-01-17,Transfer,Credit,6425.69,Healthcare,Mobile App,Transfer - Retail,N,2024-01-18
TXN000497,ACC00083,CUST0134,2022-10-14,ATM Withdrawal,Debit,5306.71,Groceries,Branch,ATM Withdrawal - Utilities,N,2022-10-15
TXN000498,ACC00021,CUST0172,2022-10-01,PayID,Credit,5918.8,Entertainment,Mobile App,PayID - Restaurants,N,2022-10-02
TXN000499,ACC00341,CUST0197,2023-06-29,ATM Withdrawal,Debit,1782.77,Retail,Internet Banking,ATM Withdrawal - Entertainment,N,2023-06-30
TXN000500,ACC00257,CUST0168,2024-03-07,Purchase,Debit,1972.13,Groceries,Internet Banking,Purchase - Restaurants,N,2024-03-07
TXN000501,ACC00122,CUST0110,2022-04-17,Direct Debit,Debit,10174.98,Travel,EFTPOS,Direct Debit - Groceries,N,2022-04-18
TXN000502,ACC00145,CUST0008,2024-09-22,ATM Withdrawal,Debit,1240.14,Utilities,EFTPOS,ATM Withdrawal - Restaurants,N,2024-09-22
TXN000503,ACC00128,CUST0119,2023-07-30,Refund,Credit,11501.15,Healthcare,Internet Banking,Refund - Travel,N,2023-08-01
TXN000504,ACC00053,CUST0066,2024-10-25,Transfer,Credit,9166.9,Restaurants,Internet Banking,Transfer - Fuel,N,2024-10-25
TXN000505,ACC00141,CUST0008,2023-01-29,ATM Withdrawal,Debit,13936.55,Groceries,EFTPOS,ATM Withdrawal - Utilities,N,2023-01-29
TXN000506,ACC00195,CUST0174,2024-04-14,PayID,Credit,7875.04,Utilities,Internet Banking,PayID - Entertainment,N,2024-04-14
TXN000507,ACC00262,CUST0068,2024-05-24,Direct Debit,Debit,9658.45,Fuel,Branch,Direct Debit - Entertainment,N,2024-05-25
TXN000508,ACC00215,CUST0130,2023-05-21,Purchase,Debit,4798.29,Restaurants,Mobile App,Purchase - Groceries,N,2023-05-23
TXN000509,ACC00165,CUST0142,2023-03-11,Direct Debit,Debit,4280.47,Fuel,ATM,Direct Debit - Restaurants,N,2023-03-12
TXN000510,ACC00187,CUST0172,2023-11-16,Purchase,Debit,4566.05,Groceries,EFTPOS,Purchase - Restaurants,N,2023-11-18
TXN000511,ACC00186,CUST0189,2024-12-19,Transfer,Credit,9071.1,Healthcare,Internet Banking,Transfer - Travel,N,2024-12-19
TXN000512,ACC00067,CUST0163,2022-09-04,PayID,Credit,616.54,Utilities,Internet Banking,PayID - Retail,N,2022-09-04
TXN000513,ACC00280,CUST0057,2023-12-04,ATM Withdrawal,Debit,4522.84,Utilities,EFTPOS,ATM Withdrawal - Restaurants,N,2023-12-04
TXN000514,ACC00215,CUST0130,2023-06-02,Refund,Credit,13373.91,Entertainment,Branch,Refund - Retail,N,2023-06-02
TXN000515,ACC00224,CUST0178,2022-05-19,BPAY,Debit,7242.83,Groceries,Internet Banking,BPAY - Healthcare,N,2022-05-19
TXN000516,ACC00149,CUST0006,2022-04-04,Purchase,Debit,14337.09,Utilities,ATM,Purchase - Retail,N,2022-04-06
TXN000517,ACC00039,CUST0077,2022-12-05,BPAY,Debit,6566.74,Travel,EFTPOS,BPAY - Travel,N,2022-12-06
TXN000518,ACC00106,CUST0014,2023-01-12,BPAY,Debit,55.0,Utilities,EFTPOS,BPAY - Groceries,N,2023-01-14
TXN000519,ACC00234,CUST0199,2024-10-28,BPAY,Debit,10616.6,Healthcare,Branch,BPAY - Utilities,N,2024-10-29
TXN000520,ACC00283,CUST0168,2022-09-01,Purchase,Debit,2567.47,Utilities,Branch,Purchase - Groceries,N,2022-09-02
TXN000521,ACC00069,CUST0153,2023-07-08,Purchase,Debit,13100.87,Utilities,Internet Banking,Purchase - Fuel,Y,2023-07-09
TXN000522,ACC00324,CUST0163,2024-01-26,PayID,Credit,4869.1,Healthcare,Internet Banking,PayID - Travel,N,2024-01-27
TXN000523,ACC00167,CUST0038,2022-04-28,Purchase,Debit,9389.7,Entertainment,Internet Banking,Purchase - Healthcare,N,2022-04-28
TXN000524,ACC00276,CUST0157,2022-08-06,PayID,Credit,10839.31,Travel,Branch,PayID - Utilities,N,2022-08-06
TXN000525,ACC00167,CUST0038,2023-07-05,PayID,Credit,3059.58,Travel,Internet Banking,PayID - Retail,N,2023-07-07
TXN000526,ACC00223,CUST0035,2024-01-25,ATM Withdrawal,Debit,2225.86,Fuel,ATM,ATM Withdrawal - Restaurants,N,2024-01-25
TXN000527,ACC00097,CUST0182,2024-10-01,Transfer,Credit,14150.38,Healthcare,Mobile App,Transfer - Healthcare,N,2024-10-01
TXN000528,ACC00202,CUST0131,2023-01-20,Purchase,Debit,1042.74,Travel,Internet Banking,Purchase - Retail,N,2023-01-21
TXN000529,ACC00052,CUST0076,2024-12-14,Refund,Credit,2060.23,Groceries,EFTPOS,Refund - Fuel,N,2024-12-14
TXN000530,ACC00057,CUST0138,2022-01-28,PayID,Credit,11451.92,Groceries,Internet Banking,PayID - Utilities,N,2022-01-29
TXN000531,ACC00074,CUST0123,2022-01-28,Purchase,Debit,11886.21,Fuel,EFTPOS,Purchase - Entertainment,N,2022-01-28
TXN000532,ACC00104,CUST0012,2022-10-13,BPAY,Debit,7206.9,Retail,Internet Banking,BPAY - Healthcare,N,2022-10-13
TXN000533,ACC00125,CUST0058,2022-04-25,Direct Debit,Debit,8153.35,Fuel,Mobile App,Direct Debit - Groceries,N,2022-04-26
TXN000534,ACC00053,CUST0066,2024-11-13,ATM Withdrawal,Debit,13296.97,Restaurants,Mobile App,ATM Withdrawal - Utilities,Y,2024-11-14
TXN000535,ACC00198,CUST0188,2022-10-29,Direct Debit,Debit,5300.3,Utilities,ATM,Direct Debit - Fuel,N,2022-10-29
TXN000536,ACC00115,CUST0100,2022-07-28,Direct Debit,Debit,14347.04,Entertainment,Mobile App,Direct Debit - Entertainment,N,2022-07-28
TXN000537,ACC00023,CUST0197,2022-11-06,BPAY,Debit,2671.84,Entertainment,EFTPOS,BPAY - Restaurants,N,2022-11-06
TXN000538,ACC00342,CUST0133,2023-09-10,Direct Debit,Debit,9371.75,Entertainment,Mobile App,Direct Debit - Healthcare,N,2023-09-12
TXN000539,ACC00189,CUST0096,2023-06-28,PayID,Credit,12160.98,Fuel,Mobile App,PayID - Restaurants,N,2023-06-28
TXN000540,ACC00164,CUST0069,2022-10-30,PayID,Credit,5859.6,Retail,Mobile App,PayID - Fuel,N,2022-11-01
TXN000541,ACC00143,CUST0108,2022-10-24,Transfer,Credit,1357.61,Restaurants,ATM,Transfer - Entertainment,N,2022-10-25
TXN000542,ACC00247,CUST0073,2024-04-27,PayID,Credit,9026.54,Entertainment,Internet Banking,PayID - Utilities,N,2024-04-29
TXN000543,ACC00255,CUST0045,2024-12-29,BPAY,Debit,7389.53,Utilities,ATM,BPAY - Fuel,N,2024-12-30
TXN000544,ACC00270,CUST0034,2023-03-26,Transfer,Credit,10546.7,Entertainment,Mobile App,Transfer - Utilities,N,2023-03-26
TXN000545,ACC00186,CUST0189,2024-08-28,Purchase,Debit,14364.28,Groceries,Branch,Purchase - Entertainment,N,2024-08-28
TXN000546,ACC00151,CUST0102,2024-07-31,Refund,Credit,2162.96,Travel,Internet Banking,Refund - Utilities,N,2024-07-31
TXN000547,ACC00071,CUST0112,2022-08-29,PayID,Credit,14430.82,Restaurants,ATM,PayID - Groceries,N,2022-08-30
TXN000548,ACC00191,CUST0052,2022-04-21,PayID,Credit,10521.33,Fuel,ATM,PayID - Restaurants,Y,2022-04-22
TXN000549,ACC00073,CUST0086,2022-06-11,Purchase,Debit,3676.44,Travel,Internet Banking,Purchase - Restaurants,N,2022-06-11
TXN000550,ACC00271,CUST0154,2023-09-06,PayID,Credit,7053.3,Entertainment,ATM,PayID - Groceries,N,2023-09-06
TXN000551,ACC00031,CUST0107,2022-03-07,Transfer,Credit,9063.0,Restaurants,Mobile App,Transfer - Travel,N,2022-03-09
TXN000552,ACC00233,CUST0052,2023-06-13,BPAY,Debit,13787.33,Healthcare,Internet Banking,BPAY - Travel,N,2023-06-14
TXN000553,ACC00048,CUST0049,2024-12-04,Transfer,Credit,5664.03,Utilities,ATM,Transfer - Groceries,N,2024-12-04
TXN000554,ACC00287,CUST0097,2022-06-08,ATM Withdrawal,Debit,12248.57,Retail,Branch,ATM Withdrawal - Travel,N,2022-06-08
TXN000555,ACC00028,CUST0048,2024-01-31,Transfer,Credit,9700.06,Healthcare,Mobile App,Transfer - Fuel,N,2024-02-02
TXN000556,ACC00172,CUST0037,2022-02-27,Transfer,Credit,3593.71,Fuel,Mobile App,Transfer - Utilities,N,2022-02-28
TXN000557,ACC00097,CUST0182,2023-02-18,Purchase,Debit,9576.2,Utilities,Branch,Purchase - Fuel,N,2023-02-20
TXN000558,ACC00023,CUST0197,2024-09-17,Direct Debit,Debit,686.16,Fuel,Branch,Direct Debit - Groceries,N,2024-09-18
TXN000559,ACC00204,CUST0172,2024-10-21,Refund,Credit,2924.06,Travel,Branch,Refund - Restaurants,N,2024-10-21
TXN000560,ACC00170,CUST0029,2024-04-14,BPAY,Debit,13447.77,Fuel,EFTPOS,BPAY - Restaurants,Y,2024-04-15
TXN000561,ACC00245,CUST0162,2022-03-18,Transfer,Credit,4352.5,Retail,Mobile App,Transfer - Fuel,N,2022-03-18
TXN000562,ACC00111,CUST0026,2022-10-16,Transfer,Credit,11532.62,Entertainment,ATM,Transfer - Restaurants,N,2022-10-17
TXN000563,ACC00320,CUST0015,2024-06-01,PayID,Credit,601.15,Travel,Internet Banking,PayID - Utilities,N,2024-06-03
TXN000564,ACC00039,CUST0077,2022-11-09,ATM Withdrawal,Debit,8503.95,Fuel,Mobile App,ATM Withdrawal - Restaurants,N,2022-11-10
TXN000565,ACC00281,CUST0153,2022-06-28,ATM Withdrawal,Debit,7484.18,Entertainment,Internet Banking,ATM Withdrawal - Healthcare,N,2022-06-29
TXN000566,ACC00296,CUST0098,2024-01-15,Purchase,Debit,5301.17,Restaurants,ATM,Purchase - Healthcare,N,2024-01-16
TXN000567,ACC00227,CUST0173,2022-10-15,BPAY,Debit,14097.5,Retail,Mobile App,BPAY - Entertainment,N,2022-10-16
TXN000568,ACC00210,CUST0047,2022-09-22,BPAY,Debit,6612.97,Entertainment,Branch,BPAY - Fuel,N,2022-09-24
TXN000569,ACC00231,CUST0116,2023-06-23,PayID,Credit,13161.25,Groceries,EFTPOS,PayID - Groceries,N,2023-06-23
TXN000570,ACC00288,CUST0067,2022-01-17,Purchase,Debit,2319.28,Healthcare,ATM,Purchase - Restaurants,N,2022-01-17
TXN000571,ACC00115,CUST0100,2024-03-06,PayID,Credit,13112.51,Fuel,Branch,PayID - Retail,N,2024-03-08
TXN000572,ACC00239,CUST0144,2022-08-12,PayID,Credit,1288.25,Fuel,ATM,PayID - Travel,N,2022-08-13
TXN000573,ACC00034,CUST0015,2023-10-12,BPAY,Debit,5137.01,Retail,Internet Banking,BPAY - Retail,N,2023-10-13
TXN000574,ACC00020,CUST0052,2022-11-15,Transfer,Credit,14228.06,Utilities,Branch,Transfer - Groceries,N,2022-11-16
TXN000575,ACC00032,CUST0135,2024-01-11,ATM Withdrawal,Debit,11843.6,Utilities,Mobile App,ATM Withdrawal - Utilities,N,2024-01-13
TXN000576,ACC00217,CUST0143,2023-07-07,Transfer,Credit,3781.82,Fuel,Internet Banking,Transfer - Fuel,N,2023-07-07
TXN000577,ACC00153,CUST0187,2024-07-13,BPAY,Debit,13069.47,Utilities,Branch,BPAY - Restaurants,N,2024-07-13
TXN000578,ACC00220,CUST0141,2023-12-02,Direct Debit,Debit,14450.52,Restaurants,Internet Banking,Direct Debit - Entertainment,N,2023-12-03
TXN000579,ACC00244,CUST0019,2022-11-26,ATM Withdrawal,Debit,14483.88,Entertainment,EFTPOS,ATM Withdrawal - Travel,N,2022-11-28
TXN000580,ACC00306,CUST0200,2023-02-11,PayID,Credit,1168.05,Restaurants,Branch,PayID - Entertainment,Y,2023-02-12
TXN000581,ACC00076,CUST0187,2024-10-19,Purchase,Debit,12964.66,Travel,Branch,Purchase - Groceries,N,2024-10-19
TXN000582,ACC00325,CUST0149,2024-07-09,BPAY,Debit,9584.11,Fuel,Mobile App,BPAY - Utilities,N,2024-07-09
TXN000583,ACC00216,CUST0023,2022-12-07,Transfer,Credit,9014.55,Entertainment,Internet Banking,Transfer - Utilities,N,2022-12-09
TXN000584,ACC00008,CUST0096,2024-01-29,Purchase,Debit,12206.88,Healthcare,Branch,Purchase - Fuel,N,2024-01-31
TXN000585,ACC00234,CUST0199,2024-04-27,Direct Debit,Debit,6156.39,Travel,EFTPOS,Direct Debit - Entertainment,N,2024-04-27
TXN000586,ACC00235,CUST0011,2024-05-27,BPAY,Debit,5597.45,Restaurants,EFTPOS,BPAY - Travel,N,2024-05-29
TXN000587,ACC00349,CUST0101,2024-06-14,PayID,Credit,9511.97,Fuel,Mobile App,PayID - Fuel,N,2024-06-14
TXN000588,ACC00316,CUST0073,2024-04-22,PayID,Credit,1556.03,Fuel,ATM,PayID - Groceries,N,2024-04-23
TXN000589,ACC00109,CUST0036,2023-04-02,BPAY,Debit,11653.43,Travel,Mobile App,BPAY - Utilities,N,2023-04-02
TXN000590,ACC00180,CUST0069,2024-08-08,Refund,Credit,6194.61,Travel,Mobile App,Refund - Entertainment,N,2024-08-10
TXN000591,ACC00146,CUST0062,2023-07-03,Direct Debit,Debit,13194.23,Healthcare,ATM,Direct Debit - Utilities,Y,2023-07-04
TXN000592,ACC00017,CUST0050,2022-02-01,Refund,Credit,394.68,Entertainment,EFTPOS,Refund - Entertainment,N,2022-02-03
TXN000593,ACC00221,CUST0028,2023-05-11,ATM Withdrawal,Debit,8336.54,Utilities,EFTPOS,ATM Withdrawal - Travel,N,2023-05-13
TXN000594,ACC00220,CUST0141,2022-09-21,ATM Withdrawal,Debit,14090.94,Restaurants,ATM,ATM Withdrawal - Entertainment,N,2022-09-22
TXN000595,ACC00119,CUST0187,2022-07-23,Transfer,Credit,10650.66,Fuel,EFTPOS,Transfer - Travel,N,2022-07-25
TXN000596,ACC00134,CUST0052,2022-11-22,Transfer,Credit,14230.56,Fuel,Mobile App,Transfer - Groceries,N,2022-11-24
TXN000597,ACC00304,CUST0162,2022-11-10,PayID,Credit,418.25,Fuel,EFTPOS,PayID - Travel,Y,2022-11-12
TXN000598,ACC00067,CUST0163,2024-07-18,Refund,Credit,9517.31,Entertainment,Internet Banking,Refund - Utilities,N,2024-07-18
TXN000599,ACC00153,CUST0187,2023-02-01,Transfer,Credit,8031.72,Travel,Branch,Transfer - Groceries,N,2023-02-01
TXN000600,ACC00322,CUST0122,2022-02-17,BPAY,Debit,9576.16,Fuel,Mobile App,BPAY - Retail,N,2022-02-17
TXN000601,ACC00055,CUST0196,2022-10-18,Transfer,Credit,4237.66,Fuel,Mobile App,Transfer - Retail,N,2022-10-18
TXN000602,ACC00201,CUST0078,2022-07-26,Purchase,Debit,7366.06,Travel,Mobile App,Purchase - Retail,N,2022-07-26
TXN000603,ACC00108,CUST0109,2024-05-09,Direct Debit,Debit,5629.44,Retail,Internet Banking,Direct Debit - Restaurants,N,2024-05-09
TXN000604,ACC00338,CUST0192,2022-03-06,Direct Debit,Debit,1758.99,Entertainment,ATM,Direct Debit - Groceries,N,2022-03-08
TXN000605,ACC00131,CUST0183,2022-09-07,Purchase,Debit,2893.49,Groceries,EFTPOS,Purchase - Restaurants,N,2022-09-08
TXN000606,ACC00059,CUST0179,2023-03-21,Transfer,Credit,443.43,Utilities,Mobile App,Transfer - Restaurants,N,2023-03-22
TXN000607,ACC00103,CUST0127,2022-07-08,BPAY,Debit,5228.95,Healthcare,ATM,BPAY - Retail,N,2022-07-09
TXN000608,ACC00099,CUST0035,2023-05-28,PayID,Credit,2595.22,Healthcare,ATM,PayID - Fuel,N,2023-05-30
TXN000609,ACC00160,CUST0105,2022-12-06,PayID,Credit,11911.7,Retail,ATM,PayID - Retail,N,2022-12-08
TXN000610,ACC00140,CUST0085,2023-10-15,BPAY,Debit,9344.04,Travel,ATM,BPAY - Utilities,N,2023-10-16
TXN000611,ACC00324,CUST0163,2022-05-12,Purchase,Debit,6741.6,Healthcare,EFTPOS,Purchase - Travel,N,2022-05-14
TXN000612,ACC00272,CUST0199,2023-12-23,Purchase,Debit,5975.2,Restaurants,Branch,Purchase - Travel,N,2023-12-24
TXN000613,ACC00126,CUST0046,2022-05-29,Direct Debit,Debit,3228.55,Entertainment,Internet Banking,Direct Debit - Entertainment,N,2022-05-30
TXN000614,ACC00006,CUST0068,2023-11-05,BPAY,Debit,3207.37,Entertainment,Internet Banking,BPAY - Fuel,N,2023-11-07
TXN000615,ACC00109,CUST0036,2024-12-15,BPAY,Debit,3262.73,Healthcare,EFTPOS,BPAY - Fuel,N,2024-12-17
TXN000616,ACC00216,CUST0023,2024-06-10,Direct Debit,Debit,4767.43,Utilities,Internet Banking,Direct Debit - Groceries,N,2024-06-11
TXN000617,ACC00024,CUST0046,2023-07-17,Purchase,Debit,6319.14,Retail,Internet Banking,Purchase - Entertainment,N,2023-07-17
TXN000618,ACC00296,CUST0098,2022-02-13,PayID,Credit,4276.27,Groceries,ATM,PayID - Healthcare,N,2022-02-14
TXN000619,ACC00019,CUST0198,2024-12-28,Purchase,Debit,13770.6,Entertainment,Mobile App,Purchase - Fuel,N,2024-12-29
TXN000620,ACC00155,CUST0182,2023-07-17,Direct Debit,Debit,4758.53,Travel,Mobile App,Direct Debit - Entertainment,N,2023-07-17
TXN000621,ACC00202,CUST0131,2023-09-04,ATM Withdrawal,Debit,10447.16,Retail,Mobile App,ATM Withdrawal - Entertainment,N,2023-09-04
TXN000622,ACC00015,CUST0189,2023-04-04,Purchase,Debit,718.47,Restaurants,Mobile App,Purchase - Entertainment,N,2023-04-06
TXN000623,ACC00224,CUST0178,2023-04-09,Transfer,Credit,2553.7,Entertainment,EFTPOS,Transfer - Groceries,N,2023-04-09
TXN000624,ACC00133,CUST0075,2022-03-30,Direct Debit,Debit,1662.94,Fuel,Branch,Direct Debit - Entertainment,N,2022-03-31
TXN000625,ACC00139,CUST0022,2022-12-15,BPAY,Debit,13872.95,Retail,Mobile App,BPAY - Restaurants,N,2022-12-15
TXN000626,ACC00300,CUST0162,2024-04-26,PayID,Credit,9553.92,Fuel,EFTPOS,PayID - Utilities,N,2024-04-28
TXN000627,ACC00251,CUST0166,2023-07-29,PayID,Credit,4829.35,Retail,Internet Banking,PayID - Fuel,N,2023-07-30
TXN000628,ACC00043,CUST0148,2023-12-24,Refund,Credit,8378.17,Utilities,Internet Banking,Refund - Fuel,N,2023-12-25
TXN000629,ACC00031,CUST0107,2023-03-12,Transfer,Credit,197.91,Retail,ATM,Transfer - Utilities,N,2023-03-13
TXN000630,ACC00107,CUST0055,2024-12-16,Direct Debit,Debit,7709.4,Healthcare,ATM,Direct Debit - Restaurants,N,2024-12-16
TXN000631,ACC00067,CUST0163,2023-03-25,ATM Withdrawal,Debit,13750.54,Retail,EFTPOS,ATM Withdrawal - Utilities,N,2023-03-25
TXN000632,ACC00036,CUST0139,2023-07-24,PayID,Credit,6346.99,Healthcare,EFTPOS,PayID - Fuel,N,2023-07-24
TXN000633,ACC00057,CUST0138,2023-05-08,ATM Withdrawal,Debit,249.8,Restaurants,Branch,ATM Withdrawal - Groceries,N,2023-05-10
TXN000634,ACC00232,CUST0178,2023-12-22,BPAY,Debit,3984.42,Fuel,Branch,BPAY - Travel,N,2023-12-23
TXN000635,ACC00258,CUST0102,2024-06-01,Purchase,Debit,7619.39,Retail,Branch,Purchase - Entertainment,N,2024-06-03
TXN000636,ACC00196,CUST0043,2024-05-15,Transfer,Credit,2909.78,Travel,Internet Banking,Transfer - Healthcare,N,2024-05-16
TXN000637,ACC00266,CUST0006,2024-06-06,Purchase,Debit,1638.66,Utilities,Mobile App,Purchase - Utilities,N,2024-06-06
TXN000638,ACC00295,CUST0176,2023-06-30,BPAY,Debit,3582.27,Fuel,Branch,BPAY - Utilities,N,2023-07-02
TXN000639,ACC00208,CUST0103,2024-03-13,Transfer,Credit,5893.89,Healthcare,ATM,Transfer - Utilities,N,2024-03-13
TXN000640,ACC00178,CUST0153,2023-08-13,Direct Debit,Debit,10588.09,Groceries,Mobile App,Direct Debit - Restaurants,N,2023-08-15
TXN000641,ACC00319,CUST0056,2024-09-03,Refund,Credit,11086.62,Utilities,Internet Banking,Refund - Entertainment,N,2024-09-03
TXN000642,ACC00096,CUST0068,2023-11-12,Transfer,Credit,13498.14,Groceries,ATM,Transfer - Travel,N,2023-11-12
TXN000643,ACC00136,CUST0181,2022-06-07,Refund,Credit,2561.71,Groceries,EFTPOS,Refund - Entertainment,N,2022-06-09
TXN000644,ACC00001,CUST0156,2024-09-27,ATM Withdrawal,Debit,13098.4,Fuel,Mobile App,ATM Withdrawal - Groceries,N,2024-09-28
TXN000645,ACC00117,CUST0180,2024-12-11,Refund,Credit,7547.69,Restaurants,Mobile App,Refund - Fuel,N,2024-12-13
TXN000646,ACC00172,CUST0037,2024-07-15,Direct Debit,Debit,7360.44,Healthcare,ATM,Direct Debit - Healthcare,N,2024-07-15
TXN000647,ACC00181,CUST0065,2023-09-09,BPAY,Debit,10652.65,Retail,Mobile App,BPAY - Healthcare,N,2023-09-11
TXN000648,ACC00328,CUST0011,2022-02-12,ATM Withdrawal,Debit,2219.36,Utilities,Internet Banking,ATM Withdrawal - Entertainment,N,2022-02-12
TXN000649,ACC00296,CUST0098,2024-06-01,PayID,Credit,5391.94,Fuel,Internet Banking,PayID - Travel,N,2024-06-02
TXN000650,ACC00321,CUST0032,2024-07-09,BPAY,Debit,14809.99,Restaurants,Branch,BPAY - Entertainment,N,2024-07-10
TXN000651,ACC00302,CUST0093,2024-05-04,Direct Debit,Debit,14179.05,Healthcare,Internet Banking,Direct Debit - Groceries,N,2024-05-06
TXN000652,ACC00176,CUST0035,2022-09-09,ATM Withdrawal,Debit,6502.46,Entertainment,Branch,ATM Withdrawal - Fuel,N,2022-09-10
TXN000653,ACC00076,CUST0187,2024-08-13,BPAY,Debit,10214.17,Healthcare,EFTPOS,BPAY - Restaurants,N,2024-08-14
TXN000654,ACC00034,CUST0015,2023-08-27,Purchase,Debit,234.87,Utilities,Branch,Purchase - Fuel,N,2023-08-28
TXN000655,ACC00003,CUST0064,2024-05-31,Refund,Credit,5284.48,Groceries,Mobile App,Refund - Healthcare,N,2024-06-01
TXN000656,ACC00258,CUST0102,2022-11-14,PayID,Credit,14305.33,Healthcare,Internet Banking,PayID - Utilities,N,2022-11-14
TXN000657,ACC00149,CUST0006,2023-03-25,Direct Debit,Debit,483.02,Utilities,ATM,Direct Debit - Travel,N,2023-03-25
TXN000658,ACC00134,CUST0052,2023-09-11,Transfer,Credit,8955.98,Travel,Branch,Transfer - Restaurants,N,2023-09-11
TXN000659,ACC00129,CUST0002,2022-10-05,Transfer,Credit,6245.27,Healthcare,Branch,Transfer - Fuel,N,2022-10-07
TXN000660,ACC00237,CUST0019,2023-01-11,Refund,Credit,5640.11,Travel,Mobile App,Refund - Restaurants,N,2023-01-13
TXN000661,ACC00161,CUST0093,2024-10-28,PayID,Credit,14023.26,Entertainment,ATM,PayID - Entertainment,N,2024-10-29
TXN000662,ACC00211,CUST0125,2024-08-02,BPAY,Debit,416.07,Groceries,ATM,BPAY - Fuel,N,2024-08-04
TXN000663,ACC00155,CUST0182,2023-05-12,Direct Debit,Debit,8705.26,Restaurants,EFTPOS,Direct Debit - Healthcare,N,2023-05-13
TXN000664,ACC00065,CUST0199,2024-04-05,ATM Withdrawal,Debit,10051.52,Retail,Mobile App,ATM Withdrawal - Fuel,N,2024-04-07
TXN000665,ACC00055,CUST0196,2023-11-14,Refund,Credit,8915.5,Healthcare,EFTPOS,Refund - Retail,N,2023-11-14
TXN000666,ACC00063,CUST0020,2024-11-12,Purchase,Debit,11090.71,Utilities,EFTPOS,Purchase - Restaurants,N,2024-11-13
TXN000667,ACC00070,CUST0147,2023-04-03,PayID,Credit,13425.89,Restaurants,Branch,PayID - Healthcare,N,2023-04-03
TXN000668,ACC00249,CUST0002,2023-02-16,Purchase,Debit,1721.52,Restaurants,EFTPOS,Purchase - Fuel,N,2023-02-16
TXN000669,ACC00105,CUST0177,2022-08-01,Refund,Credit,7106.66,Retail,ATM,Refund - Groceries,N,2022-08-02
TXN000670,ACC00208,CUST0103,2024-09-17,Refund,Credit,14740.46,Utilities,EFTPOS,Refund - Healthcare,N,2024-09-19
TXN000671,ACC00225,CUST0108,2022-09-10,PayID,Credit,6485.87,Groceries,Internet Banking,PayID - Restaurants,N,2022-09-12
TXN000672,ACC00124,CUST0012,2022-12-16,PayID,Credit,7673.21,Utilities,ATM,PayID - Retail,N,2022-12-18
TXN000673,ACC00052,CUST0076,2024-10-06,Direct Debit,Debit,5510.72,Travel,ATM,Direct Debit - Fuel,N,2024-10-07
TXN000674,ACC00076,CUST0187,2022-02-27,Purchase,Debit,4252.05,Travel,Mobile App,Purchase - Healthcare,Y,2022-03-01
TXN000675,ACC00337,CUST0186,2024-06-29,Direct Debit,Debit,640.43,Restaurants,ATM,Direct Debit - Retail,N,2024-06-29
TXN000676,ACC00184,CUST0168,2024-10-22,BPAY,Debit,12837.74,Utilities,Branch,BPAY - Travel,N,2024-10-22
TXN000677,ACC00336,CUST0158,2022-11-07,PayID,Credit,5278.65,Entertainment,ATM,PayID - Restaurants,N,2022-11-09
TXN000678,ACC00156,CUST0013,2024-03-17,Refund,Credit,1024.08,Retail,ATM,Refund - Retail,N,2024-03-17
TXN000679,ACC00295,CUST0176,2024-11-04,BPAY,Debit,11631.19,Healthcare,Internet Banking,BPAY - Entertainment,N,2024-11-06
TXN000680,ACC00179,CUST0073,2024-04-06,Purchase,Debit,1014.48,Restaurants,Internet Banking,Purchase - Fuel,N,2024-04-07
TXN000681,ACC00348,CUST0040,2024-09-02,Transfer,Credit,4855.57,Utilities,Mobile App,Transfer - Restaurants,N,2024-09-03
TXN000682,ACC00216,CUST0023,2022-05-12,Direct Debit,Debit,929.84,Fuel,Mobile App,Direct Debit - Fuel,N,2022-05-13
TXN000683,ACC00311,CUST0179,2022-03-02,Direct Debit,Debit,13853.34,Fuel,ATM,Direct Debit - Travel,N,2022-03-04
TXN000684,ACC00294,CUST0057,2023-02-14,ATM Withdrawal,Debit,2936.57,Retail,Branch,ATM Withdrawal - Utilities,N,2023-02-14
TXN000685,ACC00223,CUST0035,2024-12-18,Transfer,Credit,12130.27,Fuel,EFTPOS,Transfer - Groceries,N,2024-12-20
TXN000686,ACC00050,CUST0067,2023-02-21,Transfer,Credit,499.55,Groceries,Branch,Transfer - Travel,N,2023-02-21
TXN000687,ACC00175,CUST0190,2023-01-15,PayID,Credit,10235.74,Retail,Internet Banking,PayID - Utilities,N,2023-01-16
TXN000688,ACC00257,CUST0168,2023-12-23,BPAY,Debit,5347.92,Restaurants,Mobile App,BPAY - Retail,N,2023-12-24
TXN000689,ACC00037,CUST0197,2022-06-10,BPAY,Debit,1908.76,Healthcare,Mobile App,BPAY - Fuel,N,2022-06-10
TXN000690,ACC00308,CUST0141,2023-11-09,Refund,Credit,339.11,Healthcare,Branch,Refund - Travel,N,2023-11-09
TXN000691,ACC00081,CUST0115,2023-08-13,BPAY,Debit,1122.58,Utilities,EFTPOS,BPAY - Healthcare,N,2023-08-13
TXN000692,ACC00280,CUST0057,2022-08-16,Direct Debit,Debit,8742.0,Groceries,Mobile App,Direct Debit - Entertainment,N,2022-08-16
TXN000693,ACC00172,CUST0037,2022-05-02,BPAY,Debit,2090.19,Entertainment,Mobile App,BPAY - Utilities,N,2022-05-04
TXN000694,ACC00313,CUST0134,2022-03-14,Purchase,Debit,5188.34,Travel,EFTPOS,Purchase - Fuel,N,2022-03-15
TXN000695,ACC00067,CUST0163,2023-07-09,Purchase,Debit,10850.22,Groceries,ATM,Purchase - Utilities,N,2023-07-10
TXN000696,ACC00245,CUST0162,2023-09-14,Transfer,Credit,11723.35,Groceries,Mobile App,Transfer - Groceries,N,2023-09-14
TXN000697,ACC00274,CUST0049,2024-02-16,PayID,Credit,10229.44,Groceries,EFTPOS,PayID - Retail,N,2024-02-17
TXN000698,ACC00065,CUST0199,2024-05-30,BPAY,Debit,10520.37,Restaurants,Mobile App,BPAY - Retail,N,2024-06-01
TXN000699,ACC00189,CUST0096,2023-12-22,ATM Withdrawal,Debit,2905.49,Groceries,Internet Banking,ATM Withdrawal - Utilities,N,2023-12-22
TXN000700,ACC00117,CUST0180,2024-04-25,Refund,Credit,11212.39,Groceries,Mobile App,Refund - Utilities,N,2024-04-25
TXN000701,ACC00030,CUST0177,2022-09-17,Direct Debit,Debit,6578.9,Groceries,Branch,Direct Debit - Entertainment,N,2022-09-17
TXN000702,ACC00150,CUST0016,2022-09-23,ATM Withdrawal,Debit,9092.25,Fuel,Mobile App,ATM Withdrawal - Fuel,N,2022-09-25
TXN000703,ACC00106,CUST0014,2024-10-10,Refund,Credit,10579.12,Entertainment,Internet Banking,Refund - Retail,N,2024-10-11
TXN000704,ACC00283,CUST0168,2023-08-23,Transfer,Credit,13034.7,Healthcare,Branch,Transfer - Fuel,N,2023-08-24
TXN000705,ACC00319,CUST0056,2024-09-22,Transfer,Credit,4197.48,Restaurants,EFTPOS,Transfer - Utilities,N,2024-09-24
TXN000706,ACC00108,CUST0109,2022-09-09,Refund,Credit,5586.48,Restaurants,Mobile App,Refund - Utilities,N,2022-09-11
TXN000707,ACC00233,CUST0052,2022-08-22,Refund,Credit,320.32,Groceries,Branch,Refund - Healthcare,N,2022-08-23
TXN000708,ACC00044,CUST0161,2022-05-03,BPAY,Debit,4187.11,Travel,ATM,BPAY - Groceries,N,2022-05-04
TXN000709,ACC00228,CUST0195,2022-04-01,ATM Withdrawal,Debit,3367.5,Restaurants,ATM,ATM Withdrawal - Groceries,N,2022-04-01
TXN000710,ACC00278,CUST0115,2023-12-14,BPAY,Debit,14058.42,Entertainment,Branch,BPAY - Utilities,N,2023-12-15
TXN000711,ACC00319,CUST0056,2024-06-07,Refund,Credit,12986.27,Groceries,Mobile App,Refund - Travel,N,2024-06-09
TXN000712,ACC00148,CUST0145,2024-12-31,BPAY,Debit,6953.07,Healthcare,Internet Banking,BPAY - Travel,N,2024-12-31
TXN000713,ACC00068,CUST0034,2022-02-01,PayID,Credit,4211.22,Healthcare,Mobile App,PayID - Utilities,N,2022-02-02
TXN000714,ACC00173,CUST0087,2024-03-19,Direct Debit,Debit,580.05,Entertainment,Branch,Direct Debit - Healthcare,N,2024-03-21
TXN000715,ACC00007,CUST0099,2022-09-12,PayID,Credit,4604.12,Entertainment,Branch,PayID - Restaurants,N,2022-09-12
TXN000716,ACC00226,CUST0180,2022-01-19,Direct Debit,Debit,6997.13,Retail,EFTPOS,Direct Debit - Utilities,N,2022-01-21
TXN000717,ACC00041,CUST0062,2023-07-21,BPAY,Debit,13455.77,Entertainment,Mobile App,BPAY - Retail,N,2023-07-22
TXN000718,ACC00133,CUST0075,2024-10-10,PayID,Credit,1909.21,Restaurants,Internet Banking,PayID - Groceries,N,2024-10-12
TXN000719,ACC00020,CUST0052,2023-01-13,Refund,Credit,10266.94,Retail,EFTPOS,Refund - Entertainment,N,2023-01-15
TXN000720,ACC00117,CUST0180,2022-05-05,Direct Debit,Debit,14275.61,Healthcare,Mobile App,Direct Debit - Entertainment,N,2022-05-05
TXN000721,ACC00308,CUST0141,2023-04-26,Purchase,Debit,5246.6,Retail,Mobile App,Purchase - Fuel,N,2023-04-27
TXN000722,ACC00293,CUST0096,2024-01-31,PayID,Credit,12437.24,Travel,Mobile App,PayID - Travel,N,2024-01-31
TXN000723,ACC00013,CUST0044,2023-10-31,Direct Debit,Debit,9104.89,Entertainment,ATM,Direct Debit - Entertainment,N,2023-11-01
TXN000724,ACC00319,CUST0056,2022-03-05,Purchase,Debit,2405.53,Healthcare,Internet Banking,Purchase - Groceries,N,2022-03-05
TXN000725,ACC00161,CUST0093,2024-11-12,PayID,Credit,10736.8,Entertainment,Internet Banking,PayID - Travel,N,2024-11-12
TXN000726,ACC00337,CUST0186,2022-11-04,PayID,Credit,5716.96,Fuel,Mobile App,PayID - Utilities,N,2022-11-06
TXN000727,ACC00323,CUST0065,2024-05-06,Purchase,Debit,8084.97,Groceries,EFTPOS,Purchase - Retail,N,2024-05-08
TXN000728,ACC00226,CUST0180,2023-10-12,Refund,Credit,4038.47,Healthcare,Internet Banking,Refund - Entertainment,N,2023-10-13
TXN000729,ACC00119,CUST0187,2024-07-22,Purchase,Debit,4722.93,Utilities,ATM,Purchase - Travel,N,2024-07-23
TXN000730,ACC00287,CUST0097,2024-11-01,Direct Debit,Debit,1147.58,Retail,EFTPOS,Direct Debit - Utilities,N,2024-11-02
TXN000731,ACC00118,CUST0040,2022-09-14,Transfer,Credit,13885.83,Travel,EFTPOS,Transfer - Restaurants,N,2022-09-15
TXN000732,ACC00175,CUST0190,2023-10-05,ATM Withdrawal,Debit,1770.34,Travel,EFTPOS,ATM Withdrawal - Restaurants,N,2023-10-07
TXN000733,ACC00102,CUST0188,2023-01-04,Purchase,Debit,13146.21,Restaurants,Mobile App,Purchase - Travel,N,2023-01-06
TXN000734,ACC00241,CUST0132,2022-07-26,Purchase,Debit,1896.84,Travel,Mobile App,Purchase - Restaurants,N,2022-07-26
TXN000735,ACC00264,CUST0059,2024-12-20,ATM Withdrawal,Debit,13779.43,Entertainment,Internet Banking,ATM Withdrawal - Travel,N,2024-12-20
TXN000736,ACC00151,CUST0102,2022-09-01,Refund,Credit,5052.79,Entertainment,EFTPOS,Refund - Fuel,N,2022-09-01
TXN000737,ACC00038,CUST0168,2023-12-28,ATM Withdrawal,Debit,14248.84,Retail,ATM,ATM Withdrawal - Healthcare,N,2023-12-30
TXN000738,ACC00069,CUST0153,2023-01-11,BPAY,Debit,10855.89,Fuel,Internet Banking,BPAY - Groceries,N,2023-01-12
TXN000739,ACC00346,CUST0021,2024-07-17,ATM Withdrawal,Debit,5691.24,Restaurants,EFTPOS,ATM Withdrawal - Healthcare,N,2024-07-17
TXN000740,ACC00119,CUST0187,2023-09-01,Purchase,Debit,7399.91,Travel,Branch,Purchase - Entertainment,N,2023-09-01
TXN000741,ACC00074,CUST0123,2022-03-27,PayID,Credit,12209.99,Utilities,ATM,PayID - Healthcare,N,2022-03-29
TXN000742,ACC00161,CUST0093,2022-07-23,Transfer,Credit,5210.84,Fuel,Branch,Transfer - Healthcare,N,2022-07-23
TXN000743,ACC00087,CUST0148,2023-08-14,Direct Debit,Debit,14088.13,Fuel,Internet Banking,Direct Debit - Healthcare,N,2023-08-14
TXN000744,ACC00283,CUST0168,2024-11-07,Purchase,Debit,11323.22,Groceries,EFTPOS,Purchase - Utilities,Y,2024-11-07
TXN000745,ACC00190,CUST0121,2023-02-21,BPAY,Debit,4228.28,Travel,ATM,BPAY - Restaurants,N,2023-02-22
TXN000746,ACC00057,CUST0138,2022-09-03,ATM Withdrawal,Debit,6666.63,Retail,Branch,ATM Withdrawal - Fuel,N,2022-09-04
TXN000747,ACC00343,CUST0142,2022-08-27,Refund,Credit,14526.63,Fuel,Internet Banking,Refund - Fuel,N,2022-08-29
TXN000748,ACC00172,CUST0037,2023-07-20,PayID,Credit,6802.51,Fuel,Branch,PayID - Groceries,N,2023-07-22
TXN000749,ACC00267,CUST0015,2023-10-13,BPAY,Debit,2856.79,Groceries,Mobile App,BPAY - Utilities,N,2023-10-14
TXN000750,ACC00113,CUST0053,2023-02-05,Transfer,Credit,3980.03,Retail,Internet Banking,Transfer - Retail,N,2023-02-05
TXN000751,ACC00326,CUST0195,2022-07-01,Refund,Credit,14262.54,Utilities,Mobile App,Refund - Travel,N,2022-07-03
TXN000752,ACC00313,CUST0134,2023-03-04,Purchase,Debit,10650.15,Travel,Branch,Purchase - Travel,N,2023-03-04
TXN000753,ACC00327,CUST0166,2023-12-16,PayID,Credit,7264.01,Restaurants,Branch,PayID - Utilities,N,2023-12-18
TXN000754,ACC00249,CUST0002,2024-09-30,ATM Withdrawal,Debit,11951.4,Entertainment,EFTPOS,ATM Withdrawal - Retail,N,2024-09-30
TXN000755,ACC00058,CUST0050,2023-08-12,ATM Withdrawal,Debit,6294.49,Entertainment,Internet Banking,ATM Withdrawal - Travel,N,2023-08-13
TXN000756,ACC00164,CUST0069,2022-08-21,ATM Withdrawal,Debit,5214.33,Restaurants,ATM,ATM Withdrawal - Retail,N,2022-08-23
TXN000757,ACC00121,CUST0185,2022-03-01,BPAY,Debit,4364.66,Utilities,ATM,BPAY - Groceries,N,2022-03-02
TXN000758,ACC00134,CUST0052,2023-10-13,Refund,Credit,6169.03,Retail,ATM,Refund - Travel,N,2023-10-13
TXN000759,ACC00138,CUST0036,2024-09-21,Direct Debit,Debit,10923.07,Groceries,Branch,Direct Debit - Retail,N,2024-09-23
TXN000760,ACC00086,CUST0008,2023-02-27,Purchase,Debit,11693.5,Entertainment,Internet Banking,Purchase - Groceries,N,2023-02-27
TXN000761,ACC00195,CUST0174,2022-07-04,Direct Debit,Debit,11706.72,Entertainment,EFTPOS,Direct Debit - Fuel,N,2022-07-06
TXN000762,ACC00108,CUST0109,2024-01-12,Transfer,Credit,8032.55,Travel,Internet Banking,Transfer - Healthcare,N,2024-01-13
TXN000763,ACC00170,CUST0029,2024-04-26,PayID,Credit,3235.01,Utilities,Mobile App,PayID - Groceries,N,2024-04-28
TXN000764,ACC00053,CUST0066,2024-10-24,ATM Withdrawal,Debit,5969.66,Groceries,Internet Banking,ATM Withdrawal - Healthcare,N,2024-10-24
TXN000765,ACC00324,CUST0163,2023-05-22,PayID,Credit,507.64,Fuel,ATM,PayID - Travel,N,2023-05-24
TXN000766,ACC00139,CUST0022,2022-06-23,BPAY,Debit,1148.83,Travel,Mobile App,BPAY - Groceries,N,2022-06-25
TXN000767,ACC00310,CUST0008,2022-11-07,BPAY,Debit,1434.25,Travel,Internet Banking,BPAY - Healthcare,N,2022-11-08
TXN000768,ACC00263,CUST0133,2022-02-17,ATM Withdrawal,Debit,4533.01,Utilities,Mobile App,ATM Withdrawal - Healthcare,N,2022-02-19
TXN000769,ACC00242,CUST0198,2024-02-11,Purchase,Debit,4369.29,Utilities,ATM,Purchase - Healthcare,N,2024-02-13
TXN000770,ACC00274,CUST0049,2024-11-03,Purchase,Debit,3669.97,Retail,ATM,Purchase - Entertainment,N,2024-11-05
TXN000771,ACC00056,CUST0016,2024-07-15,Purchase,Debit,3361.69,Travel,Internet Banking,Purchase - Retail,N,2024-07-17
TXN000772,ACC00056,CUST0016,2023-09-29,Refund,Credit,4987.2,Fuel,Mobile App,Refund - Restaurants,N,2023-09-30
TXN000773,ACC00304,CUST0162,2023-05-27,ATM Withdrawal,Debit,1259.25,Retail,EFTPOS,ATM Withdrawal - Utilities,N,2023-05-28
TXN000774,ACC00130,CUST0169,2024-04-23,Direct Debit,Debit,4672.51,Restaurants,Mobile App,Direct Debit - Entertainment,N,2024-04-25
TXN000775,ACC00209,CUST0029,2022-01-12,Transfer,Credit,4022.91,Retail,EFTPOS,Transfer - Retail,N,2022-01-14
TXN000776,ACC00121,CUST0185,2023-10-22,ATM Withdrawal,Debit,6921.12,Fuel,Mobile App,ATM Withdrawal - Travel,N,2023-10-23
TXN000777,ACC00066,CUST0150,2022-01-28,PayID,Credit,2432.23,Fuel,Internet Banking,PayID - Utilities,N,2022-01-28
TXN000778,ACC00020,CUST0052,2024-05-18,PayID,Credit,7428.27,Retail,Internet Banking,PayID - Travel,N,2024-05-19
TXN000779,ACC00061,CUST0145,2024-06-10,PayID,Credit,14936.17,Healthcare,EFTPOS,PayID - Entertainment,N,2024-06-11
TXN000780,ACC00289,CUST0180,2022-12-06,BPAY,Debit,2123.62,Utilities,EFTPOS,BPAY - Entertainment,N,2022-12-07
TXN000781,ACC00242,CUST0198,2024-08-05,Direct Debit,Debit,3160.05,Restaurants,Internet Banking,Direct Debit - Retail,Y,2024-08-06
TXN000782,ACC00092,CUST0035,2022-11-04,Purchase,Debit,7057.93,Healthcare,Internet Banking,Purchase - Utilities,N,2022-11-06
TXN000783,ACC00235,CUST0011,2023-11-09,BPAY,Debit,1421.62,Retail,EFTPOS,BPAY - Restaurants,N,2023-11-11
TXN000784,ACC00287,CUST0097,2023-04-08,Purchase,Debit,5175.02,Utilities,Branch,Purchase - Healthcare,N,2023-04-09
TXN000785,ACC00300,CUST0162,2023-09-19,Refund,Credit,5509.75,Travel,Branch,Refund - Utilities,N,2023-09-19
TXN000786,ACC00053,CUST0066,2023-03-20,Direct Debit,Debit,4200.5,Fuel,Internet Banking,Direct Debit - Travel,N,2023-03-22
TXN000787,ACC00310,CUST0008,2023-07-22,PayID,Credit,14499.92,Retail,Internet Banking,PayID - Restaurants,Y,2023-07-22
TXN000788,ACC00111,CUST0026,2022-07-07,BPAY,Debit,13943.28,Restaurants,Internet Banking,BPAY - Restaurants,N,2022-07-07
TXN000789,ACC00166,CUST0122,2022-06-09,Purchase,Debit,13439.4,Restaurants,EFTPOS,Purchase - Retail,N,2022-06-10
TXN000790,ACC00168,CUST0021,2023-09-12,Purchase,Debit,7506.13,Utilities,EFTPOS,Purchase - Travel,N,2023-09-13
TXN000791,ACC00243,CUST0053,2023-12-29,BPAY,Debit,4677.12,Entertainment,EFTPOS,BPAY - Fuel,N,2023-12-29
TXN000792,ACC00086,CUST0008,2023-07-23,Refund,Credit,10670.5,Travel,EFTPOS,Refund - Retail,N,2023-07-24
TXN000793,ACC00062,CUST0140,2024-06-10,Transfer,Credit,9781.73,Groceries,Branch,Transfer - Retail,N,2024-06-11
TXN000794,ACC00218,CUST0088,2023-03-14,Transfer,Credit,9255.0,Travel,Branch,Transfer - Restaurants,N,2023-03-14
TXN000795,ACC00101,CUST0104,2024-06-24,Transfer,Credit,5415.51,Groceries,EFTPOS,Transfer - Healthcare,N,2024-06-25
TXN000796,ACC00130,CUST0169,2024-10-26,BPAY,Debit,13823.54,Healthcare,Mobile App,BPAY - Healthcare,N,2024-10-27
TXN000797,ACC00023,CUST0197,2023-06-03,Purchase,Debit,4113.33,Groceries,ATM,Purchase - Retail,N,2023-06-04
TXN000798,ACC00332,CUST0157,2022-08-01,Purchase,Debit,573.87,Restaurants,Internet Banking,Purchase - Restaurants,N,2022-08-01
TXN000799,ACC00029,CUST0150,2024-06-27,Purchase,Debit,9562.53,Entertainment,Mobile App,Purchase - Healthcare,N,2024-06-27
TXN000800,ACC00336,CUST0158,2022-02-04,PayID,Credit,4990.64,Entertainment,Internet Banking,PayID - Entertainment,N,2022-02-06
TXN000801,ACC00207,CUST0085,2024-05-02,PayID,Credit,12565.91,Groceries,Mobile App,PayID - Utilities,N,2024-05-04
TXN000802,ACC00076,CUST0187,2023-07-01,ATM Withdrawal,Debit,1260.45,Groceries,Branch,ATM Withdrawal - Utilities,N,2023-07-02
TXN000803,ACC00089,CUST0173,2022-01-07,BPAY,Debit,4668.16,Entertainment,Mobile App,BPAY - Entertainment,N,2022-01-09
TXN000804,ACC00045,CUST0105,2024-08-06,Purchase,Debit,1323.34,Restaurants,Mobile App,Purchase - Restaurants,N,2024-08-08
TXN000805,ACC00011,CUST0182,2022-12-13,Transfer,Credit,11831.26,Entertainment,ATM,Transfer - Fuel,N,2022-12-13
TXN000806,ACC00158,CUST0088,2023-01-27,PayID,Credit,11211.38,Restaurants,Branch,PayID - Groceries,N,2023-01-28
TXN000807,ACC00092,CUST0035,2023-07-26,Direct Debit,Debit,2107.25,Travel,Internet Banking,Direct Debit - Utilities,N,2023-07-26
TXN000808,ACC00091,CUST0143,2023-08-28,ATM Withdrawal,Debit,3891.05,Healthcare,Mobile App,ATM Withdrawal - Retail,N,2023-08-29
TXN000809,ACC00179,CUST0073,2024-12-07,PayID,Credit,6745.65,Restaurants,Mobile App,PayID - Travel,N,2024-12-09
TXN000810,ACC00108,CUST0109,2024-06-07,Refund,Credit,5204.48,Healthcare,Internet Banking,Refund - Entertainment,N,2024-06-09
TXN000811,ACC00283,CUST0168,2023-07-05,Refund,Credit,1362.27,Utilities,Branch,Refund - Utilities,N,2023-07-05
TXN000812,ACC00060,CUST0142,2024-11-24,Transfer,Credit,9875.32,Retail,Internet Banking,Transfer - Retail,N,2024-11-25
TXN000813,ACC00289,CUST0180,2024-02-13,Purchase,Debit,9874.91,Entertainment,Mobile App,Purchase - Entertainment,N,2024-02-13
TXN000814,ACC00082,CUST0076,2024-05-13,Direct Debit,Debit,7132.96,Fuel,Internet Banking,Direct Debit - Entertainment,N,2024-05-14
TXN000815,ACC00280,CUST0057,2023-01-17,ATM Withdrawal,Debit,11280.93,Retail,EFTPOS,ATM Withdrawal - Travel,N,2023-01-18
TXN000816,ACC00125,CUST0058,2023-06-02,BPAY,Debit,10850.86,Entertainment,ATM,BPAY - Travel,N,2023-06-02
TXN000817,ACC00260,CUST0057,2022-08-09,Refund,Credit,6315.37,Healthcare,EFTPOS,Refund - Travel,N,2022-08-09
TXN000818,ACC00263,CUST0133,2022-12-07,BPAY,Debit,13835.38,Utilities,EFTPOS,BPAY - Restaurants,N,2022-12-08
TXN000819,ACC00028,CUST0048,2022-07-05,Refund,Credit,4639.79,Restaurants,Branch,Refund - Retail,N,2022-07-06
TXN000820,ACC00001,CUST0156,2022-10-30,Transfer,Credit,3006.9,Healthcare,Branch,Transfer - Fuel,N,2022-10-30
TXN000821,ACC00224,CUST0178,2022-07-04,Transfer,Credit,10862.29,Entertainment,Mobile App,Transfer - Retail,N,2022-07-04
TXN000822,ACC00242,CUST0198,2024-03-18,ATM Withdrawal,Debit,10482.0,Travel,ATM,ATM Withdrawal - Utilities,N,2024-03-18
TXN000823,ACC00199,CUST0198,2022-09-21,Transfer,Credit,4776.03,Travel,Branch,Transfer - Healthcare,N,2022-09-23
TXN000824,ACC00218,CUST0088,2024-03-17,Direct Debit,Debit,8012.19,Retail,EFTPOS,Direct Debit - Groceries,N,2024-03-19
TXN000825,ACC00092,CUST0035,2023-04-27,Direct Debit,Debit,5537.62,Groceries,EFTPOS,Direct Debit - Travel,N,2023-04-29
TXN000826,ACC00118,CUST0040,2022-10-10,Purchase,Debit,7499.75,Utilities,Branch,Purchase - Travel,N,2022-10-11
TXN000827,ACC00335,CUST0021,2023-01-04,Direct Debit,Debit,6386.24,Healthcare,ATM,Direct Debit - Retail,Y,2023-01-05
TXN000828,ACC00092,CUST0035,2022-12-01,BPAY,Debit,5973.84,Fuel,ATM,BPAY - Fuel,N,2022-12-03
TXN000829,ACC00052,CUST0076,2024-04-08,Purchase,Debit,12053.45,Restaurants,Branch,Purchase - Restaurants,N,2024-04-09
TXN000830,ACC00233,CUST0052,2022-01-24,PayID,Credit,7292.6,Travel,ATM,PayID - Groceries,N,2022-01-25
TXN000831,ACC00325,CUST0149,2022-08-26,Refund,Credit,9054.94,Retail,EFTPOS,Refund - Entertainment,N,2022-08-28
TXN000832,ACC00172,CUST0037,2024-12-31,Purchase,Debit,14576.58,Restaurants,ATM,Purchase - Travel,N,2024-12-31
TXN000833,ACC00077,CUST0173,2022-01-15,PayID,Credit,5057.4,Healthcare,Internet Banking,PayID - Retail,N,2022-01-16
TXN000834,ACC00145,CUST0008,2022-03-23,ATM Withdrawal,Debit,1824.15,Retail,Branch,ATM Withdrawal - Groceries,N,2022-03-25
TXN000835,ACC00190,CUST0121,2023-06-01,PayID,Credit,6386.11,Healthcare,Mobile App,PayID - Healthcare,N,2023-06-02
TXN000836,ACC00214,CUST0130,2022-02-05,Direct Debit,Debit,6702.11,Groceries,EFTPOS,Direct Debit - Fuel,N,2022-02-05
TXN000837,ACC00273,CUST0090,2024-03-22,Purchase,Debit,3730.15,Fuel,Internet Banking,Purchase - Restaurants,N,2024-03-23
TXN000838,ACC00141,CUST0008,2023-12-09,PayID,Credit,14577.82,Utilities,EFTPOS,PayID - Retail,N,2023-12-10
TXN000839,ACC00191,CUST0052,2022-03-20,PayID,Credit,2202.11,Fuel,ATM,PayID - Fuel,N,2022-03-22
TXN000840,ACC00155,CUST0182,2024-05-15,Transfer,Credit,6011.69,Healthcare,Mobile App,Transfer - Travel,N,2024-05-15
TXN000841,ACC00293,CUST0096,2023-06-19,BPAY,Debit,14923.78,Utilities,Mobile App,BPAY - Entertainment,N,2023-06-19
TXN000842,ACC00224,CUST0178,2023-07-17,Refund,Credit,11203.3,Restaurants,Branch,Refund - Groceries,N,2023-07-17
TXN000843,ACC00348,CUST0040,2023-08-07,ATM Withdrawal,Debit,4090.92,Utilities,Mobile App,ATM Withdrawal - Travel,N,2023-08-08
TXN000844,ACC00137,CUST0067,2024-08-05,PayID,Credit,8986.59,Entertainment,Mobile App,PayID - Utilities,N,2024-08-07
TXN000845,ACC00167,CUST0038,2023-03-29,Direct Debit,Debit,956.77,Retail,EFTPOS,Direct Debit - Travel,N,2023-03-30
TXN000846,ACC00278,CUST0115,2024-03-07,BPAY,Debit,7134.57,Groceries,Branch,BPAY - Entertainment,N,2024-03-08
TXN000847,ACC00078,CUST0115,2024-08-04,ATM Withdrawal,Debit,12815.49,Utilities,EFTPOS,ATM Withdrawal - Restaurants,N,2024-08-05
TXN000848,ACC00207,CUST0085,2022-03-08,BPAY,Debit,9910.82,Fuel,ATM,BPAY - Entertainment,N,2022-03-10
TXN000849,ACC00272,CUST0199,2024-01-27,Refund,Credit,4561.19,Entertainment,ATM,Refund - Retail,Y,2024-01-29
TXN000850,ACC00300,CUST0162,2022-12-08,BPAY,Debit,9364.35,Travel,ATM,BPAY - Groceries,N,2022-12-09
TXN000851,ACC00285,CUST0089,2024-10-02,ATM Withdrawal,Debit,14845.21,Restaurants,ATM,ATM Withdrawal - Fuel,N,2024-10-02
TXN000852,ACC00109,CUST0036,2022-08-15,Transfer,Credit,8561.6,Restaurants,ATM,Transfer - Travel,N,2022-08-15
TXN000853,ACC00215,CUST0130,2023-07-26,Direct Debit,Debit,4791.73,Fuel,Branch,Direct Debit - Travel,N,2023-07-27
TXN000854,ACC00254,CUST0071,2024-08-08,ATM Withdrawal,Debit,4294.97,Restaurants,Internet Banking,ATM Withdrawal - Travel,N,2024-08-10
TXN000855,ACC00172,CUST0037,2024-08-08,PayID,Credit,9843.2,Fuel,ATM,PayID - Travel,N,2024-08-09
TXN000856,ACC00097,CUST0182,2022-03-01,Transfer,Credit,9283.52,Fuel,EFTPOS,Transfer - Travel,N,2022-03-02
TXN000857,ACC00313,CUST0134,2023-05-27,PayID,Credit,2497.72,Retail,Mobile App,PayID - Entertainment,Y,2023-05-29
TXN000858,ACC00335,CUST0021,2024-03-08,Refund,Credit,8281.31,Utilities,Internet Banking,Refund - Retail,N,2024-03-08
TXN000859,ACC00090,CUST0096,2024-08-25,Transfer,Credit,14057.18,Entertainment,Internet Banking,Transfer - Healthcare,N,2024-08-25
TXN000860,ACC00106,CUST0014,2024-08-02,PayID,Credit,6888.43,Retail,Internet Banking,PayID - Restaurants,N,2024-08-04
TXN000861,ACC00329,CUST0083,2022-08-16,Refund,Credit,12055.5,Entertainment,Internet Banking,Refund - Utilities,N,2022-08-16
TXN000862,ACC00004,CUST0128,2022-03-08,ATM Withdrawal,Debit,10230.67,Retail,ATM,ATM Withdrawal - Fuel,N,2022-03-09
TXN000863,ACC00276,CUST0157,2022-09-05,BPAY,Debit,10737.21,Groceries,ATM,BPAY - Retail,N,2022-09-05
TXN000864,ACC00150,CUST0016,2024-03-26,PayID,Credit,12424.79,Groceries,Branch,PayID - Travel,N,2024-03-28
TXN000865,ACC00323,CUST0065,2024-06-20,Purchase,Debit,6429.4,Fuel,Internet Banking,Purchase - Healthcare,N,2024-06-22
TXN000866,ACC00058,CUST0050,2022-12-13,PayID,Credit,5497.6,Entertainment,Internet Banking,PayID - Utilities,N,2022-12-13
TXN000867,ACC00136,CUST0181,2022-07-18,PayID,Credit,4951.06,Fuel,ATM,PayID - Retail,N,2022-07-19
TXN000868,ACC00176,CUST0035,2023-08-28,Direct Debit,Debit,10338.22,Retail,Branch,Direct Debit - Healthcare,N,2023-08-28
TXN000869,ACC00076,CUST0187,2024-12-04,Transfer,Credit,4327.17,Entertainment,EFTPOS,Transfer - Entertainment,N,2024-12-05
TXN000870,ACC00082,CUST0076,2023-09-17,ATM Withdrawal,Debit,7129.8,Healthcare,Internet Banking,ATM Withdrawal - Restaurants,N,2023-09-18
TXN000871,ACC00197,CUST0088,2023-06-11,Purchase,Debit,9551.8,Utilities,EFTPOS,Purchase - Healthcare,N,2023-06-11
TXN000872,ACC00133,CUST0075,2024-01-16,PayID,Credit,10817.37,Travel,ATM,PayID - Restaurants,N,2024-01-18
TXN000873,ACC00080,CUST0193,2024-10-23,Direct Debit,Debit,4715.13,Travel,ATM,Direct Debit - Restaurants,N,2024-10-24
TXN000874,ACC00090,CUST0096,2024-09-18,Purchase,Debit,13457.11,Fuel,Branch,Purchase - Utilities,N,2024-09-18
TXN000875,ACC00077,CUST0173,2023-07-24,PayID,Credit,9130.01,Fuel,Internet Banking,PayID - Entertainment,N,2023-07-26
TXN000876,ACC00327,CUST0166,2022-01-25,Refund,Credit,12599.82,Utilities,Internet Banking,Refund - Entertainment,N,2022-01-26
TXN000877,ACC00321,CUST0032,2022-07-22,BPAY,Debit,14280.47,Fuel,Branch,BPAY - Fuel,N,2022-07-22
TXN000878,ACC00229,CUST0109,2024-12-06,Direct Debit,Debit,3720.33,Restaurants,Internet Banking,Direct Debit - Utilities,N,2024-12-07
TXN000879,ACC00091,CUST0143,2022-03-24,Direct Debit,Debit,14690.68,Healthcare,Mobile App,Direct Debit - Utilities,N,2022-03-24
TXN000880,ACC00068,CUST0034,2024-12-06,Transfer,Credit,4542.11,Utilities,Internet Banking,Transfer - Retail,N,2024-12-08
TXN000881,ACC00027,CUST0076,2023-10-16,Purchase,Debit,11850.45,Utilities,ATM,Purchase - Fuel,N,2023-10-17
TXN000882,ACC00102,CUST0188,2022-07-24,Transfer,Credit,8135.99,Retail,Branch,Transfer - Groceries,N,2022-07-24
TXN000883,ACC00227,CUST0173,2023-02-03,PayID,Credit,8834.47,Retail,Mobile App,PayID - Healthcare,N,2023-02-05
TXN000884,ACC00139,CUST0022,2024-10-05,Direct Debit,Debit,9467.29,Retail,EFTPOS,Direct Debit - Healthcare,N,2024-10-06
TXN000885,ACC00136,CUST0181,2024-12-25,Direct Debit,Debit,3736.08,Healthcare,ATM,Direct Debit - Fuel,N,2024-12-25
TXN000886,ACC00250,CUST0042,2022-01-14,BPAY,Debit,4788.79,Retail,ATM,BPAY - Restaurants,N,2022-01-15
TXN000887,ACC00345,CUST0045,2023-09-16,Refund,Credit,1419.43,Retail,Branch,Refund - Restaurants,N,2023-09-16
TXN000888,ACC00119,CUST0187,2023-03-13,Direct Debit,Debit,4608.7,Entertainment,EFTPOS,Direct Debit - Retail,N,2023-03-14
TXN000889,ACC00313,CUST0134,2023-03-07,Transfer,Credit,8565.56,Entertainment,Internet Banking,Transfer - Utilities,N,2023-03-07
TXN000890,ACC00081,CUST0115,2022-11-18,BPAY,Debit,4885.89,Retail,EFTPOS,BPAY - Travel,N,2022-11-19
TXN000891,ACC00118,CUST0040,2023-06-23,Refund,Credit,7080.25,Healthcare,Branch,Refund - Restaurants,N,2023-06-25
TXN000892,ACC00182,CUST0120,2023-10-08,ATM Withdrawal,Debit,6746.17,Travel,ATM,ATM Withdrawal - Groceries,N,2023-10-09
TXN000893,ACC00029,CUST0150,2024-04-17,Refund,Credit,5304.83,Restaurants,ATM,Refund - Healthcare,Y,2024-04-19
TXN000894,ACC00104,CUST0012,2023-03-04,Direct Debit,Debit,9931.16,Healthcare,Branch,Direct Debit - Groceries,N,2023-03-05
TXN000895,ACC00167,CUST0038,2023-02-13,BPAY,Debit,11962.32,Retail,Branch,BPAY - Fuel,N,2023-02-13
TXN000896,ACC00167,CUST0038,2024-09-09,BPAY,Debit,14122.47,Retail,Mobile App,BPAY - Travel,N,2024-09-11
TXN000897,ACC00250,CUST0042,2023-05-27,BPAY,Debit,4202.86,Travel,Mobile App,BPAY - Fuel,N,2023-05-28
TXN000898,ACC00142,CUST0158,2024-01-27,Direct Debit,Debit,6572.43,Fuel,ATM,Direct Debit - Restaurants,N,2024-01-27
TXN000899,ACC00167,CUST0038,2024-04-27,Refund,Credit,12364.84,Restaurants,EFTPOS,Refund - Healthcare,N,2024-04-29
TXN000900,ACC00046,CUST0119,2024-06-16,BPAY,Debit,3679.15,Healthcare,EFTPOS,BPAY - Healthcare,N,2024-06-16
TXN000901,ACC00035,CUST0006,2023-10-05,Direct Debit,Debit,14358.04,Retail,Internet Banking,Direct Debit - Restaurants,N,2023-10-05
TXN000902,ACC00236,CUST0011,2024-01-12,PayID,Credit,4995.85,Healthcare,Branch,PayID - Groceries,N,2024-01-14
TXN000903,ACC00211,CUST0125,2024-05-25,ATM Withdrawal,Debit,5945.22,Groceries,EFTPOS,ATM Withdrawal - Groceries,N,2024-05-27
TXN000904,ACC00192,CUST0125,2022-02-03,Purchase,Debit,8486.15,Entertainment,EFTPOS,Purchase - Retail,N,2022-02-04
TXN000905,ACC00325,CUST0149,2022-05-18,BPAY,Debit,11016.77,Fuel,EFTPOS,BPAY - Fuel,N,2022-05-20
TXN000906,ACC00045,CUST0105,2024-08-17,Transfer,Credit,9150.86,Fuel,ATM,Transfer - Healthcare,N,2024-08-19
TXN000907,ACC00078,CUST0115,2023-11-08,PayID,Credit,1096.31,Entertainment,ATM,PayID - Travel,N,2023-11-09
TXN000908,ACC00295,CUST0176,2023-08-25,Refund,Credit,96.3,Travel,Mobile App,Refund - Groceries,N,2023-08-26
TXN000909,ACC00078,CUST0115,2023-06-15,BPAY,Debit,12833.76,Entertainment,EFTPOS,BPAY - Retail,N,2023-06-15
TXN000910,ACC00295,CUST0176,2023-12-28,PayID,Credit,13398.76,Restaurants,Internet Banking,PayID - Restaurants,N,2023-12-28
TXN000911,ACC00052,CUST0076,2022-02-23,Refund,Credit,8001.8,Groceries,Internet Banking,Refund - Entertainment,N,2022-02-24
TXN000912,ACC00162,CUST0164,2023-04-17,Transfer,Credit,9872.85,Healthcare,Internet Banking,Transfer - Travel,N,2023-04-17
TXN000913,ACC00112,CUST0166,2023-12-29,ATM Withdrawal,Debit,410.42,Fuel,ATM,ATM Withdrawal - Groceries,N,2023-12-31
TXN000914,ACC00107,CUST0055,2024-02-19,ATM Withdrawal,Debit,739.17,Travel,Internet Banking,ATM Withdrawal - Utilities,N,2024-02-21
TXN000915,ACC00064,CUST0177,2022-07-10,BPAY,Debit,14538.69,Fuel,Internet Banking,BPAY - Utilities,N,2022-07-11
TXN000916,ACC00310,CUST0008,2024-01-04,Direct Debit,Debit,11245.49,Travel,Internet Banking,Direct Debit - Utilities,N,2024-01-06
TXN000917,ACC00185,CUST0170,2024-09-05,Purchase,Debit,3830.01,Retail,Mobile App,Purchase - Groceries,N,2024-09-06
TXN000918,ACC00205,CUST0066,2022-07-24,Direct Debit,Debit,5320.86,Fuel,ATM,Direct Debit - Healthcare,N,2022-07-26
TXN000919,ACC00044,CUST0161,2024-03-09,Purchase,Debit,13139.25,Healthcare,Branch,Purchase - Groceries,N,2024-03-09
TXN000920,ACC00091,CUST0143,2022-01-19,Transfer,Credit,1920.1,Restaurants,ATM,Transfer - Groceries,N,2022-01-19
TXN000921,ACC00339,CUST0047,2023-08-24,ATM Withdrawal,Debit,5576.19,Restaurants,ATM,ATM Withdrawal - Restaurants,N,2023-08-26
TXN000922,ACC00078,CUST0115,2023-01-07,Purchase,Debit,5476.66,Restaurants,Mobile App,Purchase - Retail,N,2023-01-08
TXN000923,ACC00321,CUST0032,2024-02-04,Direct Debit,Debit,13634.8,Entertainment,Mobile App,Direct Debit - Groceries,N,2024-02-05
TXN000924,ACC00018,CUST0082,2022-10-23,Purchase,Debit,13703.74,Travel,EFTPOS,Purchase - Restaurants,N,2022-10-23
TXN000925,ACC00179,CUST0073,2023-04-02,Purchase,Debit,1382.77,Fuel,ATM,Purchase - Retail,N,2023-04-04
TXN000926,ACC00226,CUST0180,2022-10-03,Refund,Credit,12853.88,Groceries,Branch,Refund - Retail,N,2022-10-04
TXN000927,ACC00066,CUST0150,2023-10-24,Direct Debit,Debit,9845.96,Fuel,ATM,Direct Debit - Retail,N,2023-10-26
TXN000928,ACC00101,CUST0104,2022-09-15,Transfer,Credit,3290.45,Restaurants,Internet Banking,Transfer - Fuel,N,2022-09-17
TXN000929,ACC00207,CUST0085,2023-08-02,Purchase,Debit,13303.88,Utilities,Internet Banking,Purchase - Healthcare,N,2023-08-04
TXN000930,ACC00155,CUST0182,2023-11-05,ATM Withdrawal,Debit,10657.2,Healthcare,Internet Banking,ATM Withdrawal - Entertainment,N,2023-11-07
TXN000931,ACC00075,CUST0084,2022-03-12,Refund,Credit,11219.29,Travel,Mobile App,Refund - Utilities,N,2022-03-12
TXN000932,ACC00074,CUST0123,2022-03-11,Transfer,Credit,12530.85,Restaurants,ATM,Transfer - Entertainment,Y,2022-03-12
TXN000933,ACC00248,CUST0163,2023-12-06,Refund,Credit,2817.04,Travel,ATM,Refund - Utilities,N,2023-12-07
TXN000934,ACC00280,CUST0057,2024-06-19,Direct Debit,Debit,1768.17,Entertainment,Branch,Direct Debit - Restaurants,N,2024-06-20
TXN000935,ACC00282,CUST0050,2024-07-23,PayID,Credit,9949.06,Entertainment,EFTPOS,PayID - Healthcare,N,2024-07-24
TXN000936,ACC00219,CUST0184,2022-02-22,Transfer,Credit,14471.34,Fuel,Internet Banking,Transfer - Retail,N,2022-02-22
TXN000937,ACC00282,CUST0050,2023-08-29,Direct Debit,Debit,1895.36,Healthcare,ATM,Direct Debit - Travel,N,2023-08-29
TXN000938,ACC00259,CUST0041,2023-01-09,BPAY,Debit,5963.97,Utilities,Internet Banking,BPAY - Utilities,N,2023-01-09
TXN000939,ACC00182,CUST0120,2024-12-12,Transfer,Credit,9014.44,Groceries,EFTPOS,Transfer - Entertainment,N,2024-12-14
TXN000940,ACC00272,CUST0199,2022-12-08,Purchase,Debit,5617.71,Restaurants,EFTPOS,Purchase - Utilities,N,2022-12-10
TXN000941,ACC00078,CUST0115,2024-05-18,Direct Debit,Debit,12874.57,Groceries,ATM,Direct Debit - Healthcare,N,2024-05-20
TXN000942,ACC00216,CUST0023,2024-09-02,Transfer,Credit,7020.59,Healthcare,Mobile App,Transfer - Fuel,N,2024-09-04
TXN000943,ACC00343,CUST0142,2023-10-01,PayID,Credit,3132.11,Fuel,Mobile App,PayID - Travel,N,2023-10-02
TXN000944,ACC00083,CUST0134,2023-05-12,Transfer,Credit,5869.18,Travel,ATM,Transfer - Utilities,N,2023-05-13
TXN000945,ACC00037,CUST0197,2023-04-09,Direct Debit,Debit,14450.4,Restaurants,ATM,Direct Debit - Fuel,N,2023-04-11
TXN000946,ACC00345,CUST0045,2022-11-07,Transfer,Credit,3088.26,Healthcare,Branch,Transfer - Groceries,N,2022-11-09
TXN000947,ACC00160,CUST0105,2024-12-09,PayID,Credit,1540.08,Retail,Internet Banking,PayID - Retail,N,2024-12-09
TXN000948,ACC00278,CUST0115,2024-07-19,Refund,Credit,2306.0,Entertainment,Branch,Refund - Groceries,N,2024-07-20
TXN000949,ACC00058,CUST0050,2024-08-13,Transfer,Credit,6389.23,Retail,Branch,Transfer - Utilities,N,2024-08-13
TXN000950,ACC00309,CUST0168,2024-01-13,Refund,Credit,3620.15,Retail,ATM,Refund - Travel,N,2024-01-13
TXN000951,ACC00144,CUST0123,2023-07-19,PayID,Credit,13571.07,Entertainment,ATM,PayID - Healthcare,N,2023-07-19
TXN000952,ACC00007,CUST0099,2022-07-27,ATM Withdrawal,Debit,10696.72,Utilities,EFTPOS,ATM Withdrawal - Retail,N,2022-07-28
TXN000953,ACC00341,CUST0197,2023-06-29,Refund,Credit,1560.38,Retail,EFTPOS,Refund - Travel,N,2023-07-01
TXN000954,ACC00196,CUST0043,2022-03-28,BPAY,Debit,9025.33,Fuel,EFTPOS,BPAY - Fuel,N,2022-03-28
TXN000955,ACC00185,CUST0170,2024-05-13,PayID,Credit,12229.44,Groceries,Branch,PayID - Retail,N,2024-05-15
TXN000956,ACC00268,CUST0022,2022-03-18,Refund,Credit,14103.01,Travel,Mobile App,Refund - Utilities,N,2022-03-18
TXN000957,ACC00323,CUST0065,2023-11-05,ATM Withdrawal,Debit,1482.96,Groceries,ATM,ATM Withdrawal - Healthcare,N,2023-11-07
TXN000958,ACC00177,CUST0093,2023-12-23,Transfer,Credit,14603.72,Healthcare,ATM,Transfer - Groceries,N,2023-12-25
TXN000959,ACC00326,CUST0195,2023-06-23,Transfer,Credit,11529.4,Utilities,EFTPOS,Transfer - Entertainment,N,2023-06-24
TXN000960,ACC00089,CUST0173,2024-10-20,Direct Debit,Debit,12849.84,Entertainment,EFTPOS,Direct Debit - Utilities,N,2024-10-21
TXN000961,ACC00052,CUST0076,2022-07-05,Direct Debit,Debit,9592.14,Retail,Internet Banking,Direct Debit - Travel,N,2022-07-07
TXN000962,ACC00249,CUST0002,2023-12-20,ATM Withdrawal,Debit,5055.68,Entertainment,Internet Banking,ATM Withdrawal - Restaurants,N,2023-12-20
TXN000963,ACC00098,CUST0153,2023-09-28,PayID,Credit,13632.55,Healthcare,EFTPOS,PayID - Restaurants,N,2023-09-30
TXN000964,ACC00039,CUST0077,2023-02-11,PayID,Credit,1401.36,Travel,Branch,PayID - Restaurants,N,2023-02-13
TXN000965,ACC00182,CUST0120,2024-03-23,ATM Withdrawal,Debit,1996.35,Fuel,Branch,ATM Withdrawal - Fuel,N,2024-03-23
TXN000966,ACC00227,CUST0173,2022-03-25,Transfer,Credit,3689.31,Healthcare,Mobile App,Transfer - Retail,N,2022-03-27
TXN000967,ACC00113,CUST0053,2023-05-18,ATM Withdrawal,Debit,13127.16,Utilities,Internet Banking,ATM Withdrawal - Groceries,N,2023-05-18
TXN000968,ACC00314,CUST0075,2024-09-16,ATM Withdrawal,Debit,12569.12,Utilities,ATM,ATM Withdrawal - Restaurants,N,2024-09-18
TXN000969,ACC00205,CUST0066,2024-03-03,PayID,Credit,11202.14,Entertainment,Branch,PayID - Travel,N,2024-03-03
TXN000970,ACC00164,CUST0069,2024-01-02,PayID,Credit,1156.53,Restaurants,Branch,PayID - Utilities,N,2024-01-04
TXN000971,ACC00066,CUST0150,2022-07-17,Refund,Credit,14715.18,Retail,EFTPOS,Refund - Entertainment,N,2022-07-19
TXN000972,ACC00117,CUST0180,2023-12-15,PayID,Credit,10763.75,Utilities,ATM,PayID - Healthcare,N,2023-12-15
TXN000973,ACC00236,CUST0011,2024-06-15,ATM Withdrawal,Debit,7457.5,Fuel,Internet Banking,ATM Withdrawal - Groceries,N,2024-06-17
TXN000974,ACC00333,CUST0046,2022-04-28,ATM Withdrawal,Debit,13437.73,Restaurants,Mobile App,ATM Withdrawal - Entertainment,N,2022-04-30
TXN000975,ACC00142,CUST0158,2023-06-01,PayID,Credit,14210.32,Groceries,EFTPOS,PayID - Retail,N,2023-06-01
TXN000976,ACC00203,CUST0092,2023-03-17,Direct Debit,Debit,9927.35,Healthcare,Branch,Direct Debit - Utilities,N,2023-03-19
TXN000977,ACC00209,CUST0029,2022-10-23,PayID,Credit,11494.74,Entertainment,Mobile App,PayID - Groceries,N,2022-10-24
TXN000978,ACC00301,CUST0177,2022-09-03,Purchase,Debit,11619.54,Fuel,EFTPOS,Purchase - Travel,N,2022-09-05
TXN000979,ACC00100,CUST0064,2023-05-25,Refund,Credit,14696.75,Restaurants,Internet Banking,Refund - Groceries,N,2023-05-26
TXN000980,ACC00062,CUST0140,2023-11-11,ATM Withdrawal,Debit,1337.5,Travel,ATM,ATM Withdrawal - Travel,N,2023-11-11
TXN000981,ACC00176,CUST0035,2023-01-10,Direct Debit,Debit,1438.85,Restaurants,ATM,Direct Debit - Healthcare,N,2023-01-10
TXN000982,ACC00134,CUST0052,2024-04-02,Direct Debit,Debit,3009.91,Fuel,Branch,Direct Debit - Retail,N,2024-04-04
TXN000983,ACC00132,CUST0130,2022-02-11,Purchase,Debit,13189.64,Groceries,Branch,Purchase - Fuel,N,2022-02-13
TXN000984,ACC00007,CUST0099,2022-01-10,Direct Debit,Debit,4903.57,Groceries,EFTPOS,Direct Debit - Entertainment,N,2022-01-10
TXN000985,ACC00097,CUST0182,2024-10-17,Transfer,Credit,2727.62,Entertainment,Mobile App,Transfer - Restaurants,N,2024-10-19
TXN000986,ACC00091,CUST0143,2024-06-21,Refund,Credit,10595.81,Restaurants,EFTPOS,Refund - Restaurants,N,2024-06-22
TXN000987,ACC00016,CUST0118,2022-03-21,Refund,Credit,14029.46,Fuel,Branch,Refund - Healthcare,N,2022-03-23
TXN000988,ACC00093,CUST0126,2024-11-27,Purchase,Debit,2511.61,Retail,Internet Banking,Purchase - Restaurants,N,2024-11-28
TXN000989,ACC00233,CUST0052,2024-03-07,Purchase,Debit,11761.16,Fuel,Branch,Purchase - Utilities,N,2024-03-07
TXN000990,ACC00252,CUST0033,2023-01-21,Purchase,Debit,11911.02,Entertainment,Mobile App,Purchase - Retail,N,2023-01-23
TXN000991,ACC00303,CUST0200,2022-07-22,Purchase,Debit,12716.76,Entertainment,EFTPOS,Purchase - Travel,N,2022-07-24
TXN000992,ACC00103,CUST0127,2023-08-02,ATM Withdrawal,Debit,4805.43,Utilities,Branch,ATM Withdrawal - Travel,N,2023-08-03
TXN000993,ACC00043,CUST0148,2024-10-01,Purchase,Debit,358.49,Entertainment,EFTPOS,Purchase - Retail,N,2024-10-02
TXN000994,ACC00255,CUST0045,2023-08-12,PayID,Credit,11562.87,Groceries,EFTPOS,PayID - Groceries,N,2023-08-12
TXN000995,ACC00158,CUST0088,2022-12-22,PayID,Credit,9614.35,Groceries,EFTPOS,PayID - Groceries,N,2022-12-23
TXN000996,ACC00198,CUST0188,2023-01-21,BPAY,Debit,5277.13,Groceries,ATM,BPAY - Restaurants,N,2023-01-23
TXN000997,ACC00023,CUST0197,2023-03-16,Transfer,Credit,1480.66,Utilities,Branch,Transfer - Fuel,N,2023-03-17
TXN000998,ACC00106,CUST0014,2022-02-01,ATM Withdrawal,Debit,679.46,Utilities,Mobile App,ATM Withdrawal - Healthcare,Y,2022-02-01
TXN000999,ACC00338,CUST0192,2023-11-09,ATM Withdrawal,Debit,14766.05,Utilities,Branch,ATM Withdrawal - Travel,N,2023-11-09
TXN001000,ACC00307,CUST0170,2023-05-20,Direct Debit,Debit,9326.83,Travel,EFTPOS,Direct Debit - Healthcare,N,2023-05-22
TXN001001,ACC00140,CUST0085,2024-04-18,ATM Withdrawal,Debit,10354.53,Travel,ATM,ATM Withdrawal - Healthcare,N,2024-04-18
TXN001002,ACC00250,CUST0042,2023-06-04,PayID,Credit,9002.34,Travel,Mobile App,PayID - Retail,N,2023-06-06
TXN001003,ACC00115,CUST0100,2022-05-25,Purchase,Debit,9564.32,Restaurants,ATM,Purchase - Fuel,N,2022-05-26
TXN001004,ACC00086,CUST0008,2023-06-10,PayID,Credit,14329.8,Travel,Branch,PayID - Healthcare,N,2023-06-12
TXN001005,ACC00134,CUST0052,2022-08-11,ATM Withdrawal,Debit,11415.08,Utilities,Mobile App,ATM Withdrawal - Retail,N,2022-08-13
TXN001006,ACC00019,CUST0198,2024-08-18,Purchase,Debit,7182.82,Utilities,Mobile App,Purchase - Travel,N,2024-08-20
TXN001007,ACC00035,CUST0006,2023-05-11,Direct Debit,Debit,6539.79,Retail,Internet Banking,Direct Debit - Retail,N,2023-05-11
TXN001008,ACC00340,CUST0096,2024-10-28,Transfer,Credit,11502.09,Utilities,Branch,Transfer - Groceries,N,2024-10-28
TXN001009,ACC00175,CUST0190,2023-05-29,Direct Debit,Debit,13827.67,Retail,Internet Banking,Direct Debit - Groceries,N,2023-05-29
TXN001010,ACC00150,CUST0016,2024-11-01,Transfer,Credit,955.68,Utilities,Branch,Transfer - Retail,Y,2024-11-02
TXN001011,ACC00036,CUST0139,2023-05-19,Direct Debit,Debit,9025.3,Restaurants,Internet Banking,Direct Debit - Entertainment,N,2023-05-21
TXN001012,ACC00034,CUST0015,2024-04-19,Purchase,Debit,7771.19,Restaurants,Branch,Purchase - Entertainment,Y,2024-04-19
TXN001013,ACC00120,CUST0169,2022-01-13,BPAY,Debit,5718.82,Groceries,ATM,BPAY - Fuel,N,2022-01-15
TXN001014,ACC00019,CUST0198,2022-06-01,Refund,Credit,297.88,Retail,EFTPOS,Refund - Travel,N,2022-06-03
TXN001015,ACC00199,CUST0198,2024-07-09,Transfer,Credit,13653.71,Retail,EFTPOS,Transfer - Healthcare,N,2024-07-11
TXN001016,ACC00233,CUST0052,2024-09-08,Transfer,Credit,13791.48,Retail,EFTPOS,Transfer - Entertainment,N,2024-09-09
TXN001017,ACC00327,CUST0166,2022-12-24,ATM Withdrawal,Debit,14445.63,Healthcare,Internet Banking,ATM Withdrawal - Entertainment,N,2022-12-25
TXN001018,ACC00154,CUST0164,2022-10-22,ATM Withdrawal,Debit,639.28,Utilities,ATM,ATM Withdrawal - Restaurants,N,2022-10-23
TXN001019,ACC00107,CUST0055,2024-04-11,ATM Withdrawal,Debit,6317.69,Retail,ATM,ATM Withdrawal - Retail,N,2024-04-12
TXN001020,ACC00187,CUST0172,2023-11-23,ATM Withdrawal,Debit,4890.84,Restaurants,EFTPOS,ATM Withdrawal - Utilities,N,2023-11-25
TXN001021,ACC00098,CUST0153,2023-02-03,PayID,Credit,14220.13,Entertainment,ATM,PayID - Travel,N,2023-02-04
TXN001022,ACC00110,CUST0113,2024-03-15,Purchase,Debit,2120.83,Retail,Branch,Purchase - Travel,N,2024-03-15
TXN001023,ACC00173,CUST0087,2022-11-17,BPAY,Debit,9895.11,Travel,Internet Banking,BPAY - Retail,Y,2022-11-17
TXN001024,ACC00198,CUST0188,2022-12-19,PayID,Credit,4100.53,Restaurants,ATM,PayID - Utilities,N,2022-12-20
TXN001025,ACC00240,CUST0175,2023-05-19,Transfer,Credit,13020.58,Retail,Branch,Transfer - Groceries,N,2023-05-19
TXN001026,ACC00044,CUST0161,2022-02-13,Refund,Credit,131.02,Groceries,Branch,Refund - Fuel,N,2022-02-14
TXN001027,ACC00104,CUST0012,2022-11-05,Direct Debit,Debit,14369.39,Fuel,Branch,Direct Debit - Entertainment,N,2022-11-06
TXN001028,ACC00244,CUST0019,2023-11-25,Direct Debit,Debit,10554.34,Healthcare,Mobile App,Direct Debit - Restaurants,N,2023-11-25
TXN001029,ACC00084,CUST0006,2024-04-30,BPAY,Debit,1777.49,Travel,Internet Banking,BPAY - Retail,N,2024-05-01
TXN001030,ACC00128,CUST0119,2022-08-21,Transfer,Credit,9958.37,Retail,Mobile App,Transfer - Groceries,N,2022-08-22
TXN001031,ACC00243,CUST0053,2024-02-16,Refund,Credit,7153.72,Groceries,EFTPOS,Refund - Entertainment,N,2024-02-18
TXN001032,ACC00293,CUST0096,2023-01-08,Purchase,Debit,6710.55,Retail,EFTPOS,Purchase - Entertainment,N,2023-01-08
TXN001033,ACC00190,CUST0121,2022-05-22,BPAY,Debit,2659.35,Healthcare,ATM,BPAY - Restaurants,N,2022-05-24
TXN001034,ACC00101,CUST0104,2023-10-19,Refund,Credit,4385.95,Fuel,Branch,Refund - Retail,Y,2023-10-21
TXN001035,ACC00214,CUST0130,2022-12-13,Direct Debit,Debit,5478.87,Utilities,EFTPOS,Direct Debit - Healthcare,N,2022-12-13
TXN001036,ACC00251,CUST0166,2023-10-15,Purchase,Debit,13587.34,Utilities,Branch,Purchase - Healthcare,N,2023-10-16
TXN001037,ACC00173,CUST0087,2022-03-24,Refund,Credit,4093.28,Retail,Mobile App,Refund - Entertainment,N,2022-03-24
TXN001038,ACC00320,CUST0015,2022-01-22,Purchase,Debit,11019.88,Healthcare,ATM,Purchase - Utilities,N,2022-01-23
TXN001039,ACC00199,CUST0198,2022-03-15,Direct Debit,Debit,10429.63,Travel,Branch,Direct Debit - Entertainment,N,2022-03-16
TXN001040,ACC00209,CUST0029,2023-12-02,Direct Debit,Debit,1985.97,Healthcare,EFTPOS,Direct Debit - Utilities,N,2023-12-03
TXN001041,ACC00043,CUST0148,2024-07-10,Purchase,Debit,13781.72,Entertainment,EFTPOS,Purchase - Fuel,Y,2024-07-10
TXN001042,ACC00055,CUST0196,2023-05-13,Direct Debit,Debit,1117.14,Fuel,Internet Banking,Direct Debit - Utilities,N,2023-05-13
TXN001043,ACC00005,CUST0013,2022-01-28,Direct Debit,Debit,11047.82,Fuel,Internet Banking,Direct Debit - Retail,N,2022-01-29
TXN001044,ACC00341,CUST0197,2022-08-05,Purchase,Debit,9188.87,Restaurants,Internet Banking,Purchase - Fuel,N,2022-08-07
TXN001045,ACC00047,CUST0116,2022-01-08,PayID,Credit,6495.11,Utilities,Internet Banking,PayID - Groceries,N,2022-01-09
TXN001046,ACC00165,CUST0142,2024-12-20,Refund,Credit,2890.39,Utilities,ATM,Refund - Restaurants,N,2024-12-22
TXN001047,ACC00347,CUST0163,2022-05-06,BPAY,Debit,6638.3,Groceries,Mobile App,BPAY - Restaurants,N,2022-05-07
TXN001048,ACC00074,CUST0123,2023-01-23,PayID,Credit,10499.81,Fuel,Internet Banking,PayID - Restaurants,N,2023-01-23
TXN001049,ACC00084,CUST0006,2024-03-19,BPAY,Debit,9529.82,Healthcare,EFTPOS,BPAY - Travel,N,2024-03-20
TXN001050,ACC00112,CUST0166,2024-05-23,Direct Debit,Debit,3765.0,Utilities,EFTPOS,Direct Debit - Groceries,N,2024-05-25
TXN001051,ACC00129,CUST0002,2023-07-31,Purchase,Debit,11314.7,Groceries,Mobile App,Purchase - Retail,N,2023-08-02
TXN001052,ACC00031,CUST0107,2024-05-30,Refund,Credit,1200.19,Retail,Mobile App,Refund - Fuel,N,2024-05-31
TXN001053,ACC00349,CUST0101,2022-05-15,PayID,Credit,8538.45,Entertainment,ATM,PayID - Entertainment,N,2022-05-16
TXN001054,ACC00190,CUST0121,2024-10-20,ATM Withdrawal,Debit,4504.41,Entertainment,EFTPOS,ATM Withdrawal - Utilities,N,2024-10-20
TXN001055,ACC00022,CUST0002,2023-12-24,ATM Withdrawal,Debit,6146.58,Entertainment,ATM,ATM Withdrawal - Retail,N,2023-12-25
TXN001056,ACC00232,CUST0178,2022-11-09,Refund,Credit,2132.1,Travel,ATM,Refund - Groceries,N,2022-11-10
TXN001057,ACC00196,CUST0043,2022-11-02,Purchase,Debit,5991.87,Travel,Internet Banking,Purchase - Restaurants,N,2022-11-02
TXN001058,ACC00112,CUST0166,2022-07-14,ATM Withdrawal,Debit,246.82,Restaurants,Branch,ATM Withdrawal - Entertainment,N,2022-07-15
TXN001059,ACC00201,CUST0078,2022-11-21,Refund,Credit,4553.53,Healthcare,Internet Banking,Refund - Utilities,N,2022-11-23
TXN001060,ACC00256,CUST0005,2024-06-05,Refund,Credit,6527.18,Restaurants,ATM,Refund - Groceries,N,2024-06-05
TXN001061,ACC00035,CUST0006,2023-10-25,BPAY,Debit,10590.66,Healthcare,Internet Banking,BPAY - Utilities,N,2023-10-26
TXN001062,ACC00111,CUST0026,2024-05-02,Direct Debit,Debit,7358.11,Restaurants,Branch,Direct Debit - Healthcare,N,2024-05-03
TXN001063,ACC00314,CUST0075,2022-09-07,BPAY,Debit,8987.14,Healthcare,Branch,BPAY - Entertainment,N,2022-09-07
TXN001064,ACC00190,CUST0121,2024-08-27,ATM Withdrawal,Debit,947.81,Entertainment,ATM,ATM Withdrawal - Utilities,N,2024-08-28
TXN001065,ACC00120,CUST0169,2023-10-03,ATM Withdrawal,Debit,9508.44,Healthcare,EFTPOS,ATM Withdrawal - Entertainment,N,2023-10-04
TXN001066,ACC00100,CUST0064,2022-09-18,Refund,Credit,14482.14,Utilities,EFTPOS,Refund - Utilities,N,2022-09-18
TXN001067,ACC00251,CUST0166,2024-08-20,Direct Debit,Debit,13358.47,Fuel,ATM,Direct Debit - Restaurants,N,2024-08-20
TXN001068,ACC00271,CUST0154,2024-10-02,PayID,Credit,6940.88,Healthcare,Mobile App,PayID - Retail,N,2024-10-02
TXN001069,ACC00142,CUST0158,2022-10-21,Refund,Credit,5457.37,Groceries,ATM,Refund - Utilities,N,2022-10-21
TXN001070,ACC00168,CUST0021,2023-12-31,ATM Withdrawal,Debit,12372.73,Restaurants,Branch,ATM Withdrawal - Entertainment,N,2024-01-01
TXN001071,ACC00310,CUST0008,2023-02-14,PayID,Credit,12362.22,Utilities,EFTPOS,PayID - Fuel,N,2023-02-14
TXN001072,ACC00100,CUST0064,2024-12-08,Direct Debit,Debit,11982.93,Utilities,ATM,Direct Debit - Travel,N,2024-12-08
TXN001073,ACC00153,CUST0187,2023-06-19,Direct Debit,Debit,3064.4,Groceries,Mobile App,Direct Debit - Travel,N,2023-06-20
TXN001074,ACC00076,CUST0187,2024-07-03,BPAY,Debit,9388.72,Restaurants,EFTPOS,BPAY - Retail,N,2024-07-03
TXN001075,ACC00141,CUST0008,2024-07-22,PayID,Credit,4139.97,Retail,Branch,PayID - Restaurants,N,2024-07-23
TXN001076,ACC00009,CUST0036,2022-09-11,Direct Debit,Debit,787.3,Retail,Branch,Direct Debit - Restaurants,N,2022-09-13
TXN001077,ACC00193,CUST0148,2022-02-22,PayID,Credit,9433.73,Entertainment,ATM,PayID - Restaurants,N,2022-02-22
TXN001078,ACC00330,CUST0068,2023-08-03,Refund,Credit,4860.89,Groceries,EFTPOS,Refund - Groceries,N,2023-08-05
TXN001079,ACC00068,CUST0034,2024-10-14,Purchase,Debit,959.1,Restaurants,Internet Banking,Purchase - Fuel,N,2024-10-16
TXN001080,ACC00121,CUST0185,2022-07-08,Direct Debit,Debit,11320.14,Entertainment,Mobile App,Direct Debit - Travel,N,2022-07-08
TXN001081,ACC00253,CUST0079,2024-03-31,BPAY,Debit,8177.13,Travel,ATM,BPAY - Restaurants,N,2024-03-31
TXN001082,ACC00107,CUST0055,2024-07-07,Refund,Credit,2386.75,Healthcare,Internet Banking,Refund - Utilities,N,2024-07-09
TXN001083,ACC00286,CUST0144,2022-02-19,Refund,Credit,788.19,Utilities,ATM,Refund - Groceries,N,2022-02-19
TXN001084,ACC00079,CUST0028,2022-10-09,Direct Debit,Debit,7509.26,Travel,ATM,Direct Debit - Groceries,N,2022-10-10
TXN001085,ACC00253,CUST0079,2022-02-18,PayID,Credit,10044.96,Travel,EFTPOS,PayID - Fuel,N,2022-02-20
TXN001086,ACC00019,CUST0198,2023-03-04,ATM Withdrawal,Debit,3443.36,Groceries,Branch,ATM Withdrawal - Fuel,N,2023-03-05
TXN001087,ACC00261,CUST0117,2022-12-03,Transfer,Credit,5958.33,Groceries,EFTPOS,Transfer - Healthcare,N,2022-12-04
TXN001088,ACC00262,CUST0068,2024-03-06,Transfer,Credit,2398.79,Healthcare,Branch,Transfer - Utilities,N,2024-03-07
TXN001089,ACC00202,CUST0131,2022-09-02,ATM Withdrawal,Debit,9757.29,Groceries,ATM,ATM Withdrawal - Travel,N,2022-09-02
TXN001090,ACC00022,CUST0002,2024-03-04,PayID,Credit,12069.73,Utilities,Internet Banking,PayID - Healthcare,N,2024-03-06
TXN001091,ACC00110,CUST0113,2023-09-14,Purchase,Debit,5414.71,Utilities,EFTPOS,Purchase - Healthcare,N,2023-09-14
TXN001092,ACC00159,CUST0181,2022-01-26,Transfer,Credit,3247.14,Entertainment,Internet Banking,Transfer - Retail,N,2022-01-27
TXN001093,ACC00168,CUST0021,2024-07-26,BPAY,Debit,14763.46,Restaurants,ATM,BPAY - Retail,N,2024-07-27
TXN001094,ACC00342,CUST0133,2023-05-24,Purchase,Debit,1166.03,Groceries,Mobile App,Purchase - Groceries,N,2023-05-25
TXN001095,ACC00001,CUST0156,2023-09-14,PayID,Credit,6676.46,Restaurants,Mobile App,PayID - Groceries,N,2023-09-16
TXN001096,ACC00098,CUST0153,2024-05-16,Direct Debit,Debit,11127.96,Fuel,Branch,Direct Debit - Travel,N,2024-05-17
TXN001097,ACC00018,CUST0082,2022-09-03,Direct Debit,Debit,4531.45,Retail,Internet Banking,Direct Debit - Fuel,N,2022-09-05
TXN001098,ACC00350,CUST0129,2022-03-04,ATM Withdrawal,Debit,13204.48,Restaurants,Mobile App,ATM Withdrawal - Fuel,N,2022-03-04
TXN001099,ACC00234,CUST0199,2023-07-14,PayID,Credit,4051.73,Retail,Mobile App,PayID - Restaurants,N,2023-07-15
TXN001100,ACC00348,CUST0040,2024-02-12,ATM Withdrawal,Debit,449.44,Travel,ATM,ATM Withdrawal - Travel,N,2024-02-12
TXN001101,ACC00296,CUST0098,2022-04-01,Refund,Credit,9849.49,Healthcare,Branch,Refund - Retail,N,2022-04-02
TXN001102,ACC00013,CUST0044,2023-07-11,Transfer,Credit,14447.88,Utilities,ATM,Transfer - Groceries,N,2023-07-11
TXN001103,ACC00289,CUST0180,2024-06-10,PayID,Credit,8384.61,Retail,Internet Banking,PayID - Groceries,N,2024-06-10
TXN001104,ACC00307,CUST0170,2024-01-23,ATM Withdrawal,Debit,6844.41,Restaurants,Branch,ATM Withdrawal - Entertainment,N,2024-01-25
TXN001105,ACC00075,CUST0084,2023-10-19,Direct Debit,Debit,11028.19,Travel,Internet Banking,Direct Debit - Travel,N,2023-10-20
TXN001106,ACC00150,CUST0016,2022-10-30,Refund,Credit,12213.6,Retail,EFTPOS,Refund - Travel,N,2022-10-31
TXN001107,ACC00045,CUST0105,2023-06-03,Direct Debit,Debit,13271.7,Entertainment,ATM,Direct Debit - Retail,N,2023-06-05
TXN001108,ACC00085,CUST0144,2022-03-29,Refund,Credit,5152.46,Restaurants,EFTPOS,Refund - Entertainment,N,2022-03-31
TXN001109,ACC00082,CUST0076,2022-10-13,Refund,Credit,14658.5,Utilities,ATM,Refund - Fuel,N,2022-10-13
TXN001110,ACC00257,CUST0168,2022-03-27,BPAY,Debit,7794.01,Groceries,Branch,BPAY - Restaurants,N,2022-03-29
TXN001111,ACC00172,CUST0037,2024-09-28,PayID,Credit,1754.7,Entertainment,EFTPOS,PayID - Travel,N,2024-09-29
TXN001112,ACC00113,CUST0053,2023-12-21,PayID,Credit,11247.64,Fuel,Internet Banking,PayID - Retail,N,2023-12-23
TXN001113,ACC00097,CUST0182,2022-01-02,BPAY,Debit,13397.86,Fuel,ATM,BPAY - Restaurants,N,2022-01-04
TXN001114,ACC00157,CUST0123,2023-05-11,Direct Debit,Debit,11337.25,Utilities,EFTPOS,Direct Debit - Fuel,N,2023-05-11
TXN001115,ACC00013,CUST0044,2022-02-03,Purchase,Debit,467.43,Utilities,Internet Banking,Purchase - Fuel,N,2022-02-04
TXN001116,ACC00061,CUST0145,2024-05-14,PayID,Credit,14173.17,Travel,Mobile App,PayID - Healthcare,N,2024-05-15
TXN001117,ACC00107,CUST0055,2023-09-15,BPAY,Debit,6428.43,Retail,EFTPOS,BPAY - Groceries,N,2023-09-15
TXN001118,ACC00256,CUST0005,2023-10-17,Direct Debit,Debit,5273.1,Retail,ATM,Direct Debit - Fuel,N,2023-10-19
TXN001119,ACC00318,CUST0048,2023-12-20,PayID,Credit,14236.89,Retail,Mobile App,PayID - Travel,Y,2023-12-21
TXN001120,ACC00045,CUST0105,2024-08-30,Purchase,Debit,3783.09,Fuel,Internet Banking,Purchase - Fuel,N,2024-09-01
TXN001121,ACC00173,CUST0087,2023-05-10,ATM Withdrawal,Debit,9054.53,Groceries,Branch,ATM Withdrawal - Healthcare,N,2023-05-12
TXN001122,ACC00232,CUST0178,2023-03-20,Purchase,Debit,9206.15,Groceries,Internet Banking,Purchase - Groceries,N,2023-03-21
TXN001123,ACC00036,CUST0139,2024-10-25,Direct Debit,Debit,2719.32,Travel,EFTPOS,Direct Debit - Groceries,N,2024-10-25
TXN001124,ACC00265,CUST0107,2024-10-02,ATM Withdrawal,Debit,2609.61,Healthcare,Internet Banking,ATM Withdrawal - Groceries,N,2024-10-03
TXN001125,ACC00219,CUST0184,2022-08-13,Refund,Credit,10302.42,Fuel,Internet Banking,Refund - Retail,N,2022-08-13
TXN001126,ACC00199,CUST0198,2022-12-28,Purchase,Debit,11587.17,Healthcare,Internet Banking,Purchase - Utilities,N,2022-12-30
TXN001127,ACC00299,CUST0098,2024-10-07,ATM Withdrawal,Debit,3431.76,Fuel,Mobile App,ATM Withdrawal - Restaurants,N,2024-10-09
TXN001128,ACC00310,CUST0008,2022-02-18,Direct Debit,Debit,6572.02,Travel,Mobile App,Direct Debit - Entertainment,N,2022-02-18
TXN001129,ACC00215,CUST0130,2024-08-28,ATM Withdrawal,Debit,504.02,Travel,Mobile App,ATM Withdrawal - Fuel,N,2024-08-30
TXN001130,ACC00184,CUST0168,2024-08-30,Transfer,Credit,6020.5,Restaurants,Mobile App,Transfer - Groceries,N,2024-09-01
TXN001131,ACC00096,CUST0068,2023-02-07,BPAY,Debit,6692.09,Entertainment,EFTPOS,BPAY - Healthcare,N,2023-02-09
TXN001132,ACC00095,CUST0195,2024-04-26,Purchase,Debit,1738.63,Utilities,Internet Banking,Purchase - Restaurants,N,2024-04-28
TXN001133,ACC00201,CUST0078,2022-01-23,BPAY,Debit,5578.51,Groceries,Mobile App,BPAY - Healthcare,N,2022-01-23
TXN001134,ACC00156,CUST0013,2022-10-08,Transfer,Credit,4793.62,Retail,Internet Banking,Transfer - Utilities,N,2022-10-09
TXN001135,ACC00246,CUST0194,2023-03-15,ATM Withdrawal,Debit,1486.61,Fuel,Internet Banking,ATM Withdrawal - Restaurants,N,2023-03-15
TXN001136,ACC00035,CUST0006,2024-09-05,Purchase,Debit,7701.26,Restaurants,Internet Banking,Purchase - Travel,N,2024-09-06
TXN001137,ACC00116,CUST0068,2023-06-22,Refund,Credit,6096.47,Travel,Mobile App,Refund - Entertainment,N,2023-06-22
TXN001138,ACC00099,CUST0035,2024-02-05,BPAY,Debit,5862.25,Utilities,Internet Banking,BPAY - Retail,N,2024-02-07
TXN001139,ACC00209,CUST0029,2022-11-19,BPAY,Debit,3620.87,Healthcare,ATM,BPAY - Fuel,N,2022-11-19
TXN001140,ACC00214,CUST0130,2022-05-16,PayID,Credit,8425.74,Restaurants,Mobile App,PayID - Entertainment,N,2022-05-17
TXN001141,ACC00238,CUST0090,2023-12-01,BPAY,Debit,4553.15,Entertainment,Branch,BPAY - Retail,N,2023-12-02
TXN001142,ACC00302,CUST0093,2022-10-09,Purchase,Debit,7040.45,Retail,Branch,Purchase - Fuel,N,2022-10-10
TXN001143,ACC00139,CUST0022,2023-08-15,Transfer,Credit,8916.91,Entertainment,Branch,Transfer - Utilities,N,2023-08-16
TXN001144,ACC00157,CUST0123,2023-01-28,BPAY,Debit,12386.2,Travel,Branch,BPAY - Healthcare,N,2023-01-30
TXN001145,ACC00338,CUST0192,2023-01-21,Refund,Credit,11524.94,Restaurants,Branch,Refund - Utilities,N,2023-01-22
TXN001146,ACC00278,CUST0115,2023-10-20,ATM Withdrawal,Debit,3067.76,Restaurants,Mobile App,ATM Withdrawal - Healthcare,N,2023-10-20
TXN001147,ACC00307,CUST0170,2023-11-22,PayID,Credit,2746.98,Retail,Branch,PayID - Utilities,N,2023-11-24
TXN001148,ACC00139,CUST0022,2024-07-29,Transfer,Credit,8061.59,Healthcare,EFTPOS,Transfer - Fuel,N,2024-07-30
TXN001149,ACC00282,CUST0050,2024-03-16,Transfer,Credit,50.0,Healthcare,ATM,Transfer - Retail,N,2024-03-18
TXN001150,ACC00299,CUST0098,2023-07-22,ATM Withdrawal,Debit,7667.27,Utilities,Branch,ATM Withdrawal - Groceries,N,2023-07-24
TXN001151,ACC00251,CUST0166,2022-08-10,ATM Withdrawal,Debit,7146.05,Entertainment,Mobile App,ATM Withdrawal - Restaurants,N,2022-08-11
TXN001152,ACC00028,CUST0048,2022-03-26,Direct Debit,Debit,12707.77,Fuel,EFTPOS,Direct Debit - Healthcare,N,2022-03-26
TXN001153,ACC00217,CUST0143,2023-02-24,PayID,Credit,600.02,Groceries,Mobile App,PayID - Fuel,N,2023-02-26
TXN001154,ACC00142,CUST0158,2023-08-06,Transfer,Credit,6447.61,Utilities,EFTPOS,Transfer - Healthcare,N,2023-08-07
TXN001155,ACC00122,CUST0110,2022-11-07,BPAY,Debit,345.29,Entertainment,Internet Banking,BPAY - Restaurants,N,2022-11-08
TXN001156,ACC00105,CUST0177,2022-02-05,Purchase,Debit,14317.15,Healthcare,ATM,Purchase - Fuel,N,2022-02-06
TXN001157,ACC00114,CUST0127,2023-05-11,Transfer,Credit,6893.14,Restaurants,Internet Banking,Transfer - Healthcare,N,2023-05-11
TXN001158,ACC00344,CUST0150,2023-09-24,Refund,Credit,6528.46,Travel,ATM,Refund - Utilities,N,2023-09-24
TXN001159,ACC00210,CUST0047,2024-06-28,PayID,Credit,6638.47,Travel,EFTPOS,PayID - Travel,Y,2024-06-29
TXN001160,ACC00106,CUST0014,2024-10-03,BPAY,Debit,6550.32,Entertainment,Branch,BPAY - Groceries,N,2024-10-05
TXN001161,ACC00199,CUST0198,2024-06-24,Direct Debit,Debit,9098.7,Restaurants,Mobile App,Direct Debit - Travel,N,2024-06-25
TXN001162,ACC00107,CUST0055,2023-03-23,ATM Withdrawal,Debit,4713.86,Healthcare,Internet Banking,ATM Withdrawal - Healthcare,N,2023-03-24
TXN001163,ACC00308,CUST0141,2024-08-19,PayID,Credit,14409.87,Utilities,Mobile App,PayID - Retail,N,2024-08-19
TXN001164,ACC00200,CUST0107,2023-12-08,Purchase,Debit,5393.45,Retail,ATM,Purchase - Retail,N,2023-12-08
TXN001165,ACC00224,CUST0178,2023-06-07,Direct Debit,Debit,5224.1,Entertainment,Branch,Direct Debit - Retail,N,2023-06-07
TXN001166,ACC00300,CUST0162,2024-11-25,Refund,Credit,8986.98,Utilities,Mobile App,Refund - Travel,N,2024-11-25
TXN001167,ACC00047,CUST0116,2022-11-22,PayID,Credit,1386.56,Groceries,Branch,PayID - Fuel,N,2022-11-23
TXN001168,ACC00232,CUST0178,2022-11-02,Refund,Credit,4398.0,Travel,Branch,Refund - Restaurants,N,2022-11-03
TXN001169,ACC00086,CUST0008,2024-12-02,Refund,Credit,1002.62,Fuel,EFTPOS,Refund - Groceries,N,2024-12-04
TXN001170,ACC00091,CUST0143,2023-08-14,ATM Withdrawal,Debit,8219.53,Restaurants,Internet Banking,ATM Withdrawal - Groceries,N,2023-08-14
TXN001171,ACC00309,CUST0168,2022-06-07,Purchase,Debit,1011.66,Healthcare,Internet Banking,Purchase - Fuel,N,2022-06-09
TXN001172,ACC00189,CUST0096,2023-01-02,Transfer,Credit,2291.63,Utilities,Mobile App,Transfer - Entertainment,N,2023-01-03
TXN001173,ACC00263,CUST0133,2022-02-12,Purchase,Debit,7514.2,Travel,Internet Banking,Purchase - Restaurants,N,2022-02-12
TXN001174,ACC00068,CUST0034,2023-05-11,Refund,Credit,12925.46,Entertainment,EFTPOS,Refund - Healthcare,N,2023-05-12
TXN001175,ACC00090,CUST0096,2022-08-14,Transfer,Credit,10701.73,Groceries,Mobile App,Transfer - Travel,N,2022-08-15
TXN001176,ACC00236,CUST0011,2024-12-19,PayID,Credit,11982.77,Travel,EFTPOS,PayID - Travel,N,2024-12-20
TXN001177,ACC00332,CUST0157,2024-11-30,BPAY,Debit,5309.68,Travel,Branch,BPAY - Travel,N,2024-12-01
TXN001178,ACC00065,CUST0199,2022-03-16,BPAY,Debit,3104.19,Entertainment,Branch,BPAY - Fuel,N,2022-03-17
TXN001179,ACC00196,CUST0043,2024-02-09,Purchase,Debit,4493.47,Entertainment,ATM,Purchase - Utilities,N,2024-02-09
TXN001180,ACC00223,CUST0035,2022-10-29,BPAY,Debit,6749.66,Restaurants,Branch,BPAY - Travel,N,2022-10-29
TXN001181,ACC00117,CUST0180,2024-06-18,ATM Withdrawal,Debit,3794.55,Retail,ATM,ATM Withdrawal - Entertainment,N,2024-06-19
TXN001182,ACC00067,CUST0163,2024-05-01,Transfer,Credit,14394.32,Restaurants,Mobile App,Transfer - Healthcare,N,2024-05-02
TXN001183,ACC00239,CUST0144,2024-03-02,Refund,Credit,13305.81,Travel,Mobile App,Refund - Healthcare,N,2024-03-04
TXN001184,ACC00283,CUST0168,2024-09-04,Refund,Credit,608.83,Retail,Mobile App,Refund - Entertainment,N,2024-09-05
TXN001185,ACC00260,CUST0057,2022-12-06,Purchase,Debit,166.83,Restaurants,EFTPOS,Purchase - Healthcare,N,2022-12-08
TXN001186,ACC00112,CUST0166,2024-12-03,ATM Withdrawal,Debit,5569.63,Travel,Branch,ATM Withdrawal - Retail,N,2024-12-04
TXN001187,ACC00146,CUST0062,2024-01-24,BPAY,Debit,764.69,Fuel,ATM,BPAY - Retail,N,2024-01-26
TXN001188,ACC00019,CUST0198,2024-11-02,Transfer,Credit,1010.27,Travel,Branch,Transfer - Retail,N,2024-11-04
TXN001189,ACC00137,CUST0067,2022-10-22,Transfer,Credit,2134.03,Fuel,EFTPOS,Transfer - Travel,N,2022-10-22
TXN001190,ACC00022,CUST0002,2022-04-01,Transfer,Credit,4544.35,Utilities,ATM,Transfer - Utilities,N,2022-04-01
TXN001191,ACC00219,CUST0184,2023-06-07,Transfer,Credit,14856.4,Groceries,Mobile App,Transfer - Restaurants,N,2023-06-08
TXN001192,ACC00248,CUST0163,2022-05-16,Transfer,Credit,3287.2,Retail,Mobile App,Transfer - Fuel,N,2022-05-17
TXN001193,ACC00316,CUST0073,2024-02-02,Direct Debit,Debit,12759.06,Entertainment,Branch,Direct Debit - Restaurants,N,2024-02-04
TXN001194,ACC00302,CUST0093,2024-12-01,Refund,Credit,10239.34,Utilities,Internet Banking,Refund - Groceries,N,2024-12-02
TXN001195,ACC00169,CUST0023,2024-11-08,PayID,Credit,4509.23,Travel,Mobile App,PayID - Healthcare,N,2024-11-09
TXN001196,ACC00055,CUST0196,2022-10-31,Refund,Credit,8325.66,Utilities,Internet Banking,Refund - Retail,N,2022-10-31
TXN001197,ACC00278,CUST0115,2024-11-01,PayID,Credit,5445.53,Travel,ATM,PayID - Entertainment,N,2024-11-01
TXN001198,ACC00084,CUST0006,2024-09-12,PayID,Credit,14227.43,Fuel,Branch,PayID - Groceries,N,2024-09-13
TXN001199,ACC00079,CUST0028,2024-04-28,Purchase,Debit,7098.14,Entertainment,Branch,Purchase - Fuel,N,2024-04-29
TXN001200,ACC00252,CUST0033,2024-03-22,ATM Withdrawal,Debit,8826.76,Travel,Internet Banking,ATM Withdrawal - Healthcare,N,2024-03-22
TXN001201,ACC00173,CUST0087,2022-11-23,BPAY,Debit,8970.13,Travel,Mobile App,BPAY - Fuel,N,2022-11-25
TXN001202,ACC00005,CUST0013,2022-11-04,ATM Withdrawal,Debit,8106.02,Fuel,Internet Banking,ATM Withdrawal - Groceries,Y,2022-11-04
TXN001203,ACC00017,CUST0050,2022-10-01,Refund,Credit,4372.05,Entertainment,Branch,Refund - Fuel,N,2022-10-02
TXN001204,ACC00170,CUST0029,2022-07-24,BPAY,Debit,585.09,Fuel,Mobile App,BPAY - Groceries,N,2022-07-24
TXN001205,ACC00088,CUST0136,2024-03-11,ATM Withdrawal,Debit,12363.04,Fuel,Branch,ATM Withdrawal - Healthcare,N,2024-03-13
TXN001206,ACC00037,CUST0197,2023-08-06,ATM Withdrawal,Debit,2080.1,Healthcare,Internet Banking,ATM Withdrawal - Fuel,N,2023-08-06
TXN001207,ACC00146,CUST0062,2022-03-07,Direct Debit,Debit,5901.51,Restaurants,ATM,Direct Debit - Retail,N,2022-03-09
TXN001208,ACC00157,CUST0123,2023-08-25,Refund,Credit,9802.69,Travel,ATM,Refund - Utilities,N,2023-08-26
TXN001209,ACC00342,CUST0133,2023-10-31,ATM Withdrawal,Debit,3159.0,Restaurants,Internet Banking,ATM Withdrawal - Groceries,N,2023-11-02
TXN001210,ACC00061,CUST0145,2022-10-30,ATM Withdrawal,Debit,1616.01,Restaurants,Internet Banking,ATM Withdrawal - Fuel,N,2022-10-31
TXN001211,ACC00164,CUST0069,2023-05-05,ATM Withdrawal,Debit,10779.89,Travel,Mobile App,ATM Withdrawal - Healthcare,N,2023-05-05
TXN001212,ACC00243,CUST0053,2022-03-11,ATM Withdrawal,Debit,5463.78,Utilities,Branch,ATM Withdrawal - Fuel,N,2022-03-12
TXN001213,ACC00200,CUST0107,2023-01-18,ATM Withdrawal,Debit,12187.97,Travel,Branch,ATM Withdrawal - Retail,N,2023-01-19
TXN001214,ACC00217,CUST0143,2023-10-07,Refund,Credit,14371.02,Restaurants,Mobile App,Refund - Restaurants,N,2023-10-08
TXN001215,ACC00048,CUST0049,2024-09-24,Direct Debit,Debit,13132.94,Restaurants,Mobile App,Direct Debit - Restaurants,N,2024-09-26
TXN001216,ACC00254,CUST0071,2023-07-24,PayID,Credit,13609.7,Restaurants,ATM,PayID - Groceries,N,2023-07-26
TXN001217,ACC00185,CUST0170,2023-12-04,Direct Debit,Debit,12003.33,Entertainment,Mobile App,Direct Debit - Fuel,N,2023-12-06
TXN001218,ACC00104,CUST0012,2023-03-09,PayID,Credit,2217.94,Healthcare,EFTPOS,PayID - Travel,N,2023-03-11
TXN001219,ACC00314,CUST0075,2023-02-07,PayID,Credit,6524.63,Groceries,ATM,PayID - Healthcare,N,2023-02-08
TXN001220,ACC00023,CUST0197,2023-08-06,ATM Withdrawal,Debit,4989.75,Fuel,ATM,ATM Withdrawal - Travel,N,2023-08-08
TXN001221,ACC00293,CUST0096,2023-04-18,Refund,Credit,13846.42,Utilities,ATM,Refund - Healthcare,N,2023-04-20
TXN001222,ACC00020,CUST0052,2023-04-15,BPAY,Debit,10026.81,Healthcare,ATM,BPAY - Healthcare,Y,2023-04-15
TXN001223,ACC00021,CUST0172,2023-03-31,ATM Withdrawal,Debit,14280.18,Utilities,ATM,ATM Withdrawal - Groceries,N,2023-03-31
TXN001224,ACC00141,CUST0008,2024-05-03,Refund,Credit,246.13,Healthcare,EFTPOS,Refund - Groceries,N,2024-05-05
TXN001225,ACC00110,CUST0113,2024-12-29,Direct Debit,Debit,9919.67,Fuel,Internet Banking,Direct Debit - Travel,N,2024-12-30
TXN001226,ACC00091,CUST0143,2023-02-15,ATM Withdrawal,Debit,214.16,Fuel,Branch,ATM Withdrawal - Utilities,N,2023-02-15
TXN001227,ACC00051,CUST0081,2022-09-23,PayID,Credit,13966.3,Healthcare,Internet Banking,PayID - Healthcare,N,2022-09-24
TXN001228,ACC00083,CUST0134,2024-05-23,Transfer,Credit,3062.2,Entertainment,Mobile App,Transfer - Healthcare,N,2024-05-25
TXN001229,ACC00281,CUST0153,2022-05-21,Transfer,Credit,1144.31,Fuel,Mobile App,Transfer - Utilities,N,2022-05-22
TXN001230,ACC00092,CUST0035,2022-08-21,Direct Debit,Debit,11473.74,Fuel,EFTPOS,Direct Debit - Retail,N,2022-08-22
TXN001231,ACC00343,CUST0142,2023-07-24,Direct Debit,Debit,11782.67,Fuel,Branch,Direct Debit - Restaurants,N,2023-07-24
TXN001232,ACC00280,CUST0057,2023-05-28,BPAY,Debit,10880.0,Fuel,Mobile App,BPAY - Restaurants,N,2023-05-28
TXN001233,ACC00268,CUST0022,2024-12-31,Refund,Credit,2913.36,Entertainment,Mobile App,Refund - Entertainment,N,2025-01-01
TXN001234,ACC00054,CUST0185,2024-11-15,ATM Withdrawal,Debit,11638.16,Utilities,Internet Banking,ATM Withdrawal - Utilities,N,2024-11-16
TXN001235,ACC00301,CUST0177,2022-05-18,PayID,Credit,14642.08,Utilities,ATM,PayID - Retail,N,2022-05-20
TXN001236,ACC00189,CUST0096,2023-02-12,Purchase,Debit,13499.66,Retail,Internet Banking,Purchase - Groceries,N,2023-02-12
TXN001237,ACC00341,CUST0197,2024-02-02,ATM Withdrawal,Debit,9731.1,Groceries,Branch,ATM Withdrawal - Retail,N,2024-02-02
TXN001238,ACC00305,CUST0021,2024-12-02,Purchase,Debit,8421.62,Restaurants,ATM,Purchase - Retail,N,2024-12-04
TXN001239,ACC00175,CUST0190,2022-09-03,Purchase,Debit,9374.57,Entertainment,Internet Banking,Purchase - Healthcare,N,2022-09-04
TXN001240,ACC00151,CUST0102,2022-03-21,Purchase,Debit,12880.0,Healthcare,Internet Banking,Purchase - Healthcare,N,2022-03-21
TXN001241,ACC00144,CUST0123,2023-11-28,Purchase,Debit,12746.21,Entertainment,Mobile App,Purchase - Retail,N,2023-11-29
TXN001242,ACC00209,CUST0029,2022-02-16,Direct Debit,Debit,393.19,Entertainment,Internet Banking,Direct Debit - Fuel,N,2022-02-18
TXN001243,ACC00309,CUST0168,2022-07-25,Purchase,Debit,5438.62,Healthcare,Branch,Purchase - Entertainment,N,2022-07-25
TXN001244,ACC00296,CUST0098,2023-03-11,Purchase,Debit,8733.84,Utilities,Mobile App,Purchase - Healthcare,N,2023-03-13
TXN001245,ACC00278,CUST0115,2022-06-13,BPAY,Debit,12173.84,Healthcare,EFTPOS,BPAY - Healthcare,N,2022-06-14
TXN001246,ACC00021,CUST0172,2023-10-01,ATM Withdrawal,Debit,13782.66,Fuel,Branch,ATM Withdrawal - Healthcare,N,2023-10-01
TXN001247,ACC00036,CUST0139,2022-07-13,BPAY,Debit,14234.81,Groceries,Mobile App,BPAY - Retail,N,2022-07-14
TXN001248,ACC00208,CUST0103,2022-08-07,BPAY,Debit,3964.97,Utilities,Mobile App,BPAY - Entertainment,N,2022-08-09
TXN001249,ACC00292,CUST0031,2022-08-01,Purchase,Debit,9462.95,Retail,Internet Banking,Purchase - Restaurants,N,2022-08-03
TXN001250,ACC00261,CUST0117,2023-05-04,Purchase,Debit,14844.71,Healthcare,EFTPOS,Purchase - Utilities,N,2023-05-04
TXN001251,ACC00031,CUST0107,2024-05-30,PayID,Credit,3165.9,Travel,Internet Banking,PayID - Healthcare,N,2024-05-31
TXN001252,ACC00303,CUST0200,2024-04-22,Direct Debit,Debit,13661.28,Healthcare,Internet Banking,Direct Debit - Fuel,N,2024-04-23
TXN001253,ACC00332,CUST0157,2024-10-16,Purchase,Debit,22.79,Travel,EFTPOS,Purchase - Utilities,N,2024-10-18
TXN001254,ACC00066,CUST0150,2023-01-13,BPAY,Debit,12216.88,Fuel,Internet Banking,BPAY - Restaurants,N,2023-01-13
TXN001255,ACC00128,CUST0119,2022-04-06,PayID,Credit,10969.06,Travel,Internet Banking,PayID - Utilities,N,2022-04-06
TXN001256,ACC00295,CUST0176,2022-01-06,PayID,Credit,9778.14,Fuel,Mobile App,PayID - Travel,N,2022-01-06
TXN001257,ACC00229,CUST0109,2022-10-23,PayID,Credit,2205.67,Fuel,Branch,PayID - Entertainment,N,2022-10-24
TXN001258,ACC00338,CUST0192,2024-11-28,ATM Withdrawal,Debit,10205.04,Utilities,Internet Banking,ATM Withdrawal - Utilities,N,2024-11-28
TXN001259,ACC00341,CUST0197,2023-05-13,Direct Debit,Debit,7349.21,Travel,Mobile App,Direct Debit - Healthcare,Y,2023-05-14
TXN001260,ACC00082,CUST0076,2022-05-06,Refund,Credit,11721.11,Groceries,ATM,Refund - Healthcare,N,2022-05-06
TXN001261,ACC00148,CUST0145,2022-10-16,Transfer,Credit,4252.41,Travel,Mobile App,Transfer - Retail,N,2022-10-18
TXN001262,ACC00034,CUST0015,2024-07-19,PayID,Credit,5218.3,Utilities,ATM,PayID - Utilities,N,2024-07-20
TXN001263,ACC00245,CUST0162,2024-03-10,ATM Withdrawal,Debit,4045.32,Utilities,ATM,ATM Withdrawal - Restaurants,Y,2024-03-10
TXN001264,ACC00331,CUST0083,2024-09-22,BPAY,Debit,5769.34,Restaurants,Mobile App,BPAY - Healthcare,N,2024-09-24
TXN001265,ACC00131,CUST0183,2022-07-22,PayID,Credit,4077.91,Healthcare,ATM,PayID - Groceries,N,2022-07-22
TXN001266,ACC00124,CUST0012,2023-08-03,Transfer,Credit,3782.23,Restaurants,ATM,Transfer - Groceries,N,2023-08-03
TXN001267,ACC00168,CUST0021,2024-05-09,Purchase,Debit,8519.7,Retail,Internet Banking,Purchase - Restaurants,N,2024-05-10
TXN001268,ACC00218,CUST0088,2023-05-30,Direct Debit,Debit,10440.71,Utilities,ATM,Direct Debit - Entertainment,N,2023-05-31
TXN001269,ACC00320,CUST0015,2023-02-06,Direct Debit,Debit,13353.97,Groceries,Branch,Direct Debit - Entertainment,N,2023-02-06
TXN001270,ACC00273,CUST0090,2023-11-14,ATM Withdrawal,Debit,7397.77,Groceries,Mobile App,ATM Withdrawal - Fuel,N,2023-11-14
TXN001271,ACC00119,CUST0187,2024-04-21,Transfer,Credit,12998.41,Retail,ATM,Transfer - Fuel,N,2024-04-23
TXN001272,ACC00226,CUST0180,2022-10-05,Transfer,Credit,3311.76,Utilities,Branch,Transfer - Fuel,Y,2022-10-05
TXN001273,ACC00301,CUST0177,2024-04-17,Direct Debit,Debit,1805.04,Retail,Internet Banking,Direct Debit - Fuel,N,2024-04-17
TXN001274,ACC00314,CUST0075,2022-09-01,Direct Debit,Debit,1403.56,Utilities,Mobile App,Direct Debit - Retail,N,2022-09-03
TXN001275,ACC00086,CUST0008,2022-01-14,ATM Withdrawal,Debit,13893.5,Utilities,ATM,ATM Withdrawal - Entertainment,N,2022-01-16
TXN001276,ACC00299,CUST0098,2023-04-15,Direct Debit,Debit,13872.24,Groceries,ATM,Direct Debit - Entertainment,N,2023-04-16
TXN001277,ACC00285,CUST0089,2022-12-03,Purchase,Debit,404.46,Groceries,Branch,Purchase - Utilities,N,2022-12-03
TXN001278,ACC00120,CUST0169,2022-04-03,Transfer,Credit,10986.87,Utilities,Internet Banking,Transfer - Restaurants,N,2022-04-03
TXN001279,ACC00339,CUST0047,2024-07-09,Transfer,Credit,3385.15,Groceries,Mobile App,Transfer - Utilities,N,2024-07-10
TXN001280,ACC00222,CUST0028,2022-11-12,Refund,Credit,10319.07,Restaurants,ATM,Refund - Travel,Y,2022-11-13
TXN001281,ACC00018,CUST0082,2024-12-27,Refund,Credit,2627.26,Travel,Mobile App,Refund - Fuel,N,2024-12-27
TXN001282,ACC00038,CUST0168,2022-11-11,ATM Withdrawal,Debit,6226.38,Utilities,Internet Banking,ATM Withdrawal - Healthcare,N,2022-11-13
TXN001283,ACC00285,CUST0089,2024-12-23,BPAY,Debit,14249.55,Entertainment,ATM,BPAY - Restaurants,N,2024-12-25
TXN001284,ACC00273,CUST0090,2023-03-18,ATM Withdrawal,Debit,14304.32,Restaurants,EFTPOS,ATM Withdrawal - Retail,N,2023-03-19
TXN001285,ACC00311,CUST0179,2023-03-15,Refund,Credit,13893.27,Groceries,Internet Banking,Refund - Travel,N,2023-03-17
TXN001286,ACC00239,CUST0144,2022-07-06,Purchase,Debit,13121.0,Restaurants,Mobile App,Purchase - Utilities,N,2022-07-08
TXN001287,ACC00058,CUST0050,2024-09-08,PayID,Credit,5919.71,Restaurants,Mobile App,PayID - Restaurants,N,2024-09-08
TXN001288,ACC00065,CUST0199,2023-05-08,BPAY,Debit,13620.11,Fuel,Internet Banking,BPAY - Fuel,N,2023-05-10
TXN001289,ACC00048,CUST0049,2023-06-16,BPAY,Debit,3917.84,Restaurants,Internet Banking,BPAY - Groceries,N,2023-06-16
TXN001290,ACC00072,CUST0118,2023-03-28,Purchase,Debit,10481.93,Restaurants,EFTPOS,Purchase - Retail,N,2023-03-30
TXN001291,ACC00325,CUST0149,2022-06-14,Direct Debit,Debit,11066.38,Retail,Internet Banking,Direct Debit - Healthcare,N,2022-06-15
TXN001292,ACC00016,CUST0118,2022-03-09,Refund,Credit,11482.43,Groceries,Mobile App,Refund - Groceries,N,2022-03-09
TXN001293,ACC00327,CUST0166,2022-06-16,Transfer,Credit,1240.41,Retail,Mobile App,Transfer - Retail,N,2022-06-18
TXN001294,ACC00332,CUST0157,2024-01-31,PayID,Credit,859.66,Groceries,Internet Banking,PayID - Entertainment,N,2024-02-02
TXN001295,ACC00059,CUST0179,2024-10-29,Refund,Credit,9684.46,Healthcare,Branch,Refund - Restaurants,N,2024-10-29
TXN001296,ACC00308,CUST0141,2024-09-03,BPAY,Debit,4308.47,Fuel,Internet Banking,BPAY - Restaurants,N,2024-09-04
TXN001297,ACC00257,CUST0168,2022-03-28,ATM Withdrawal,Debit,4712.39,Groceries,EFTPOS,ATM Withdrawal - Travel,N,2022-03-28
TXN001298,ACC00307,CUST0170,2022-04-11,Direct Debit,Debit,42.93,Utilities,ATM,Direct Debit - Entertainment,N,2022-04-11
TXN001299,ACC00186,CUST0189,2024-11-22,Transfer,Credit,4126.91,Travel,ATM,Transfer - Fuel,N,2024-11-22
TXN001300,ACC00138,CUST0036,2024-11-13,Direct Debit,Debit,3418.44,Entertainment,Mobile App,Direct Debit - Entertainment,N,2024-11-13
TXN001301,ACC00296,CUST0098,2024-02-08,BPAY,Debit,10944.27,Groceries,ATM,BPAY - Groceries,N,2024-02-08
TXN001302,ACC00211,CUST0125,2024-07-31,Refund,Credit,9271.75,Groceries,EFTPOS,Refund - Restaurants,N,2024-07-31
TXN001303,ACC00138,CUST0036,2022-04-07,Refund,Credit,13922.15,Travel,Branch,Refund - Fuel,N,2022-04-09
TXN001304,ACC00003,CUST0064,2023-06-20,Direct Debit,Debit,9384.05,Restaurants,EFTPOS,Direct Debit - Retail,N,2023-06-20
TXN001305,ACC00265,CUST0107,2023-02-02,Refund,Credit,5671.94,Utilities,EFTPOS,Refund - Fuel,N,2023-02-02
TXN001306,ACC00080,CUST0193,2022-05-15,ATM Withdrawal,Debit,2123.37,Healthcare,Internet Banking,ATM Withdrawal - Healthcare,N,2022-05-15
TXN001307,ACC00011,CUST0182,2023-05-13,Refund,Credit,13191.81,Restaurants,Branch,Refund - Travel,N,2023-05-14
TXN001308,ACC00129,CUST0002,2022-06-18,Purchase,Debit,6930.02,Travel,Branch,Purchase - Travel,N,2022-06-19
TXN001309,ACC00149,CUST0006,2022-03-28,Refund,Credit,2799.65,Utilities,Branch,Refund - Entertainment,N,2022-03-28
TXN001310,ACC00151,CUST0102,2023-01-28,PayID,Credit,14388.32,Groceries,Mobile App,PayID - Retail,N,2023-01-29
TXN001311,ACC00144,CUST0123,2023-08-19,Refund,Credit,7695.19,Groceries,Internet Banking,Refund - Fuel,N,2023-08-21
TXN001312,ACC00257,CUST0168,2024-11-28,Direct Debit,Debit,2677.64,Entertainment,Internet Banking,Direct Debit - Retail,N,2024-11-30
TXN001313,ACC00032,CUST0135,2023-11-28,PayID,Credit,564.08,Groceries,Branch,PayID - Utilities,N,2023-11-28
TXN001314,ACC00107,CUST0055,2023-12-29,BPAY,Debit,2915.74,Healthcare,EFTPOS,BPAY - Entertainment,N,2023-12-29
TXN001315,ACC00203,CUST0092,2023-03-31,Refund,Credit,12100.77,Fuel,Mobile App,Refund - Fuel,N,2023-04-01
TXN001316,ACC00270,CUST0034,2024-08-13,Refund,Credit,10819.05,Fuel,EFTPOS,Refund - Groceries,N,2024-08-13
TXN001317,ACC00124,CUST0012,2022-07-07,Transfer,Credit,9463.47,Retail,Internet Banking,Transfer - Restaurants,N,2022-07-08
TXN001318,ACC00116,CUST0068,2022-03-22,Refund,Credit,13235.86,Groceries,Mobile App,Refund - Fuel,N,2022-03-24
TXN001319,ACC00259,CUST0041,2024-10-14,Direct Debit,Debit,11376.22,Travel,Mobile App,Direct Debit - Retail,N,2024-10-15
TXN001320,ACC00283,CUST0168,2024-12-10,Purchase,Debit,13377.47,Restaurants,Internet Banking,Purchase - Groceries,N,2024-12-10
TXN001321,ACC00301,CUST0177,2022-08-07,ATM Withdrawal,Debit,5019.49,Fuel,EFTPOS,ATM Withdrawal - Restaurants,N,2022-08-09
TXN001322,ACC00007,CUST0099,2023-05-16,Direct Debit,Debit,10326.26,Retail,ATM,Direct Debit - Healthcare,N,2023-05-18
TXN001323,ACC00062,CUST0140,2024-04-30,BPAY,Debit,13750.17,Utilities,ATM,BPAY - Entertainment,N,2024-05-01
TXN001324,ACC00069,CUST0153,2022-04-29,BPAY,Debit,1144.7,Fuel,Mobile App,BPAY - Healthcare,N,2022-04-30
TXN001325,ACC00116,CUST0068,2023-04-19,ATM Withdrawal,Debit,5955.64,Entertainment,Mobile App,ATM Withdrawal - Restaurants,N,2023-04-20
TXN001326,ACC00100,CUST0064,2022-12-16,Transfer,Credit,12224.38,Utilities,EFTPOS,Transfer - Restaurants,N,2022-12-17
TXN001327,ACC00141,CUST0008,2023-11-18,Purchase,Debit,5066.08,Fuel,Branch,Purchase - Groceries,N,2023-11-20
TXN001328,ACC00151,CUST0102,2022-09-24,ATM Withdrawal,Debit,7795.68,Groceries,Branch,ATM Withdrawal - Groceries,N,2022-09-25
TXN001329,ACC00122,CUST0110,2024-10-05,ATM Withdrawal,Debit,14033.95,Travel,Mobile App,ATM Withdrawal - Fuel,N,2024-10-05
TXN001330,ACC00219,CUST0184,2022-02-06,Transfer,Credit,14082.74,Groceries,EFTPOS,Transfer - Utilities,N,2022-02-07
TXN001331,ACC00312,CUST0089,2022-07-01,Refund,Credit,12272.77,Groceries,ATM,Refund - Restaurants,N,2022-07-01
TXN001332,ACC00165,CUST0142,2023-03-12,Transfer,Credit,1500.09,Utilities,Branch,Transfer - Entertainment,N,2023-03-13
TXN001333,ACC00261,CUST0117,2023-01-11,Purchase,Debit,6544.17,Retail,ATM,Purchase - Travel,N,2023-01-13
TXN001334,ACC00074,CUST0123,2023-03-08,Refund,Credit,14758.81,Healthcare,Branch,Refund - Groceries,N,2023-03-09
TXN001335,ACC00284,CUST0133,2022-01-11,ATM Withdrawal,Debit,11907.38,Utilities,Branch,ATM Withdrawal - Healthcare,N,2022-01-13
TXN001336,ACC00282,CUST0050,2024-12-18,Purchase,Debit,2048.29,Utilities,Internet Banking,Purchase - Entertainment,N,2024-12-18
TXN001337,ACC00028,CUST0048,2022-07-29,ATM Withdrawal,Debit,10005.72,Groceries,EFTPOS,ATM Withdrawal - Groceries,N,2022-07-31
TXN001338,ACC00298,CUST0147,2022-05-13,Direct Debit,Debit,12049.49,Restaurants,Mobile App,Direct Debit - Retail,N,2022-05-15
TXN001339,ACC00085,CUST0144,2024-04-05,PayID,Credit,11343.52,Travel,EFTPOS,PayID - Travel,N,2024-04-07
TXN001340,ACC00152,CUST0045,2024-07-23,BPAY,Debit,1345.73,Healthcare,Internet Banking,BPAY - Entertainment,N,2024-07-25
TXN001341,ACC00292,CUST0031,2023-05-24,BPAY,Debit,2204.83,Fuel,Branch,BPAY - Groceries,N,2023-05-25
TXN001342,ACC00292,CUST0031,2023-02-03,Transfer,Credit,14299.37,Fuel,Internet Banking,Transfer - Utilities,N,2023-02-03
TXN001343,ACC00221,CUST0028,2024-04-07,Purchase,Debit,8459.16,Travel,EFTPOS,Purchase - Groceries,N,2024-04-08
TXN001344,ACC00080,CUST0193,2024-03-26,ATM Withdrawal,Debit,9603.95,Travel,Mobile App,ATM Withdrawal - Retail,N,2024-03-26
TXN001345,ACC00159,CUST0181,2023-04-13,Transfer,Credit,7800.39,Entertainment,EFTPOS,Transfer - Entertainment,N,2023-04-15
TXN001346,ACC00071,CUST0112,2022-02-05,Direct Debit,Debit,12539.73,Groceries,Branch,Direct Debit - Travel,N,2022-02-05
TXN001347,ACC00073,CUST0086,2024-06-08,BPAY,Debit,5120.75,Restaurants,ATM,BPAY - Entertainment,N,2024-06-08
TXN001348,ACC00223,CUST0035,2023-06-29,BPAY,Debit,1403.37,Travel,EFTPOS,BPAY - Travel,N,2023-07-01
TXN001349,ACC00038,CUST0168,2023-03-20,ATM Withdrawal,Debit,224.98,Travel,Mobile App,ATM Withdrawal - Restaurants,N,2023-03-22
TXN001350,ACC00161,CUST0093,2023-11-21,Refund,Credit,14707.13,Fuel,Branch,Refund - Utilities,N,2023-11-22
TXN001351,ACC00278,CUST0115,2022-11-02,Refund,Credit,3609.77,Healthcare,EFTPOS,Refund - Healthcare,N,2022-11-02
TXN001352,ACC00016,CUST0118,2022-12-03,Transfer,Credit,7176.78,Groceries,Mobile App,Transfer - Travel,N,2022-12-04
TXN001353,ACC00033,CUST0043,2022-04-23,Refund,Credit,1752.64,Travel,EFTPOS,Refund - Utilities,N,2022-04-25
TXN001354,ACC00099,CUST0035,2023-11-17,Refund,Credit,12353.58,Groceries,Mobile App,Refund - Fuel,N,2023-11-17
TXN001355,ACC00314,CUST0075,2023-07-26,PayID,Credit,1202.49,Fuel,Branch,PayID - Groceries,N,2023-07-26
TXN001356,ACC00323,CUST0065,2024-12-04,BPAY,Debit,2939.3,Retail,ATM,BPAY - Restaurants,N,2024-12-05
TXN001357,ACC00113,CUST0053,2023-07-28,ATM Withdrawal,Debit,4052.55,Retail,ATM,ATM Withdrawal - Healthcare,N,2023-07-28
TXN001358,ACC00230,CUST0074,2022-10-14,Refund,Credit,10890.59,Travel,Internet Banking,Refund - Restaurants,N,2022-10-16
TXN001359,ACC00048,CUST0049,2024-10-04,Refund,Credit,10875.1,Retail,ATM,Refund - Groceries,N,2024-10-06
TXN001360,ACC00309,CUST0168,2022-05-17,Direct Debit,Debit,11536.93,Groceries,ATM,Direct Debit - Healthcare,N,2022-05-17
TXN001361,ACC00102,CUST0188,2023-02-20,Purchase,Debit,6808.54,Restaurants,Branch,Purchase - Entertainment,N,2023-02-20
TXN001362,ACC00104,CUST0012,2023-12-08,ATM Withdrawal,Debit,13737.37,Fuel,ATM,ATM Withdrawal - Fuel,N,2023-12-08
TXN001363,ACC00085,CUST0144,2022-07-28,Transfer,Credit,1179.84,Groceries,ATM,Transfer - Fuel,N,2022-07-29
TXN001364,ACC00122,CUST0110,2024-11-17,Direct Debit,Debit,14693.18,Restaurants,ATM,Direct Debit - Retail,N,2024-11-18
TXN001365,ACC00193,CUST0148,2022-09-06,ATM Withdrawal,Debit,2856.62,Fuel,EFTPOS,ATM Withdrawal - Healthcare,N,2022-09-08
TXN001366,ACC00026,CUST0070,2022-12-12,Direct Debit,Debit,12968.51,Groceries,Internet Banking,Direct Debit - Travel,N,2022-12-12
TXN001367,ACC00049,CUST0063,2024-06-02,Purchase,Debit,4131.6,Utilities,ATM,Purchase - Utilities,N,2024-06-02
TXN001368,ACC00204,CUST0172,2024-08-21,Transfer,Credit,8013.19,Retail,ATM,Transfer - Restaurants,N,2024-08-21
TXN001369,ACC00008,CUST0096,2022-11-27,ATM Withdrawal,Debit,9586.3,Restaurants,Mobile App,ATM Withdrawal - Utilities,N,2022-11-28
TXN001370,ACC00088,CUST0136,2023-11-28,ATM Withdrawal,Debit,11018.49,Retail,Internet Banking,ATM Withdrawal - Travel,N,2023-11-28
TXN001371,ACC00277,CUST0144,2023-05-13,Refund,Credit,13149.77,Restaurants,EFTPOS,Refund - Entertainment,N,2023-05-14
TXN001372,ACC00118,CUST0040,2024-07-09,Purchase,Debit,14396.55,Retail,EFTPOS,Purchase - Travel,N,2024-07-09
TXN001373,ACC00233,CUST0052,2024-09-06,ATM Withdrawal,Debit,10501.97,Retail,Internet Banking,ATM Withdrawal - Travel,N,2024-09-06
TXN001374,ACC00008,CUST0096,2024-01-18,ATM Withdrawal,Debit,11468.28,Restaurants,Mobile App,ATM Withdrawal - Restaurants,N,2024-01-20
TXN001375,ACC00179,CUST0073,2023-11-03,Purchase,Debit,10108.57,Travel,Branch,Purchase - Groceries,N,2023-11-05
TXN001376,ACC00230,CUST0074,2022-08-03,ATM Withdrawal,Debit,10301.53,Restaurants,Mobile App,ATM Withdrawal - Restaurants,N,2022-08-05
TXN001377,ACC00072,CUST0118,2023-11-02,ATM Withdrawal,Debit,8518.44,Groceries,EFTPOS,ATM Withdrawal - Healthcare,N,2023-11-04
TXN001378,ACC00312,CUST0089,2023-08-15,Refund,Credit,11750.46,Groceries,Internet Banking,Refund - Restaurants,N,2023-08-15
TXN001379,ACC00170,CUST0029,2022-03-11,PayID,Credit,14271.05,Utilities,EFTPOS,PayID - Travel,N,2022-03-13
TXN001380,ACC00129,CUST0002,2024-11-05,PayID,Credit,14536.02,Restaurants,Branch,PayID - Entertainment,N,2024-11-07
TXN001381,ACC00263,CUST0133,2022-05-16,Direct Debit,Debit,9709.41,Entertainment,ATM,Direct Debit - Retail,N,2022-05-16
TXN001382,ACC00336,CUST0158,2024-06-22,Transfer,Credit,1375.89,Utilities,EFTPOS,Transfer - Travel,N,2024-06-23
TXN001383,ACC00101,CUST0104,2023-01-18,BPAY,Debit,394.24,Retail,Branch,BPAY - Travel,N,2023-01-20
TXN001384,ACC00033,CUST0043,2024-08-02,BPAY,Debit,7423.98,Retail,ATM,BPAY - Restaurants,N,2024-08-04
TXN001385,ACC00224,CUST0178,2024-11-01,Refund,Credit,7458.89,Restaurants,Internet Banking,Refund - Entertainment,N,2024-11-01
TXN001386,ACC00253,CUST0079,2022-03-20,BPAY,Debit,11858.13,Entertainment,EFTPOS,BPAY - Groceries,N,2022-03-20
TXN001387,ACC00350,CUST0129,2023-05-02,PayID,Credit,5530.85,Healthcare,Mobile App,PayID - Entertainment,N,2023-05-03
TXN001388,ACC00196,CUST0043,2023-11-11,BPAY,Debit,10284.5,Groceries,Mobile App,BPAY - Fuel,N,2023-11-13
TXN001389,ACC00091,CUST0143,2023-12-03,Direct Debit,Debit,12787.37,Healthcare,Internet Banking,Direct Debit - Travel,N,2023-12-04
TXN001390,ACC00101,CUST0104,2022-10-15,Refund,Credit,5295.95,Healthcare,Internet Banking,Refund - Utilities,N,2022-10-15
TXN001391,ACC00350,CUST0129,2024-12-26,Refund,Credit,11090.67,Healthcare,ATM,Refund - Utilities,N,2024-12-26
TXN001392,ACC00280,CUST0057,2022-07-31,Transfer,Credit,5103.45,Healthcare,Mobile App,Transfer - Entertainment,N,2022-08-01
TXN001393,ACC00248,CUST0163,2022-12-31,Direct Debit,Debit,13709.39,Travel,Internet Banking,Direct Debit - Restaurants,N,2023-01-02
TXN001394,ACC00114,CUST0127,2023-04-01,BPAY,Debit,5150.53,Entertainment,Mobile App,BPAY - Utilities,N,2023-04-03
TXN001395,ACC00055,CUST0196,2024-03-12,Purchase,Debit,5539.1,Retail,EFTPOS,Purchase - Healthcare,N,2024-03-14
TXN001396,ACC00167,CUST0038,2022-02-02,Refund,Credit,9148.65,Retail,Branch,Refund - Healthcare,N,2022-02-02
TXN001397,ACC00157,CUST0123,2022-09-03,BPAY,Debit,13166.37,Fuel,Mobile App,BPAY - Retail,N,2022-09-03
TXN001398,ACC00025,CUST0077,2023-02-12,PayID,Credit,7823.62,Entertainment,EFTPOS,PayID - Utilities,N,2023-02-12
TXN001399,ACC00045,CUST0105,2024-01-16,Direct Debit,Debit,3153.58,Fuel,Branch,Direct Debit - Healthcare,N,2024-01-17
TXN001400,ACC00168,CUST0021,2023-02-19,PayID,Credit,1609.23,Restaurants,Branch,PayID - Utilities,N,2023-02-20
TXN001401,ACC00269,CUST0160,2022-07-19,ATM Withdrawal,Debit,3572.99,Retail,Branch,ATM Withdrawal - Groceries,Y,2022-07-21
TXN001402,ACC00137,CUST0067,2022-11-03,PayID,Credit,10457.19,Fuel,Branch,PayID - Fuel,Y,2022-11-04
TXN001403,ACC00091,CUST0143,2024-07-24,BPAY,Debit,5744.6,Fuel,EFTPOS,BPAY - Retail,N,2024-07-26
TXN001404,ACC00068,CUST0034,2024-09-05,Direct Debit,Debit,101.89,Restaurants,Internet Banking,Direct Debit - Entertainment,N,2024-09-05
TXN001405,ACC00170,CUST0029,2024-05-26,Direct Debit,Debit,6241.83,Travel,ATM,Direct Debit - Retail,N,2024-05-26
TXN001406,ACC00071,CUST0112,2024-10-06,BPAY,Debit,10591.82,Entertainment,Branch,BPAY - Entertainment,N,2024-10-07
TXN001407,ACC00187,CUST0172,2023-10-12,Refund,Credit,11814.33,Healthcare,Internet Banking,Refund - Restaurants,N,2023-10-14
TXN001408,ACC00061,CUST0145,2022-06-19,ATM Withdrawal,Debit,12186.46,Entertainment,Mobile App,ATM Withdrawal - Restaurants,N,2022-06-19
TXN001409,ACC00021,CUST0172,2022-03-29,Direct Debit,Debit,2339.99,Entertainment,Internet Banking,Direct Debit - Utilities,N,2022-03-29
TXN001410,ACC00068,CUST0034,2022-08-26,Refund,Credit,11989.88,Entertainment,Mobile App,Refund - Utilities,Y,2022-08-27
TXN001411,ACC00247,CUST0073,2022-03-11,PayID,Credit,7827.28,Travel,EFTPOS,PayID - Restaurants,N,2022-03-12
TXN001412,ACC00156,CUST0013,2023-08-06,BPAY,Debit,12766.98,Travel,ATM,BPAY - Retail,N,2023-08-08
TXN001413,ACC00114,CUST0127,2024-05-16,PayID,Credit,6735.62,Retail,Branch,PayID - Travel,N,2024-05-16
TXN001414,ACC00067,CUST0163,2024-01-21,PayID,Credit,12689.6,Restaurants,Branch,PayID - Healthcare,N,2024-01-21
TXN001415,ACC00270,CUST0034,2023-03-24,Transfer,Credit,12080.97,Fuel,Internet Banking,Transfer - Utilities,N,2023-03-24
TXN001416,ACC00103,CUST0127,2022-10-21,PayID,Credit,13180.08,Groceries,Branch,PayID - Fuel,N,2022-10-23
TXN001417,ACC00005,CUST0013,2022-07-04,ATM Withdrawal,Debit,7794.34,Healthcare,ATM,ATM Withdrawal - Restaurants,N,2022-07-06
TXN001418,ACC00238,CUST0090,2023-12-08,Transfer,Credit,364.36,Retail,ATM,Transfer - Fuel,N,2023-12-08
TXN001419,ACC00093,CUST0126,2023-12-18,Direct Debit,Debit,7201.71,Healthcare,Branch,Direct Debit - Healthcare,N,2023-12-19
TXN001420,ACC00080,CUST0193,2022-03-08,BPAY,Debit,4882.19,Fuel,EFTPOS,BPAY - Retail,N,2022-03-10
TXN001421,ACC00284,CUST0133,2023-05-09,ATM Withdrawal,Debit,10943.61,Groceries,EFTPOS,ATM Withdrawal - Restaurants,N,2023-05-09
TXN001422,ACC00331,CUST0083,2024-08-18,ATM Withdrawal,Debit,2634.06,Utilities,Internet Banking,ATM Withdrawal - Retail,N,2024-08-20
TXN001423,ACC00112,CUST0166,2023-01-17,Purchase,Debit,14350.41,Entertainment,Internet Banking,Purchase - Restaurants,N,2023-01-19
TXN001424,ACC00315,CUST0097,2023-03-15,Transfer,Credit,11115.18,Fuel,ATM,Transfer - Entertainment,N,2023-03-17
TXN001425,ACC00039,CUST0077,2023-09-13,BPAY,Debit,3544.84,Restaurants,Internet Banking,BPAY - Restaurants,N,2023-09-14
TXN001426,ACC00126,CUST0046,2023-02-21,Direct Debit,Debit,4803.74,Healthcare,ATM,Direct Debit - Fuel,N,2023-02-23
TXN001427,ACC00238,CUST0090,2024-10-06,Refund,Credit,3283.77,Travel,Branch,Refund - Utilities,N,2024-10-08
TXN001428,ACC00171,CUST0074,2023-06-19,BPAY,Debit,12981.63,Retail,EFTPOS,BPAY - Fuel,N,2023-06-20
TXN001429,ACC00310,CUST0008,2024-06-17,BPAY,Debit,41.32,Restaurants,ATM,BPAY - Fuel,N,2024-06-18
TXN001430,ACC00127,CUST0084,2024-08-17,ATM Withdrawal,Debit,11396.42,Fuel,Internet Banking,ATM Withdrawal - Retail,N,2024-08-18
TXN001431,ACC00071,CUST0112,2024-11-28,Transfer,Credit,3646.16,Groceries,Mobile App,Transfer - Restaurants,N,2024-11-29
TXN001432,ACC00028,CUST0048,2023-01-21,Purchase,Debit,2599.82,Healthcare,EFTPOS,Purchase - Retail,N,2023-01-23
TXN001433,ACC00239,CUST0144,2024-11-28,Refund,Credit,7552.41,Retail,Branch,Refund - Utilities,N,2024-11-30
TXN001434,ACC00191,CUST0052,2024-11-19,Transfer,Credit,5361.11,Travel,Mobile App,Transfer - Groceries,N,2024-11-20
TXN001435,ACC00155,CUST0182,2023-04-29,PayID,Credit,13838.25,Fuel,EFTPOS,PayID - Entertainment,N,2023-04-29
TXN001436,ACC00178,CUST0153,2022-11-30,Refund,Credit,14311.46,Fuel,Mobile App,Refund - Restaurants,N,2022-11-30
TXN001437,ACC00301,CUST0177,2023-12-15,Purchase,Debit,9960.46,Healthcare,Internet Banking,Purchase - Retail,N,2023-12-17
TXN001438,ACC00262,CUST0068,2023-01-30,Refund,Credit,851.27,Utilities,Mobile App,Refund - Travel,N,2023-01-30
TXN001439,ACC00108,CUST0109,2024-10-20,Purchase,Debit,1394.85,Restaurants,ATM,Purchase - Groceries,N,2024-10-22
TXN001440,ACC00078,CUST0115,2022-08-25,Purchase,Debit,3109.48,Retail,ATM,Purchase - Retail,N,2022-08-25
TXN001441,ACC00028,CUST0048,2022-08-24,PayID,Credit,9087.95,Fuel,Mobile App,PayID - Fuel,N,2022-08-24
TXN001442,ACC00067,CUST0163,2023-01-06,BPAY,Debit,628.72,Groceries,ATM,BPAY - Restaurants,N,2023-01-08
TXN001443,ACC00271,CUST0154,2024-06-15,Transfer,Credit,13986.1,Utilities,Mobile App,Transfer - Healthcare,N,2024-06-16
TXN001444,ACC00195,CUST0174,2023-11-22,Purchase,Debit,3126.82,Restaurants,ATM,Purchase - Healthcare,N,2023-11-22
TXN001445,ACC00077,CUST0173,2023-08-01,Purchase,Debit,2642.88,Healthcare,Mobile App,Purchase - Travel,N,2023-08-01
TXN001446,ACC00173,CUST0087,2022-01-18,Direct Debit,Debit,8646.87,Restaurants,Internet Banking,Direct Debit - Healthcare,N,2022-01-18
TXN001447,ACC00303,CUST0200,2023-02-01,Direct Debit,Debit,10509.68,Entertainment,ATM,Direct Debit - Fuel,N,2023-02-03
TXN001448,ACC00336,CUST0158,2022-01-03,Transfer,Credit,12080.63,Entertainment,Internet Banking,Transfer - Retail,N,2022-01-03
TXN001449,ACC00118,CUST0040,2024-07-18,Direct Debit,Debit,1780.64,Utilities,ATM,Direct Debit - Entertainment,N,2024-07-20
TXN001450,ACC00188,CUST0186,2024-03-04,Transfer,Credit,4604.87,Utilities,Mobile App,Transfer - Healthcare,N,2024-03-06
TXN001451,ACC00080,CUST0193,2022-02-22,ATM Withdrawal,Debit,2113.55,Groceries,ATM,ATM Withdrawal - Fuel,N,2022-02-22
TXN001452,ACC00246,CUST0194,2023-04-18,Direct Debit,Debit,8363.37,Groceries,Internet Banking,Direct Debit - Groceries,N,2023-04-20
TXN001453,ACC00044,CUST0161,2024-06-02,BPAY,Debit,6393.56,Groceries,ATM,BPAY - Utilities,N,2024-06-03
TXN001454,ACC00272,CUST0199,2022-08-08,Direct Debit,Debit,5136.51,Restaurants,Mobile App,Direct Debit - Utilities,N,2022-08-09
TXN001455,ACC00017,CUST0050,2023-05-27,Purchase,Debit,880.66,Entertainment,ATM,Purchase - Retail,N,2023-05-29
TXN001456,ACC00232,CUST0178,2024-01-25,Refund,Credit,6348.41,Healthcare,EFTPOS,Refund - Fuel,N,2024-01-27
TXN001457,ACC00347,CUST0163,2023-12-14,ATM Withdrawal,Debit,5580.18,Restaurants,Internet Banking,ATM Withdrawal - Healthcare,N,2023-12-14
TXN001458,ACC00071,CUST0112,2023-05-30,Purchase,Debit,6926.73,Fuel,Mobile App,Purchase - Groceries,N,2023-06-01
TXN001459,ACC00063,CUST0020,2022-03-21,Refund,Credit,3109.08,Travel,EFTPOS,Refund - Utilities,N,2022-03-22
TXN001460,ACC00142,CUST0158,2022-07-04,ATM Withdrawal,Debit,7335.27,Groceries,EFTPOS,ATM Withdrawal - Groceries,N,2022-07-06
TXN001461,ACC00344,CUST0150,2024-01-21,Transfer,Credit,6716.97,Groceries,Mobile App,Transfer - Entertainment,N,2024-01-22
TXN001462,ACC00044,CUST0161,2023-02-05,ATM Withdrawal,Debit,7625.94,Retail,Mobile App,ATM Withdrawal - Utilities,N,2023-02-07
TXN001463,ACC00118,CUST0040,2023-11-12,Purchase,Debit,1196.53,Healthcare,Branch,Purchase - Healthcare,N,2023-11-12
TXN001464,ACC00206,CUST0093,2022-12-25,Transfer,Credit,1713.97,Groceries,Mobile App,Transfer - Travel,N,2022-12-27
TXN001465,ACC00271,CUST0154,2023-12-29,PayID,Credit,6702.85,Travel,EFTPOS,PayID - Healthcare,N,2023-12-29
TXN001466,ACC00062,CUST0140,2022-01-12,PayID,Credit,5007.11,Utilities,EFTPOS,PayID - Travel,N,2022-01-13
TXN001467,ACC00131,CUST0183,2024-06-14,ATM Withdrawal,Debit,13344.66,Restaurants,Mobile App,ATM Withdrawal - Entertainment,N,2024-06-16
TXN001468,ACC00124,CUST0012,2022-10-11,ATM Withdrawal,Debit,10492.46,Groceries,Mobile App,ATM Withdrawal - Groceries,N,2022-10-12
TXN001469,ACC00213,CUST0170,2024-05-21,Direct Debit,Debit,1503.41,Groceries,Mobile App,Direct Debit - Fuel,N,2024-05-23
TXN001470,ACC00249,CUST0002,2024-08-15,Direct Debit,Debit,1865.73,Groceries,Mobile App,Direct Debit - Healthcare,N,2024-08-17
TXN001471,ACC00283,CUST0168,2022-05-20,BPAY,Debit,12308.39,Healthcare,EFTPOS,BPAY - Groceries,N,2022-05-22
TXN001472,ACC00034,CUST0015,2023-10-11,Purchase,Debit,11767.08,Healthcare,EFTPOS,Purchase - Groceries,N,2023-10-12
TXN001473,ACC00332,CUST0157,2024-10-14,ATM Withdrawal,Debit,13938.99,Retail,Internet Banking,ATM Withdrawal - Fuel,N,2024-10-16
TXN001474,ACC00225,CUST0108,2022-09-04,ATM Withdrawal,Debit,12205.17,Healthcare,Mobile App,ATM Withdrawal - Travel,N,2022-09-04
TXN001475,ACC00077,CUST0173,2023-03-19,Purchase,Debit,7274.85,Retail,ATM,Purchase - Healthcare,N,2023-03-19
TXN001476,ACC00166,CUST0122,2024-06-13,PayID,Credit,2746.05,Healthcare,EFTPOS,PayID - Fuel,N,2024-06-14
TXN001477,ACC00008,CUST0096,2022-05-18,Direct Debit,Debit,10672.59,Restaurants,ATM,Direct Debit - Restaurants,Y,2022-05-19
TXN001478,ACC00027,CUST0076,2024-11-21,BPAY,Debit,6911.67,Restaurants,Mobile App,BPAY - Fuel,N,2024-11-21
TXN001479,ACC00339,CUST0047,2022-02-26,PayID,Credit,9462.74,Healthcare,Mobile App,PayID - Fuel,N,2022-02-28
TXN001480,ACC00315,CUST0097,2024-11-16,Refund,Credit,8932.51,Retail,Internet Banking,Refund - Fuel,N,2024-11-17
TXN001481,ACC00012,CUST0153,2024-10-28,Direct Debit,Debit,9389.78,Groceries,Mobile App,Direct Debit - Travel,N,2024-10-29
TXN001482,ACC00274,CUST0049,2022-10-11,Purchase,Debit,2411.58,Retail,Branch,Purchase - Utilities,N,2022-10-12
TXN001483,ACC00260,CUST0057,2024-02-05,Purchase,Debit,6565.58,Restaurants,Mobile App,Purchase - Groceries,N,2024-02-05
TXN001484,ACC00215,CUST0130,2024-08-29,PayID,Credit,4803.65,Fuel,Internet Banking,PayID - Utilities,N,2024-08-29
TXN001485,ACC00154,CUST0164,2024-04-05,PayID,Credit,1373.46,Fuel,Internet Banking,PayID - Retail,N,2024-04-07
TXN001486,ACC00139,CUST0022,2022-12-05,ATM Withdrawal,Debit,8998.93,Restaurants,ATM,ATM Withdrawal - Travel,N,2022-12-07
TXN001487,ACC00245,CUST0162,2022-04-13,BPAY,Debit,4007.75,Entertainment,Internet Banking,BPAY - Fuel,N,2022-04-13
TXN001488,ACC00298,CUST0147,2024-05-17,ATM Withdrawal,Debit,1688.28,Groceries,ATM,ATM Withdrawal - Utilities,N,2024-05-18
TXN001489,ACC00346,CUST0021,2023-04-05,ATM Withdrawal,Debit,5000.27,Entertainment,Mobile App,ATM Withdrawal - Retail,N,2023-04-07
TXN001490,ACC00344,CUST0150,2024-03-26,PayID,Credit,2726.7,Groceries,EFTPOS,PayID - Travel,N,2024-03-27
TXN001491,ACC00313,CUST0134,2024-02-10,Transfer,Credit,5756.58,Healthcare,EFTPOS,Transfer - Travel,Y,2024-02-11
TXN001492,ACC00262,CUST0068,2023-10-02,ATM Withdrawal,Debit,2276.19,Groceries,Internet Banking,ATM Withdrawal - Entertainment,N,2023-10-02
TXN001493,ACC00082,CUST0076,2023-12-30,Transfer,Credit,8700.38,Travel,Branch,Transfer - Restaurants,Y,2024-01-01
TXN001494,ACC00114,CUST0127,2023-06-29,BPAY,Debit,8019.8,Utilities,EFTPOS,BPAY - Groceries,N,2023-06-29
TXN001495,ACC00133,CUST0075,2024-03-20,Refund,Credit,7193.37,Retail,EFTPOS,Refund - Fuel,N,2024-03-22
TXN001496,ACC00033,CUST0043,2022-07-02,Transfer,Credit,4499.2,Fuel,EFTPOS,Transfer - Utilities,N,2022-07-04
TXN001497,ACC00328,CUST0011,2022-12-01,Refund,Credit,14978.69,Utilities,ATM,Refund - Fuel,N,2022-12-02
TXN001498,ACC00209,CUST0029,2022-01-01,Transfer,Credit,5126.59,Groceries,Branch,Transfer - Entertainment,N,2022-01-01
TXN001499,ACC00206,CUST0093,2023-11-12,PayID,Credit,11696.6,Groceries,Internet Banking,PayID - Entertainment,N,2023-11-13
TXN001500,ACC00155,CUST0182,2024-10-11,Purchase,Debit,2170.52,Fuel,ATM,Purchase - Entertainment,N,2024-10-11
TXN001501,ACC00149,CUST0006,2023-07-15,BPAY,Debit,424.8,Travel,ATM,BPAY - Fuel,N,2023-07-17
TXN001502,ACC00248,CUST0163,2022-05-14,Transfer,Credit,11586.23,Healthcare,EFTPOS,Transfer - Groceries,N,2022-05-16
TXN001503,ACC00002,CUST0082,2024-03-31,BPAY,Debit,6926.41,Restaurants,Mobile App,BPAY - Healthcare,N,2024-04-01
TXN001504,ACC00212,CUST0172,2024-11-24,Purchase,Debit,12717.02,Utilities,Branch,Purchase - Restaurants,N,2024-11-26
TXN001505,ACC00193,CUST0148,2023-06-27,BPAY,Debit,8189.18,Utilities,EFTPOS,BPAY - Travel,N,2023-06-29
TXN001506,ACC00226,CUST0180,2023-10-01,ATM Withdrawal,Debit,13954.72,Healthcare,Mobile App,ATM Withdrawal - Entertainment,N,2023-10-02
TXN001507,ACC00161,CUST0093,2022-04-11,BPAY,Debit,1660.58,Restaurants,EFTPOS,BPAY - Restaurants,N,2022-04-13
TXN001508,ACC00245,CUST0162,2024-01-10,ATM Withdrawal,Debit,3696.7,Groceries,Branch,ATM Withdrawal - Fuel,N,2024-01-10
TXN001509,ACC00217,CUST0143,2022-05-07,BPAY,Debit,3406.81,Travel,Internet Banking,BPAY - Travel,N,2022-05-08
TXN001510,ACC00332,CUST0157,2022-09-15,BPAY,Debit,1501.02,Healthcare,Branch,BPAY - Entertainment,N,2022-09-16
TXN001511,ACC00249,CUST0002,2022-01-16,BPAY,Debit,738.23,Healthcare,Internet Banking,BPAY - Healthcare,N,2022-01-18
TXN001512,ACC00129,CUST0002,2023-01-02,ATM Withdrawal,Debit,705.33,Travel,Branch,ATM Withdrawal - Travel,N,2023-01-03
TXN001513,ACC00026,CUST0070,2023-11-01,Direct Debit,Debit,11837.88,Restaurants,Mobile App,Direct Debit - Healthcare,N,2023-11-02
TXN001514,ACC00251,CUST0166,2024-06-26,Purchase,Debit,5099.41,Retail,Branch,Purchase - Entertainment,N,2024-06-26
TXN001515,ACC00260,CUST0057,2022-03-01,Transfer,Credit,6377.85,Entertainment,Branch,Transfer - Travel,N,2022-03-01
TXN001516,ACC00325,CUST0149,2023-01-13,Direct Debit,Debit,11556.6,Healthcare,Mobile App,Direct Debit - Fuel,N,2023-01-14
TXN001517,ACC00310,CUST0008,2023-12-12,Purchase,Debit,3434.3,Groceries,ATM,Purchase - Restaurants,N,2023-12-12
TXN001518,ACC00090,CUST0096,2022-11-08,Refund,Credit,4412.39,Retail,ATM,Refund - Retail,N,2022-11-09
TXN001519,ACC00160,CUST0105,2024-04-01,Direct Debit,Debit,2015.91,Fuel,ATM,Direct Debit - Groceries,N,2024-04-01
TXN001520,ACC00144,CUST0123,2022-07-24,Refund,Credit,1385.41,Healthcare,EFTPOS,Refund - Travel,N,2022-07-24
TXN001521,ACC00275,CUST0105,2022-01-31,BPAY,Debit,1626.11,Travel,ATM,BPAY - Retail,N,2022-01-31
TXN001522,ACC00101,CUST0104,2022-06-12,BPAY,Debit,2594.16,Entertainment,ATM,BPAY - Groceries,N,2022-06-13
TXN001523,ACC00229,CUST0109,2022-10-04,ATM Withdrawal,Debit,14913.25,Healthcare,Internet Banking,ATM Withdrawal - Travel,N,2022-10-06
TXN001524,ACC00057,CUST0138,2022-12-04,BPAY,Debit,803.01,Healthcare,Internet Banking,BPAY - Retail,N,2022-12-05
TXN001525,ACC00178,CUST0153,2024-03-01,BPAY,Debit,12996.11,Groceries,ATM,BPAY - Entertainment,N,2024-03-03
TXN001526,ACC00087,CUST0148,2024-01-25,BPAY,Debit,14751.03,Restaurants,Branch,BPAY - Restaurants,N,2024-01-27
TXN001527,ACC00120,CUST0169,2024-10-28,Direct Debit,Debit,4865.16,Entertainment,Branch,Direct Debit - Groceries,Y,2024-10-29
TXN001528,ACC00131,CUST0183,2023-09-18,Direct Debit,Debit,9792.67,Retail,Branch,Direct Debit - Restaurants,N,2023-09-18
TXN001529,ACC00058,CUST0050,2022-10-14,Transfer,Credit,14167.02,Retail,Branch,Transfer - Retail,N,2022-10-16
TXN001530,ACC00044,CUST0161,2024-07-12,Refund,Credit,6576.39,Travel,Internet Banking,Refund - Utilities,N,2024-07-14
TXN001531,ACC00329,CUST0083,2022-12-07,Purchase,Debit,7339.79,Utilities,EFTPOS,Purchase - Travel,N,2022-12-07
TXN001532,ACC00244,CUST0019,2023-12-26,PayID,Credit,10713.54,Groceries,Mobile App,PayID - Travel,N,2023-12-26
TXN001533,ACC00131,CUST0183,2023-11-05,Transfer,Credit,10721.66,Groceries,ATM,Transfer - Utilities,N,2023-11-07
TXN001534,ACC00258,CUST0102,2022-10-24,Transfer,Credit,4002.21,Entertainment,Internet Banking,Transfer - Healthcare,Y,2022-10-26
TXN001535,ACC00325,CUST0149,2022-08-01,PayID,Credit,7721.02,Travel,ATM,PayID - Retail,N,2022-08-03
TXN001536,ACC00035,CUST0006,2024-05-20,Transfer,Credit,5180.76,Healthcare,Branch,Transfer - Healthcare,N,2024-05-21
TXN001537,ACC00134,CUST0052,2023-06-21,Refund,Credit,6413.03,Utilities,EFTPOS,Refund - Entertainment,N,2023-06-22
TXN001538,ACC00309,CUST0168,2023-03-22,Refund,Credit,6755.6,Fuel,Mobile App,Refund - Entertainment,N,2023-03-24
TXN001539,ACC00064,CUST0177,2022-10-29,BPAY,Debit,8049.93,Healthcare,EFTPOS,BPAY - Travel,N,2022-10-31
TXN001540,ACC00297,CUST0094,2024-05-21,BPAY,Debit,14822.59,Restaurants,EFTPOS,BPAY - Groceries,N,2024-05-22
TXN001541,ACC00247,CUST0073,2022-09-30,Purchase,Debit,12562.82,Healthcare,ATM,Purchase - Restaurants,N,2022-09-30
TXN001542,ACC00019,CUST0198,2022-07-03,BPAY,Debit,12927.86,Travel,Branch,BPAY - Restaurants,N,2022-07-03
TXN001543,ACC00286,CUST0144,2023-04-09,Transfer,Credit,8886.3,Utilities,Internet Banking,Transfer - Fuel,N,2023-04-09
TXN001544,ACC00331,CUST0083,2024-10-20,Refund,Credit,452.22,Restaurants,EFTPOS,Refund - Utilities,N,2024-10-22
TXN001545,ACC00264,CUST0059,2022-04-12,BPAY,Debit,10675.65,Utilities,Internet Banking,BPAY - Restaurants,N,2022-04-12
TXN001546,ACC00008,CUST0096,2023-01-15,Purchase,Debit,3451.06,Groceries,Mobile App,Purchase - Travel,N,2023-01-16
TXN001547,ACC00059,CUST0179,2022-04-03,BPAY,Debit,13650.7,Retail,ATM,BPAY - Fuel,Y,2022-04-03
TXN001548,ACC00152,CUST0045,2023-01-23,Refund,Credit,5590.7,Fuel,Branch,Refund - Groceries,N,2023-01-23
TXN001549,ACC00284,CUST0133,2023-08-16,PayID,Credit,13928.41,Utilities,Mobile App,PayID - Groceries,N,2023-08-17
TXN001550,ACC00216,CUST0023,2022-10-11,Direct Debit,Debit,2925.62,Travel,EFTPOS,Direct Debit - Entertainment,N,2022-10-11
TXN001551,ACC00018,CUST0082,2022-01-08,Refund,Credit,2979.14,Groceries,ATM,Refund - Travel,N,2022-01-08
TXN001552,ACC00190,CUST0121,2023-07-26,PayID,Credit,14151.93,Travel,ATM,PayID - Fuel,N,2023-07-28
TXN001553,ACC00024,CUST0046,2024-06-11,PayID,Credit,6493.33,Travel,ATM,PayID - Healthcare,N,2024-06-11
TXN001554,ACC00332,CUST0157,2024-03-15,Direct Debit,Debit,13742.18,Fuel,Mobile App,Direct Debit - Utilities,N,2024-03-15
TXN001555,ACC00229,CUST0109,2023-10-26,BPAY,Debit,1509.47,Healthcare,EFTPOS,BPAY - Retail,N,2023-10-28
TXN001556,ACC00008,CUST0096,2024-01-23,Refund,Credit,11595.31,Utilities,ATM,Refund - Travel,N,2024-01-24
TXN001557,ACC00284,CUST0133,2022-10-16,PayID,Credit,5669.43,Travel,Internet Banking,PayID - Travel,N,2022-10-16
TXN001558,ACC00271,CUST0154,2023-04-25,BPAY,Debit,8099.49,Fuel,ATM,BPAY - Retail,N,2023-04-25
TXN001559,ACC00187,CUST0172,2022-03-04,BPAY,Debit,5565.57,Travel,Internet Banking,BPAY - Entertainment,N,2022-03-04
TXN001560,ACC00292,CUST0031,2024-07-19,Purchase,Debit,13451.99,Utilities,Internet Banking,Purchase - Groceries,N,2024-07-19
TXN001561,ACC00221,CUST0028,2024-01-05,PayID,Credit,6818.83,Restaurants,ATM,PayID - Groceries,N,2024-01-05
TXN001562,ACC00284,CUST0133,2022-01-12,BPAY,Debit,11416.03,Entertainment,Internet Banking,BPAY - Fuel,N,2022-01-13
TXN001563,ACC00172,CUST0037,2024-11-11,Purchase,Debit,4716.0,Retail,ATM,Purchase - Retail,N,2024-11-11
TXN001564,ACC00344,CUST0150,2022-10-10,ATM Withdrawal,Debit,7324.68,Restaurants,Mobile App,ATM Withdrawal - Fuel,N,2022-10-12
TXN001565,ACC00283,CUST0168,2022-10-24,BPAY,Debit,4205.68,Travel,Internet Banking,BPAY - Travel,N,2022-10-24
TXN001566,ACC00073,CUST0086,2024-09-04,BPAY,Debit,5014.68,Fuel,ATM,BPAY - Groceries,N,2024-09-05
TXN001567,ACC00188,CUST0186,2023-06-30,Purchase,Debit,13743.8,Entertainment,Branch,Purchase - Entertainment,N,2023-06-30
TXN001568,ACC00164,CUST0069,2024-06-10,Transfer,Credit,11692.75,Groceries,EFTPOS,Transfer - Restaurants,N,2024-06-11
TXN001569,ACC00255,CUST0045,2022-01-01,Purchase,Debit,10654.89,Groceries,Mobile App,Purchase - Travel,N,2022-01-03
TXN001570,ACC00176,CUST0035,2024-04-19,Purchase,Debit,4127.36,Retail,Internet Banking,Purchase - Utilities,N,2024-04-20
TXN001571,ACC00241,CUST0132,2022-12-30,BPAY,Debit,7546.98,Entertainment,Branch,BPAY - Groceries,N,2022-12-31
TXN001572,ACC00267,CUST0015,2024-11-24,PayID,Credit,2742.34,Healthcare,ATM,PayID - Utilities,N,2024-11-25
TXN001573,ACC00038,CUST0168,2024-03-08,BPAY,Debit,14124.02,Entertainment,Mobile App,BPAY - Retail,N,2024-03-09
TXN001574,ACC00288,CUST0067,2022-05-01,BPAY,Debit,1372.91,Entertainment,Mobile App,BPAY - Restaurants,N,2022-05-01
TXN001575,ACC00337,CUST0186,2022-06-26,ATM Withdrawal,Debit,4725.44,Fuel,Mobile App,ATM Withdrawal - Entertainment,N,2022-06-27
TXN001576,ACC00028,CUST0048,2022-10-06,Purchase,Debit,2994.94,Retail,Mobile App,Purchase - Travel,N,2022-10-08
TXN001577,ACC00008,CUST0096,2022-01-10,Direct Debit,Debit,14354.76,Fuel,EFTPOS,Direct Debit - Healthcare,N,2022-01-11
TXN001578,ACC00151,CUST0102,2023-04-10,Transfer,Credit,12161.11,Retail,ATM,Transfer - Utilities,N,2023-04-11
TXN001579,ACC00177,CUST0093,2022-09-27,Direct Debit,Debit,8928.07,Retail,Mobile App,Direct Debit - Travel,N,2022-09-27
TXN001580,ACC00320,CUST0015,2024-11-20,ATM Withdrawal,Debit,13885.51,Utilities,Branch,ATM Withdrawal - Fuel,N,2024-11-22
TXN001581,ACC00037,CUST0197,2022-03-14,Purchase,Debit,3868.0,Restaurants,Branch,Purchase - Travel,N,2022-03-14
TXN001582,ACC00036,CUST0139,2024-08-17,Transfer,Credit,13386.14,Entertainment,ATM,Transfer - Healthcare,N,2024-08-17
TXN001583,ACC00173,CUST0087,2022-11-07,Purchase,Debit,6310.73,Travel,Branch,Purchase - Travel,Y,2022-11-08
TXN001584,ACC00230,CUST0074,2023-02-01,Transfer,Credit,8824.7,Healthcare,Branch,Transfer - Utilities,N,2023-02-01
TXN001585,ACC00163,CUST0024,2023-04-12,Refund,Credit,5739.99,Healthcare,ATM,Refund - Restaurants,N,2023-04-13
TXN001586,ACC00172,CUST0037,2022-04-19,ATM Withdrawal,Debit,6683.3,Healthcare,Mobile App,ATM Withdrawal - Travel,N,2022-04-21
TXN001587,ACC00172,CUST0037,2023-12-23,ATM Withdrawal,Debit,1201.84,Restaurants,Internet Banking,ATM Withdrawal - Restaurants,N,2023-12-23
TXN001588,ACC00305,CUST0021,2022-03-11,Direct Debit,Debit,8113.09,Entertainment,Mobile App,Direct Debit - Groceries,N,2022-03-13
TXN001589,ACC00159,CUST0181,2022-02-26,BPAY,Debit,9991.57,Fuel,Internet Banking,BPAY - Fuel,N,2022-02-26
TXN001590,ACC00237,CUST0019,2024-11-05,Purchase,Debit,14121.12,Groceries,Internet Banking,Purchase - Entertainment,N,2024-11-07
TXN001591,ACC00228,CUST0195,2024-03-07,PayID,Credit,810.7,Restaurants,Internet Banking,PayID - Groceries,N,2024-03-09
TXN001592,ACC00190,CUST0121,2023-04-24,Direct Debit,Debit,4727.59,Fuel,Internet Banking,Direct Debit - Groceries,N,2023-04-26
TXN001593,ACC00070,CUST0147,2023-01-09,Direct Debit,Debit,6566.62,Entertainment,Mobile App,Direct Debit - Groceries,N,2023-01-10
TXN001594,ACC00026,CUST0070,2022-06-11,Direct Debit,Debit,4793.29,Utilities,Internet Banking,Direct Debit - Entertainment,N,2022-06-13
TXN001595,ACC00302,CUST0093,2023-06-16,BPAY,Debit,6602.88,Entertainment,Mobile App,BPAY - Retail,N,2023-06-17
TXN001596,ACC00052,CUST0076,2024-06-26,Refund,Credit,10563.06,Restaurants,ATM,Refund - Groceries,N,2024-06-28
TXN001597,ACC00303,CUST0200,2024-01-20,Transfer,Credit,9659.06,Fuel,Mobile App,Transfer - Groceries,N,2024-01-21
TXN001598,ACC00347,CUST0163,2023-03-19,Refund,Credit,14547.55,Groceries,Internet Banking,Refund - Fuel,Y,2023-03-20
TXN001599,ACC00065,CUST0199,2022-03-06,ATM Withdrawal,Debit,13174.42,Groceries,EFTPOS,ATM Withdrawal - Healthcare,N,2022-03-08
TXN001600,ACC00154,CUST0164,2022-07-12,PayID,Credit,14331.22,Entertainment,EFTPOS,PayID - Restaurants,N,2022-07-13
TXN001601,ACC00178,CUST0153,2023-05-14,PayID,Credit,13639.63,Entertainment,Internet Banking,PayID - Groceries,N,2023-05-14
TXN001602,ACC00018,CUST0082,2022-05-02,ATM Withdrawal,Debit,6113.95,Groceries,Mobile App,ATM Withdrawal - Travel,N,2022-05-04
TXN001603,ACC00031,CUST0107,2022-05-31,PayID,Credit,8201.48,Retail,ATM,PayID - Healthcare,N,2022-06-02
TXN001604,ACC00124,CUST0012,2024-09-07,PayID,Credit,7514.81,Restaurants,Internet Banking,PayID - Utilities,N,2024-09-08
TXN001605,ACC00158,CUST0088,2024-02-07,Purchase,Debit,12928.46,Groceries,ATM,Purchase - Retail,N,2024-02-07
TXN001606,ACC00172,CUST0037,2023-11-03,Transfer,Credit,121.74,Entertainment,Mobile App,Transfer - Fuel,N,2023-11-04
TXN001607,ACC00161,CUST0093,2023-06-07,ATM Withdrawal,Debit,1950.99,Restaurants,Branch,ATM Withdrawal - Fuel,N,2023-06-08
TXN001608,ACC00095,CUST0195,2022-05-06,PayID,Credit,9416.42,Restaurants,Internet Banking,PayID - Utilities,N,2022-05-06
TXN001609,ACC00036,CUST0139,2022-02-01,Purchase,Debit,11058.69,Groceries,ATM,Purchase - Groceries,N,2022-02-01
TXN001610,ACC00327,CUST0166,2024-04-27,Transfer,Credit,7657.04,Groceries,Internet Banking,Transfer - Fuel,N,2024-04-28
TXN001611,ACC00228,CUST0195,2023-03-27,BPAY,Debit,11918.88,Groceries,Branch,BPAY - Entertainment,N,2023-03-28
TXN001612,ACC00172,CUST0037,2024-07-12,BPAY,Debit,4849.84,Restaurants,Mobile App,BPAY - Restaurants,N,2024-07-14
TXN001613,ACC00217,CUST0143,2023-10-01,Purchase,Debit,2513.14,Utilities,Internet Banking,Purchase - Travel,N,2023-10-01
TXN001614,ACC00005,CUST0013,2022-10-17,Direct Debit,Debit,6864.14,Restaurants,Mobile App,Direct Debit - Healthcare,N,2022-10-18
TXN001615,ACC00013,CUST0044,2022-09-16,ATM Withdrawal,Debit,17.46,Fuel,Mobile App,ATM Withdrawal - Entertainment,N,2022-09-16
TXN001616,ACC00282,CUST0050,2022-01-13,ATM Withdrawal,Debit,2714.81,Restaurants,Mobile App,ATM Withdrawal - Restaurants,N,2022-01-15
TXN001617,ACC00064,CUST0177,2024-12-05,ATM Withdrawal,Debit,8593.19,Groceries,Branch,ATM Withdrawal - Fuel,N,2024-12-05
TXN001618,ACC00258,CUST0102,2024-06-13,Direct Debit,Debit,3172.33,Entertainment,EFTPOS,Direct Debit - Fuel,N,2024-06-14
TXN001619,ACC00292,CUST0031,2024-08-07,ATM Withdrawal,Debit,10354.32,Restaurants,Mobile App,ATM Withdrawal - Travel,N,2024-08-07
TXN001620,ACC00026,CUST0070,2023-11-27,ATM Withdrawal,Debit,13757.6,Utilities,Mobile App,ATM Withdrawal - Travel,N,2023-11-27
TXN001621,ACC00261,CUST0117,2024-09-09,Refund,Credit,13488.32,Healthcare,Branch,Refund - Healthcare,N,2024-09-11
TXN001622,ACC00050,CUST0067,2024-11-18,PayID,Credit,2072.39,Retail,Internet Banking,PayID - Groceries,N,2024-11-20
TXN001623,ACC00110,CUST0113,2023-08-27,PayID,Credit,8050.28,Utilities,Internet Banking,PayID - Restaurants,N,2023-08-27
TXN001624,ACC00143,CUST0108,2023-07-25,Direct Debit,Debit,7309.63,Utilities,Internet Banking,Direct Debit - Fuel,N,2023-07-26
TXN001625,ACC00296,CUST0098,2023-02-06,PayID,Credit,10516.81,Restaurants,Mobile App,PayID - Restaurants,Y,2023-02-06
TXN001626,ACC00026,CUST0070,2023-07-22,PayID,Credit,14056.63,Restaurants,Internet Banking,PayID - Restaurants,N,2023-07-23
TXN001627,ACC00255,CUST0045,2024-01-06,Transfer,Credit,12757.45,Fuel,Internet Banking,Transfer - Entertainment,N,2024-01-06
TXN001628,ACC00067,CUST0163,2024-10-27,Direct Debit,Debit,1403.96,Groceries,ATM,Direct Debit - Healthcare,N,2024-10-27
TXN001629,ACC00350,CUST0129,2022-04-28,Refund,Credit,5167.17,Utilities,ATM,Refund - Retail,N,2022-04-29
TXN001630,ACC00300,CUST0162,2022-07-16,Transfer,Credit,9166.97,Restaurants,Mobile App,Transfer - Groceries,N,2022-07-18
TXN001631,ACC00046,CUST0119,2024-05-01,Refund,Credit,10239.86,Fuel,ATM,Refund - Healthcare,N,2024-05-03
TXN001632,ACC00021,CUST0172,2022-11-22,BPAY,Debit,8731.02,Utilities,Mobile App,BPAY - Groceries,N,2022-11-24
TXN001633,ACC00278,CUST0115,2023-07-20,ATM Withdrawal,Debit,1004.15,Travel,Internet Banking,ATM Withdrawal - Restaurants,N,2023-07-20
TXN001634,ACC00061,CUST0145,2024-05-09,BPAY,Debit,7303.23,Groceries,Branch,BPAY - Travel,N,2024-05-10
TXN001635,ACC00214,CUST0130,2024-03-16,Refund,Credit,6908.11,Groceries,ATM,Refund - Utilities,N,2024-03-16
TXN001636,ACC00044,CUST0161,2024-11-14,Direct Debit,Debit,12062.92,Entertainment,Mobile App,Direct Debit - Healthcare,N,2024-11-15
TXN001637,ACC00154,CUST0164,2022-03-16,ATM Withdrawal,Debit,6615.19,Travel,Internet Banking,ATM Withdrawal - Healthcare,N,2022-03-16
TXN001638,ACC00116,CUST0068,2024-05-03,Direct Debit,Debit,5157.5,Travel,Internet Banking,Direct Debit - Retail,N,2024-05-03
TXN001639,ACC00198,CUST0188,2022-10-03,Refund,Credit,6508.16,Fuel,Mobile App,Refund - Healthcare,N,2022-10-04
TXN001640,ACC00111,CUST0026,2024-04-21,Refund,Credit,9982.3,Entertainment,EFTPOS,Refund - Entertainment,N,2024-04-21
TXN001641,ACC00052,CUST0076,2024-11-20,PayID,Credit,12752.41,Groceries,EFTPOS,PayID - Retail,N,2024-11-22
TXN001642,ACC00317,CUST0159,2022-07-20,ATM Withdrawal,Debit,11098.84,Restaurants,Internet Banking,ATM Withdrawal - Healthcare,N,2022-07-22
TXN001643,ACC00044,CUST0161,2024-02-18,Transfer,Credit,3955.78,Entertainment,Internet Banking,Transfer - Restaurants,N,2024-02-19
TXN001644,ACC00236,CUST0011,2023-01-18,PayID,Credit,13334.56,Groceries,Branch,PayID - Utilities,N,2023-01-19
TXN001645,ACC00104,CUST0012,2022-03-13,Transfer,Credit,12133.94,Fuel,Mobile App,Transfer - Entertainment,N,2022-03-15
TXN001646,ACC00256,CUST0005,2024-04-10,PayID,Credit,420.81,Healthcare,Branch,PayID - Retail,N,2024-04-11
TXN001647,ACC00289,CUST0180,2023-07-05,Refund,Credit,7491.19,Retail,ATM,Refund - Healthcare,N,2023-07-07
TXN001648,ACC00172,CUST0037,2023-02-13,Transfer,Credit,5408.03,Travel,Branch,Transfer - Retail,N,2023-02-14
TXN001649,ACC00202,CUST0131,2024-03-02,BPAY,Debit,13967.97,Travel,Mobile App,BPAY - Travel,N,2024-03-03
TXN001650,ACC00065,CUST0199,2022-06-11,Direct Debit,Debit,2657.07,Entertainment,Mobile App,Direct Debit - Groceries,N,2022-06-13
TXN001651,ACC00157,CUST0123,2024-11-06,Direct Debit,Debit,1313.99,Restaurants,ATM,Direct Debit - Restaurants,N,2024-11-07
TXN001652,ACC00295,CUST0176,2024-02-20,Refund,Credit,5956.73,Retail,Internet Banking,Refund - Fuel,N,2024-02-20
TXN001653,ACC00007,CUST0099,2024-07-17,Direct Debit,Debit,13051.87,Restaurants,Internet Banking,Direct Debit - Entertainment,N,2024-07-19
TXN001654,ACC00061,CUST0145,2023-06-29,Purchase,Debit,2724.71,Healthcare,Mobile App,Purchase - Healthcare,N,2023-07-01
TXN001655,ACC00101,CUST0104,2023-05-23,Transfer,Credit,11889.79,Travel,Mobile App,Transfer - Healthcare,N,2023-05-24
TXN001656,ACC00110,CUST0113,2022-04-25,ATM Withdrawal,Debit,6792.62,Utilities,ATM,ATM Withdrawal - Utilities,N,2022-04-27
TXN001657,ACC00010,CUST0042,2022-03-03,PayID,Credit,8012.83,Fuel,ATM,PayID - Entertainment,N,2022-03-03
TXN001658,ACC00062,CUST0140,2022-06-12,BPAY,Debit,5526.04,Retail,Mobile App,BPAY - Healthcare,N,2022-06-12
TXN001659,ACC00186,CUST0189,2023-07-27,Transfer,Credit,11087.13,Travel,EFTPOS,Transfer - Retail,N,2023-07-29
TXN001660,ACC00334,CUST0135,2024-10-17,ATM Withdrawal,Debit,730.09,Utilities,Internet Banking,ATM Withdrawal - Groceries,N,2024-10-18
TXN001661,ACC00175,CUST0190,2022-10-30,ATM Withdrawal,Debit,3339.24,Retail,ATM,ATM Withdrawal - Restaurants,N,2022-10-31
TXN001662,ACC00350,CUST0129,2023-10-26,Transfer,Credit,6101.66,Retail,Mobile App,Transfer - Fuel,N,2023-10-26
TXN001663,ACC00331,CUST0083,2022-04-06,PayID,Credit,13875.08,Entertainment,Internet Banking,PayID - Retail,N,2022-04-06
TXN001664,ACC00013,CUST0044,2024-01-23,BPAY,Debit,4882.93,Groceries,Mobile App,BPAY - Groceries,N,2024-01-24
TXN001665,ACC00350,CUST0129,2022-12-31,Purchase,Debit,10942.59,Healthcare,Internet Banking,Purchase - Entertainment,N,2022-12-31
TXN001666,ACC00062,CUST0140,2024-05-21,Direct Debit,Debit,398.02,Utilities,EFTPOS,Direct Debit - Fuel,N,2024-05-21
TXN001667,ACC00204,CUST0172,2024-12-19,PayID,Credit,12092.04,Fuel,ATM,PayID - Restaurants,N,2024-12-19
TXN001668,ACC00063,CUST0020,2023-02-10,Direct Debit,Debit,5671.87,Entertainment,Internet Banking,Direct Debit - Travel,N,2023-02-12
TXN001669,ACC00014,CUST0049,2023-01-17,PayID,Credit,8634.63,Retail,Internet Banking,PayID - Entertainment,N,2023-01-18
TXN001670,ACC00316,CUST0073,2023-12-23,Refund,Credit,12408.88,Utilities,Internet Banking,Refund - Restaurants,N,2023-12-25
TXN001671,ACC00227,CUST0173,2023-04-10,Transfer,Credit,10489.96,Restaurants,Mobile App,Transfer - Healthcare,N,2023-04-11
TXN001672,ACC00114,CUST0127,2023-12-27,Transfer,Credit,3383.3,Travel,ATM,Transfer - Fuel,N,2023-12-27
TXN001673,ACC00241,CUST0132,2024-03-24,Purchase,Debit,1375.48,Retail,Mobile App,Purchase - Restaurants,N,2024-03-25
TXN001674,ACC00062,CUST0140,2024-11-01,Refund,Credit,12104.08,Utilities,ATM,Refund - Groceries,N,2024-11-02
TXN001675,ACC00064,CUST0177,2022-11-16,Direct Debit,Debit,5946.99,Utilities,EFTPOS,Direct Debit - Restaurants,N,2022-11-17
TXN001676,ACC00342,CUST0133,2024-06-09,Refund,Credit,13845.72,Healthcare,EFTPOS,Refund - Healthcare,N,2024-06-10
TXN001677,ACC00103,CUST0127,2023-10-27,Direct Debit,Debit,6639.8,Restaurants,Internet Banking,Direct Debit - Utilities,N,2023-10-27
TXN001678,ACC00079,CUST0028,2022-10-18,PayID,Credit,14284.31,Groceries,Mobile App,PayID - Healthcare,N,2022-10-18
TXN001679,ACC00178,CUST0153,2022-11-12,PayID,Credit,10760.61,Restaurants,Internet Banking,PayID - Entertainment,N,2022-11-13
TXN001680,ACC00094,CUST0118,2023-11-23,PayID,Credit,3166.74,Groceries,ATM,PayID - Utilities,N,2023-11-25
TXN001681,ACC00246,CUST0194,2023-05-17,PayID,Credit,1000.97,Fuel,EFTPOS,PayID - Groceries,N,2023-05-19
TXN001682,ACC00252,CUST0033,2023-07-19,Transfer,Credit,1569.02,Groceries,ATM,Transfer - Entertainment,N,2023-07-21
TXN001683,ACC00157,CUST0123,2022-09-07,Direct Debit,Debit,9798.36,Restaurants,Mobile App,Direct Debit - Fuel,N,2022-09-08
TXN001684,ACC00090,CUST0096,2024-04-01,BPAY,Debit,9916.82,Healthcare,ATM,BPAY - Utilities,N,2024-04-03
TXN001685,ACC00243,CUST0053,2024-01-19,Direct Debit,Debit,5792.36,Healthcare,ATM,Direct Debit - Groceries,N,2024-01-20
TXN001686,ACC00292,CUST0031,2022-05-29,PayID,Credit,11989.43,Fuel,Branch,PayID - Fuel,N,2022-05-31
TXN001687,ACC00138,CUST0036,2022-05-28,Refund,Credit,1163.32,Entertainment,Branch,Refund - Travel,N,2022-05-30
TXN001688,ACC00344,CUST0150,2022-07-07,ATM Withdrawal,Debit,8643.9,Utilities,EFTPOS,ATM Withdrawal - Entertainment,N,2022-07-08
TXN001689,ACC00184,CUST0168,2023-01-14,Refund,Credit,903.91,Groceries,Internet Banking,Refund - Groceries,N,2023-01-15
TXN001690,ACC00082,CUST0076,2022-01-31,Refund,Credit,1067.74,Retail,Mobile App,Refund - Restaurants,N,2022-01-31
TXN001691,ACC00077,CUST0173,2023-09-22,Transfer,Credit,1100.3,Utilities,ATM,Transfer - Travel,N,2023-09-24
TXN001692,ACC00332,CUST0157,2024-07-18,BPAY,Debit,6090.35,Retail,Internet Banking,BPAY - Fuel,N,2024-07-19
TXN001693,ACC00248,CUST0163,2023-04-19,BPAY,Debit,1199.46,Restaurants,Internet Banking,BPAY - Retail,N,2023-04-21
TXN001694,ACC00015,CUST0189,2024-07-31,PayID,Credit,14387.2,Retail,EFTPOS,PayID - Travel,N,2024-08-02
TXN001695,ACC00107,CUST0055,2023-09-25,BPAY,Debit,3046.03,Fuel,ATM,BPAY - Entertainment,N,2023-09-25
TXN001696,ACC00263,CUST0133,2023-11-17,Purchase,Debit,2726.15,Restaurants,Mobile App,Purchase - Restaurants,N,2023-11-17
TXN001697,ACC00181,CUST0065,2022-02-18,ATM Withdrawal,Debit,11619.16,Travel,Branch,ATM Withdrawal - Healthcare,N,2022-02-19
TXN001698,ACC00146,CUST0062,2024-09-09,Purchase,Debit,104.31,Groceries,Internet Banking,Purchase - Travel,N,2024-09-10
TXN001699,ACC00203,CUST0092,2023-09-20,PayID,Credit,4638.49,Travel,ATM,PayID - Travel,N,2023-09-21
TXN001700,ACC00304,CUST0162,2024-07-10,Purchase,Debit,13850.44,Travel,Internet Banking,Purchase - Travel,N,2024-07-11
TXN001701,ACC00018,CUST0082,2023-06-11,Purchase,Debit,12868.66,Groceries,ATM,Purchase - Utilities,N,2023-06-13
TXN001702,ACC00113,CUST0053,2024-08-21,BPAY,Debit,2988.5,Travel,Branch,BPAY - Travel,N,2024-08-22
TXN001703,ACC00226,CUST0180,2022-06-11,PayID,Credit,1649.54,Entertainment,Internet Banking,PayID - Travel,N,2022-06-11
TXN001704,ACC00026,CUST0070,2024-01-30,PayID,Credit,8903.87,Groceries,Internet Banking,PayID - Entertainment,N,2024-01-30
TXN001705,ACC00271,CUST0154,2022-11-26,PayID,Credit,6940.63,Utilities,ATM,PayID - Healthcare,N,2022-11-26
TXN001706,ACC00161,CUST0093,2023-08-17,BPAY,Debit,13742.56,Entertainment,EFTPOS,BPAY - Travel,N,2023-08-18
TXN001707,ACC00212,CUST0172,2024-06-09,Direct Debit,Debit,3720.96,Healthcare,Branch,Direct Debit - Utilities,N,2024-06-10
TXN001708,ACC00038,CUST0168,2023-09-18,ATM Withdrawal,Debit,9180.19,Utilities,EFTPOS,ATM Withdrawal - Utilities,N,2023-09-19
TXN001709,ACC00142,CUST0158,2024-07-12,BPAY,Debit,4277.05,Healthcare,ATM,BPAY - Healthcare,Y,2024-07-14
TXN001710,ACC00337,CUST0186,2022-12-17,Purchase,Debit,2192.42,Entertainment,EFTPOS,Purchase - Travel,N,2022-12-19
TXN001711,ACC00245,CUST0162,2023-03-24,PayID,Credit,14824.92,Healthcare,Mobile App,PayID - Utilities,N,2023-03-24
TXN001712,ACC00293,CUST0096,2024-07-01,PayID,Credit,1937.2,Restaurants,Mobile App,PayID - Retail,N,2024-07-02
TXN001713,ACC00168,CUST0021,2023-09-10,BPAY,Debit,13488.67,Entertainment,Internet Banking,BPAY - Healthcare,N,2023-09-11
TXN001714,ACC00190,CUST0121,2023-11-21,BPAY,Debit,7089.79,Restaurants,Internet Banking,BPAY - Groceries,N,2023-11-21
TXN001715,ACC00155,CUST0182,2023-07-24,Refund,Credit,8500.71,Healthcare,ATM,Refund - Fuel,N,2023-07-26
TXN001716,ACC00115,CUST0100,2022-04-22,Transfer,Credit,12344.58,Entertainment,Mobile App,Transfer - Restaurants,N,2022-04-22
TXN001717,ACC00237,CUST0019,2023-11-14,Refund,Credit,12877.22,Entertainment,EFTPOS,Refund - Travel,N,2023-11-16
TXN001718,ACC00173,CUST0087,2024-08-23,BPAY,Debit,14457.67,Travel,Mobile App,BPAY - Utilities,N,2024-08-24
TXN001719,ACC00185,CUST0170,2023-09-04,PayID,Credit,2838.1,Entertainment,ATM,PayID - Travel,N,2023-09-04
TXN001720,ACC00115,CUST0100,2024-01-30,Transfer,Credit,721.82,Healthcare,Internet Banking,Transfer - Utilities,N,2024-01-30
TXN001721,ACC00344,CUST0150,2022-10-05,Transfer,Credit,503.25,Utilities,Branch,Transfer - Retail,N,2022-10-06
TXN001722,ACC00209,CUST0029,2023-03-02,Purchase,Debit,9840.69,Healthcare,Internet Banking,Purchase - Retail,N,2023-03-03
TXN001723,ACC00259,CUST0041,2024-03-22,BPAY,Debit,11721.68,Groceries,Mobile App,BPAY - Entertainment,N,2024-03-22
TXN001724,ACC00292,CUST0031,2023-07-29,BPAY,Debit,5722.06,Groceries,Internet Banking,BPAY - Fuel,N,2023-07-30
TXN001725,ACC00225,CUST0108,2023-08-09,Direct Debit,Debit,967.1,Utilities,Mobile App,Direct Debit - Healthcare,N,2023-08-10
TXN001726,ACC00030,CUST0177,2022-11-14,Refund,Credit,3426.49,Entertainment,Mobile App,Refund - Restaurants,N,2022-11-16
TXN001727,ACC00313,CUST0134,2023-07-29,Direct Debit,Debit,6332.44,Restaurants,ATM,Direct Debit - Entertainment,N,2023-07-29
TXN001728,ACC00102,CUST0188,2023-02-16,Transfer,Credit,2003.02,Utilities,Mobile App,Transfer - Restaurants,Y,2023-02-17
TXN001729,ACC00206,CUST0093,2022-08-09,Purchase,Debit,3233.68,Utilities,Mobile App,Purchase - Utilities,N,2022-08-10
TXN001730,ACC00240,CUST0175,2024-06-22,PayID,Credit,1016.74,Fuel,ATM,PayID - Retail,N,2024-06-22
TXN001731,ACC00225,CUST0108,2024-05-24,ATM Withdrawal,Debit,2130.77,Entertainment,Branch,ATM Withdrawal - Utilities,N,2024-05-24
TXN001732,ACC00089,CUST0173,2023-07-24,Transfer,Credit,9626.68,Groceries,Mobile App,Transfer - Restaurants,N,2023-07-26
TXN001733,ACC00298,CUST0147,2023-06-14,Transfer,Credit,12241.15,Utilities,Mobile App,Transfer - Utilities,N,2023-06-14
TXN001734,ACC00024,CUST0046,2022-09-18,ATM Withdrawal,Debit,8103.22,Fuel,EFTPOS,ATM Withdrawal - Groceries,N,2022-09-20
TXN001735,ACC00084,CUST0006,2022-12-01,Transfer,Credit,9929.1,Healthcare,Mobile App,Transfer - Entertainment,N,2022-12-03
TXN001736,ACC00212,CUST0172,2023-06-15,BPAY,Debit,9908.65,Retail,Mobile App,BPAY - Retail,N,2023-06-17
TXN001737,ACC00254,CUST0071,2023-10-20,ATM Withdrawal,Debit,12372.78,Fuel,EFTPOS,ATM Withdrawal - Restaurants,N,2023-10-20
TXN001738,ACC00198,CUST0188,2024-01-07,Transfer,Credit,9597.64,Retail,Internet Banking,Transfer - Retail,N,2024-01-08
TXN001739,ACC00259,CUST0041,2022-05-12,Direct Debit,Debit,2699.0,Groceries,EFTPOS,Direct Debit - Entertainment,N,2022-05-14
TXN001740,ACC00145,CUST0008,2023-06-06,PayID,Credit,13722.96,Restaurants,Internet Banking,PayID - Retail,N,2023-06-06
TXN001741,ACC00232,CUST0178,2022-06-06,Purchase,Debit,11916.64,Restaurants,Mobile App,Purchase - Fuel,N,2022-06-06
TXN001742,ACC00272,CUST0199,2024-07-26,Purchase,Debit,14490.19,Utilities,Branch,Purchase - Travel,N,2024-07-28
TXN001743,ACC00315,CUST0097,2022-04-13,Purchase,Debit,10044.47,Retail,Mobile App,Purchase - Retail,N,2022-04-13
TXN001744,ACC00323,CUST0065,2023-04-07,Direct Debit,Debit,8974.37,Fuel,EFTPOS,Direct Debit - Healthcare,N,2023-04-07
TXN001745,ACC00307,CUST0170,2023-10-14,Refund,Credit,11028.54,Fuel,ATM,Refund - Fuel,N,2023-10-14
TXN001746,ACC00253,CUST0079,2024-03-05,Transfer,Credit,11226.83,Utilities,EFTPOS,Transfer - Retail,N,2024-03-05
TXN001747,ACC00185,CUST0170,2023-08-16,Purchase,Debit,2245.65,Travel,Internet Banking,Purchase - Travel,N,2023-08-18
TXN001748,ACC00134,CUST0052,2024-02-23,Transfer,Credit,12750.11,Utilities,Mobile App,Transfer - Utilities,N,2024-02-24
TXN001749,ACC00151,CUST0102,2023-09-11,Refund,Credit,6642.84,Groceries,Branch,Refund - Retail,N,2023-09-13
TXN001750,ACC00170,CUST0029,2022-01-25,Purchase,Debit,4065.16,Restaurants,Mobile App,Purchase - Entertainment,N,2022-01-26
TXN001751,ACC00260,CUST0057,2023-12-17,Refund,Credit,1071.5,Entertainment,Internet Banking,Refund - Retail,N,2023-12-19
TXN001752,ACC00094,CUST0118,2024-03-24,PayID,Credit,6407.65,Utilities,Internet Banking,PayID - Entertainment,N,2024-03-25
TXN001753,ACC00095,CUST0195,2024-07-15,ATM Withdrawal,Debit,13819.31,Entertainment,Internet Banking,ATM Withdrawal - Restaurants,N,2024-07-17
TXN001754,ACC00079,CUST0028,2022-02-05,ATM Withdrawal,Debit,6275.99,Entertainment,EFTPOS,ATM Withdrawal - Fuel,N,2022-02-07
TXN001755,ACC00069,CUST0153,2022-02-26,BPAY,Debit,9812.14,Restaurants,Internet Banking,BPAY - Healthcare,N,2022-02-27
TXN001756,ACC00211,CUST0125,2023-03-24,BPAY,Debit,631.58,Entertainment,Branch,BPAY - Travel,N,2023-03-24
TXN001757,ACC00238,CUST0090,2022-11-12,Transfer,Credit,9686.64,Healthcare,Internet Banking,Transfer - Groceries,N,2022-11-12
TXN001758,ACC00172,CUST0037,2023-06-15,Purchase,Debit,9352.91,Entertainment,Mobile App,Purchase - Utilities,N,2023-06-15
TXN001759,ACC00115,CUST0100,2022-03-24,BPAY,Debit,655.1,Utilities,Internet Banking,BPAY - Fuel,N,2022-03-24
TXN001760,ACC00091,CUST0143,2022-11-07,Refund,Credit,1416.32,Restaurants,Mobile App,Refund - Entertainment,N,2022-11-09
TXN001761,ACC00340,CUST0096,2022-08-19,BPAY,Debit,10668.72,Restaurants,ATM,BPAY - Travel,N,2022-08-20
TXN001762,ACC00153,CUST0187,2022-01-18,BPAY,Debit,1560.61,Fuel,EFTPOS,BPAY - Entertainment,N,2022-01-20
TXN001763,ACC00030,CUST0177,2024-03-08,Direct Debit,Debit,4640.25,Restaurants,Mobile App,Direct Debit - Groceries,N,2024-03-08
TXN001764,ACC00292,CUST0031,2024-10-26,ATM Withdrawal,Debit,13733.58,Retail,EFTPOS,ATM Withdrawal - Retail,N,2024-10-27
TXN001765,ACC00267,CUST0015,2023-11-02,ATM Withdrawal,Debit,11639.3,Travel,Branch,ATM Withdrawal - Travel,N,2023-11-04
TXN001766,ACC00061,CUST0145,2024-06-10,Transfer,Credit,10863.58,Healthcare,Internet Banking,Transfer - Fuel,N,2024-06-12
TXN001767,ACC00224,CUST0178,2022-10-24,Transfer,Credit,2686.51,Restaurants,Mobile App,Transfer - Healthcare,N,2022-10-24
TXN001768,ACC00146,CUST0062,2022-12-01,BPAY,Debit,9176.4,Utilities,Mobile App,BPAY - Healthcare,N,2022-12-03
TXN001769,ACC00291,CUST0189,2022-08-18,Refund,Credit,1351.62,Retail,Internet Banking,Refund - Travel,N,2022-08-20
TXN001770,ACC00314,CUST0075,2023-07-23,BPAY,Debit,8630.93,Fuel,Internet Banking,BPAY - Utilities,N,2023-07-25
TXN001771,ACC00011,CUST0182,2022-04-27,ATM Withdrawal,Debit,3290.88,Travel,ATM,ATM Withdrawal - Groceries,N,2022-04-29
TXN001772,ACC00087,CUST0148,2022-01-05,Direct Debit,Debit,936.76,Utilities,Internet Banking,Direct Debit - Entertainment,N,2022-01-06
TXN001773,ACC00097,CUST0182,2022-07-17,PayID,Credit,58.73,Groceries,Branch,PayID - Restaurants,N,2022-07-19
TXN001774,ACC00121,CUST0185,2022-01-04,BPAY,Debit,14029.83,Restaurants,ATM,BPAY - Restaurants,N,2022-01-06
TXN001775,ACC00314,CUST0075,2022-05-08,ATM Withdrawal,Debit,895.56,Travel,Internet Banking,ATM Withdrawal - Retail,N,2022-05-08
TXN001776,ACC00117,CUST0180,2022-12-30,Transfer,Credit,12657.7,Travel,Internet Banking,Transfer - Utilities,N,2022-12-31
TXN001777,ACC00043,CUST0148,2024-11-01,Purchase,Debit,5044.0,Travel,Internet Banking,Purchase - Travel,N,2024-11-01
TXN001778,ACC00223,CUST0035,2023-09-17,Purchase,Debit,14477.02,Groceries,Mobile App,Purchase - Utilities,N,2023-09-19
TXN001779,ACC00081,CUST0115,2023-02-16,PayID,Credit,13501.13,Restaurants,Mobile App,PayID - Utilities,N,2023-02-16
TXN001780,ACC00237,CUST0019,2022-05-10,Direct Debit,Debit,7925.8,Groceries,ATM,Direct Debit - Retail,N,2022-05-10
TXN001781,ACC00334,CUST0135,2022-03-30,PayID,Credit,6337.96,Entertainment,EFTPOS,PayID - Restaurants,Y,2022-04-01
TXN001782,ACC00268,CUST0022,2022-07-25,Refund,Credit,12844.65,Healthcare,Internet Banking,Refund - Fuel,N,2022-07-26
TXN001783,ACC00311,CUST0179,2024-06-29,Purchase,Debit,14347.88,Retail,EFTPOS,Purchase - Fuel,N,2024-07-01
TXN001784,ACC00215,CUST0130,2024-12-28,BPAY,Debit,9649.13,Healthcare,Branch,BPAY - Retail,N,2024-12-30
TXN001785,ACC00009,CUST0036,2022-11-05,ATM Withdrawal,Debit,10522.73,Entertainment,ATM,ATM Withdrawal - Travel,N,2022-11-07
TXN001786,ACC00182,CUST0120,2022-07-12,ATM Withdrawal,Debit,2076.35,Utilities,Branch,ATM Withdrawal - Restaurants,N,2022-07-12
TXN001787,ACC00309,CUST0168,2023-07-13,PayID,Credit,10067.77,Groceries,ATM,PayID - Healthcare,N,2023-07-15
TXN001788,ACC00312,CUST0089,2022-02-16,PayID,Credit,6676.33,Retail,Internet Banking,PayID - Travel,N,2022-02-17
TXN001789,ACC00033,CUST0043,2024-06-15,ATM Withdrawal,Debit,8611.84,Retail,Mobile App,ATM Withdrawal - Groceries,N,2024-06-17
TXN001790,ACC00235,CUST0011,2023-09-21,ATM Withdrawal,Debit,10290.34,Healthcare,EFTPOS,ATM Withdrawal - Entertainment,N,2023-09-23
TXN001791,ACC00146,CUST0062,2024-04-10,BPAY,Debit,4137.72,Utilities,EFTPOS,BPAY - Healthcare,N,2024-04-11
TXN001792,ACC00125,CUST0058,2023-08-15,BPAY,Debit,12583.6,Entertainment,Internet Banking,BPAY - Travel,N,2023-08-17
TXN001793,ACC00274,CUST0049,2022-08-07,Direct Debit,Debit,14958.63,Groceries,Branch,Direct Debit - Healthcare,N,2022-08-09
TXN001794,ACC00086,CUST0008,2024-11-20,Purchase,Debit,12093.25,Entertainment,Internet Banking,Purchase - Fuel,N,2024-11-20
TXN001795,ACC00084,CUST0006,2024-03-27,ATM Withdrawal,Debit,2093.98,Groceries,ATM,ATM Withdrawal - Travel,N,2024-03-29
TXN001796,ACC00032,CUST0135,2022-02-07,Transfer,Credit,12598.17,Healthcare,EFTPOS,Transfer - Healthcare,N,2022-02-07
TXN001797,ACC00114,CUST0127,2022-01-02,BPAY,Debit,8344.67,Utilities,Mobile App,BPAY - Entertainment,N,2022-01-04
TXN001798,ACC00277,CUST0144,2023-05-01,PayID,Credit,9283.2,Retail,Branch,PayID - Fuel,N,2023-05-02
TXN001799,ACC00122,CUST0110,2022-01-30,ATM Withdrawal,Debit,2241.51,Entertainment,Mobile App,ATM Withdrawal - Groceries,Y,2022-01-30
TXN001800,ACC00348,CUST0040,2023-12-08,Refund,Credit,10803.34,Travel,Mobile App,Refund - Entertainment,N,2023-12-08
TXN001801,ACC00184,CUST0168,2024-03-04,BPAY,Debit,4392.46,Healthcare,EFTPOS,BPAY - Utilities,N,2024-03-06
TXN001802,ACC00341,CUST0197,2023-08-26,BPAY,Debit,6480.47,Groceries,EFTPOS,BPAY - Retail,N,2023-08-26
TXN001803,ACC00335,CUST0021,2022-08-31,Transfer,Credit,7962.76,Travel,Mobile App,Transfer - Groceries,N,2022-08-31
TXN001804,ACC00219,CUST0184,2024-02-02,Purchase,Debit,13328.45,Groceries,Internet Banking,Purchase - Healthcare,N,2024-02-03
TXN001805,ACC00130,CUST0169,2022-09-27,Purchase,Debit,9022.19,Travel,ATM,Purchase - Healthcare,N,2022-09-28
TXN001806,ACC00287,CUST0097,2024-03-31,Direct Debit,Debit,12277.68,Restaurants,Branch,Direct Debit - Groceries,N,2024-03-31
TXN001807,ACC00060,CUST0142,2023-10-25,BPAY,Debit,13652.51,Travel,ATM,BPAY - Restaurants,N,2023-10-26
TXN001808,ACC00092,CUST0035,2023-01-13,Transfer,Credit,14084.17,Fuel,EFTPOS,Transfer - Groceries,N,2023-01-13
TXN001809,ACC00326,CUST0195,2023-08-27,Purchase,Debit,6594.21,Healthcare,ATM,Purchase - Healthcare,N,2023-08-28
TXN001810,ACC00156,CUST0013,2023-08-14,Direct Debit,Debit,10271.33,Entertainment,EFTPOS,Direct Debit - Utilities,N,2023-08-15
TXN001811,ACC00088,CUST0136,2022-07-17,Refund,Credit,12721.7,Utilities,EFTPOS,Refund - Utilities,N,2022-07-18
TXN001812,ACC00042,CUST0012,2022-10-08,PayID,Credit,4312.76,Entertainment,Internet Banking,PayID - Fuel,N,2022-10-10
TXN001813,ACC00029,CUST0150,2022-01-07,ATM Withdrawal,Debit,11115.59,Restaurants,Internet Banking,ATM Withdrawal - Fuel,N,2022-01-07
TXN001814,ACC00242,CUST0198,2023-05-01,PayID,Credit,13847.11,Restaurants,ATM,PayID - Retail,N,2023-05-02
TXN001815,ACC00275,CUST0105,2023-05-20,BPAY,Debit,9262.67,Entertainment,Branch,BPAY - Entertainment,N,2023-05-22
TXN001816,ACC00343,CUST0142,2023-09-18,Refund,Credit,2555.5,Entertainment,Internet Banking,Refund - Entertainment,N,2023-09-18
TXN001817,ACC00258,CUST0102,2023-11-03,BPAY,Debit,7339.31,Fuel,ATM,BPAY - Fuel,N,2023-11-03
TXN001818,ACC00271,CUST0154,2022-04-07,BPAY,Debit,5449.73,Fuel,Branch,BPAY - Retail,N,2022-04-08
TXN001819,ACC00242,CUST0198,2023-04-17,PayID,Credit,11470.52,Utilities,Branch,PayID - Restaurants,N,2023-04-19
TXN001820,ACC00152,CUST0045,2022-08-18,Refund,Credit,12499.17,Retail,Mobile App,Refund - Entertainment,N,2022-08-20
TXN001821,ACC00293,CUST0096,2024-07-29,Direct Debit,Debit,2992.38,Utilities,Mobile App,Direct Debit - Entertainment,N,2024-07-31
TXN001822,ACC00274,CUST0049,2022-03-04,Purchase,Debit,3334.46,Utilities,ATM,Purchase - Fuel,N,2022-03-04
TXN001823,ACC00103,CUST0127,2023-05-06,BPAY,Debit,12382.65,Restaurants,ATM,BPAY - Groceries,N,2023-05-08
TXN001824,ACC00274,CUST0049,2022-12-25,BPAY,Debit,12181.46,Fuel,Branch,BPAY - Restaurants,N,2022-12-26
TXN001825,ACC00101,CUST0104,2022-01-20,BPAY,Debit,4279.33,Travel,Internet Banking,BPAY - Entertainment,N,2022-01-21
TXN001826,ACC00093,CUST0126,2022-09-08,Direct Debit,Debit,6678.11,Travel,Branch,Direct Debit - Utilities,N,2022-09-10
TXN001827,ACC00116,CUST0068,2024-09-15,Refund,Credit,12182.7,Groceries,Mobile App,Refund - Fuel,N,2024-09-17
TXN001828,ACC00245,CUST0162,2023-01-21,Refund,Credit,4388.77,Travel,ATM,Refund - Fuel,N,2023-01-22
TXN001829,ACC00194,CUST0002,2022-11-29,ATM Withdrawal,Debit,8887.76,Fuel,Branch,ATM Withdrawal - Utilities,N,2022-11-30
TXN001830,ACC00070,CUST0147,2023-06-11,PayID,Credit,13329.99,Travel,Branch,PayID - Entertainment,N,2023-06-13
TXN001831,ACC00295,CUST0176,2022-03-01,Purchase,Debit,10342.72,Groceries,EFTPOS,Purchase - Entertainment,N,2022-03-03
TXN001832,ACC00009,CUST0036,2024-12-24,Refund,Credit,13588.91,Entertainment,Internet Banking,Refund - Fuel,N,2024-12-26
TXN001833,ACC00305,CUST0021,2024-04-18,Direct Debit,Debit,9953.9,Healthcare,Internet Banking,Direct Debit - Healthcare,N,2024-04-20
TXN001834,ACC00264,CUST0059,2024-11-24,Refund,Credit,4463.81,Retail,EFTPOS,Refund - Entertainment,N,2024-11-26
TXN001835,ACC00190,CUST0121,2024-10-01,PayID,Credit,4929.57,Entertainment,EFTPOS,PayID - Restaurants,N,2024-10-03
TXN001836,ACC00057,CUST0138,2022-04-16,Purchase,Debit,2688.07,Retail,EFTPOS,Purchase - Retail,N,2022-04-18
TXN001837,ACC00339,CUST0047,2022-06-01,Direct Debit,Debit,12300.21,Utilities,EFTPOS,Direct Debit - Retail,N,2022-06-02
TXN001838,ACC00008,CUST0096,2023-11-04,BPAY,Debit,11259.44,Healthcare,Branch,BPAY - Entertainment,N,2023-11-05
TXN001839,ACC00106,CUST0014,2024-05-21,Refund,Credit,7445.6,Restaurants,EFTPOS,Refund - Travel,N,2024-05-21
TXN001840,ACC00043,CUST0148,2023-01-09,PayID,Credit,10892.07,Groceries,Internet Banking,PayID - Entertainment,N,2023-01-11
TXN001841,ACC00059,CUST0179,2022-06-17,BPAY,Debit,8672.26,Retail,EFTPOS,BPAY - Fuel,N,2022-06-18
TXN001842,ACC00296,CUST0098,2022-01-24,Purchase,Debit,13312.73,Restaurants,Mobile App,Purchase - Retail,N,2022-01-24
TXN001843,ACC00190,CUST0121,2023-10-09,Refund,Credit,2217.96,Travel,ATM,Refund - Utilities,N,2023-10-10
TXN001844,ACC00046,CUST0119,2023-10-04,BPAY,Debit,11167.96,Groceries,ATM,BPAY - Groceries,N,2023-10-06
TXN001845,ACC00164,CUST0069,2023-02-04,ATM Withdrawal,Debit,1898.92,Groceries,Mobile App,ATM Withdrawal - Fuel,N,2023-02-06
TXN001846,ACC00041,CUST0062,2022-01-22,Refund,Credit,3730.05,Restaurants,EFTPOS,Refund - Retail,N,2022-01-24
TXN001847,ACC00162,CUST0164,2023-12-17,PayID,Credit,1819.82,Travel,Mobile App,PayID - Groceries,N,2023-12-18
TXN001848,ACC00274,CUST0049,2022-07-26,PayID,Credit,12833.92,Fuel,Mobile App,PayID - Healthcare,N,2022-07-26
TXN001849,ACC00154,CUST0164,2023-03-11,Transfer,Credit,10719.79,Travel,Mobile App,Transfer - Entertainment,N,2023-03-13
TXN001850,ACC00255,CUST0045,2023-02-26,ATM Withdrawal,Debit,5687.34,Restaurants,ATM,ATM Withdrawal - Fuel,N,2023-02-27
TXN001851,ACC00261,CUST0117,2024-04-01,Transfer,Credit,8525.68,Entertainment,Internet Banking,Transfer - Groceries,N,2024-04-03
TXN001852,ACC00171,CUST0074,2023-10-21,Refund,Credit,14631.44,Travel,Mobile App,Refund - Entertainment,N,2023-10-22
TXN001853,ACC00231,CUST0116,2023-05-20,Direct Debit,Debit,1290.14,Travel,ATM,Direct Debit - Utilities,N,2023-05-22
TXN001854,ACC00096,CUST0068,2024-01-02,Purchase,Debit,5201.41,Fuel,ATM,Purchase - Healthcare,N,2024-01-04
TXN001855,ACC00315,CUST0097,2022-03-29,Refund,Credit,9900.71,Utilities,ATM,Refund - Retail,N,2022-03-29
TXN001856,ACC00082,CUST0076,2024-05-13,PayID,Credit,14951.53,Travel,ATM,PayID - Groceries,N,2024-05-13
TXN001857,ACC00152,CUST0045,2022-12-29,ATM Withdrawal,Debit,7819.08,Healthcare,Branch,ATM Withdrawal - Fuel,N,2022-12-31
TXN001858,ACC00212,CUST0172,2022-06-06,Purchase,Debit,525.39,Retail,Branch,Purchase - Utilities,N,2022-06-08
TXN001859,ACC00154,CUST0164,2024-04-18,Purchase,Debit,12423.7,Entertainment,Mobile App,Purchase - Groceries,N,2024-04-20
TXN001860,ACC00280,CUST0057,2022-01-03,Transfer,Credit,2031.4,Groceries,Branch,Transfer - Restaurants,N,2022-01-03
TXN001861,ACC00217,CUST0143,2022-10-03,BPAY,Debit,14004.47,Fuel,Branch,BPAY - Healthcare,N,2022-10-04
TXN001862,ACC00060,CUST0142,2024-12-19,Transfer,Credit,11324.91,Entertainment,Internet Banking,Transfer - Groceries,N,2024-12-21
TXN001863,ACC00023,CUST0197,2024-05-06,Direct Debit,Debit,7429.96,Groceries,EFTPOS,Direct Debit - Restaurants,N,2024-05-08
TXN001864,ACC00143,CUST0108,2024-11-08,Direct Debit,Debit,6815.72,Entertainment,Branch,Direct Debit - Fuel,N,2024-11-08
TXN001865,ACC00169,CUST0023,2024-07-18,ATM Withdrawal,Debit,2037.64,Fuel,ATM,ATM Withdrawal - Healthcare,N,2024-07-18
TXN001866,ACC00329,CUST0083,2024-05-20,BPAY,Debit,12090.86,Fuel,Mobile App,BPAY - Travel,N,2024-05-21
TXN001867,ACC00018,CUST0082,2023-02-20,Transfer,Credit,4576.7,Fuel,EFTPOS,Transfer - Retail,N,2023-02-21
TXN001868,ACC00227,CUST0173,2024-01-06,Transfer,Credit,14427.05,Utilities,Internet Banking,Transfer - Travel,N,2024-01-07
TXN001869,ACC00231,CUST0116,2022-01-29,Purchase,Debit,12441.17,Utilities,Mobile App,Purchase - Groceries,N,2022-01-29
TXN001870,ACC00179,CUST0073,2023-01-31,PayID,Credit,7690.25,Travel,Mobile App,PayID - Restaurants,N,2023-02-01
TXN001871,ACC00069,CUST0153,2023-12-16,Transfer,Credit,3968.35,Groceries,Branch,Transfer - Fuel,N,2023-12-16
TXN001872,ACC00120,CUST0169,2022-06-24,PayID,Credit,9168.59,Entertainment,ATM,PayID - Retail,N,2022-06-25
TXN001873,ACC00144,CUST0123,2022-05-16,PayID,Credit,296.18,Retail,EFTPOS,PayID - Healthcare,N,2022-05-16
TXN001874,ACC00082,CUST0076,2023-07-09,Refund,Credit,5569.1,Utilities,EFTPOS,Refund - Fuel,N,2023-07-10
TXN001875,ACC00316,CUST0073,2023-09-26,PayID,Credit,1482.76,Restaurants,Internet Banking,PayID - Healthcare,N,2023-09-27
TXN001876,ACC00015,CUST0189,2024-08-30,ATM Withdrawal,Debit,2266.2,Healthcare,EFTPOS,ATM Withdrawal - Travel,N,2024-08-30
TXN001877,ACC00192,CUST0125,2022-06-10,Refund,Credit,14877.84,Healthcare,Internet Banking,Refund - Restaurants,N,2022-06-11
TXN001878,ACC00331,CUST0083,2023-03-15,Purchase,Debit,2586.7,Fuel,EFTPOS,Purchase - Groceries,Y,2023-03-16
TXN001879,ACC00196,CUST0043,2024-12-12,PayID,Credit,6474.89,Travel,Internet Banking,PayID - Groceries,N,2024-12-12
TXN001880,ACC00280,CUST0057,2024-03-28,PayID,Credit,6730.31,Restaurants,Mobile App,PayID - Restaurants,N,2024-03-28
TXN001881,ACC00305,CUST0021,2023-11-18,Transfer,Credit,11691.71,Travel,ATM,Transfer - Restaurants,N,2023-11-19
TXN001882,ACC00101,CUST0104,2024-04-18,BPAY,Debit,14376.58,Groceries,Mobile App,BPAY - Entertainment,N,2024-04-20
TXN001883,ACC00161,CUST0093,2022-03-03,ATM Withdrawal,Debit,899.93,Utilities,Internet Banking,ATM Withdrawal - Entertainment,N,2022-03-05
TXN001884,ACC00007,CUST0099,2022-02-23,Transfer,Credit,11978.15,Retail,Mobile App,Transfer - Utilities,N,2022-02-23
TXN001885,ACC00336,CUST0158,2024-07-13,Purchase,Debit,2575.81,Fuel,Internet Banking,Purchase - Travel,N,2024-07-15
TXN001886,ACC00261,CUST0117,2024-08-25,PayID,Credit,13269.11,Travel,ATM,PayID - Restaurants,N,2024-08-25
TXN001887,ACC00130,CUST0169,2023-10-10,PayID,Credit,13052.21,Healthcare,ATM,PayID - Fuel,N,2023-10-10
TXN001888,ACC00292,CUST0031,2022-12-09,Purchase,Debit,8207.82,Retail,Mobile App,Purchase - Retail,N,2022-12-09
TXN001889,ACC00209,CUST0029,2022-04-21,Transfer,Credit,14748.77,Utilities,Branch,Transfer - Healthcare,N,2022-04-21
TXN001890,ACC00095,CUST0195,2024-01-09,PayID,Credit,2164.23,Travel,Mobile App,PayID - Restaurants,N,2024-01-09
TXN001891,ACC00301,CUST0177,2023-07-07,Transfer,Credit,11330.18,Groceries,EFTPOS,Transfer - Healthcare,N,2023-07-08
TXN001892,ACC00243,CUST0053,2023-01-05,Purchase,Debit,5638.04,Utilities,Internet Banking,Purchase - Travel,N,2023-01-06
TXN001893,ACC00162,CUST0164,2022-07-13,Transfer,Credit,3370.51,Retail,ATM,Transfer - Fuel,N,2022-07-15
TXN001894,ACC00154,CUST0164,2022-02-19,PayID,Credit,14557.7,Restaurants,Branch,PayID - Entertainment,N,2022-02-20
TXN001895,ACC00300,CUST0162,2023-12-20,Purchase,Debit,1680.09,Restaurants,Mobile App,Purchase - Fuel,N,2023-12-20
TXN001896,ACC00164,CUST0069,2022-07-06,ATM Withdrawal,Debit,2561.77,Travel,Branch,ATM Withdrawal - Travel,N,2022-07-08
TXN001897,ACC00220,CUST0141,2024-11-18,Transfer,Credit,10117.29,Utilities,ATM,Transfer - Travel,N,2024-11-18
TXN001898,ACC00257,CUST0168,2024-12-12,ATM Withdrawal,Debit,4039.24,Healthcare,Mobile App,ATM Withdrawal - Utilities,N,2024-12-14
TXN001899,ACC00286,CUST0144,2022-07-01,Purchase,Debit,14650.83,Groceries,ATM,Purchase - Healthcare,N,2022-07-03
TXN001900,ACC00067,CUST0163,2022-06-25,Purchase,Debit,6558.31,Groceries,ATM,Purchase - Utilities,N,2022-06-27
TXN001901,ACC00321,CUST0032,2022-09-19,Refund,Credit,12504.25,Entertainment,Internet Banking,Refund - Healthcare,N,2022-09-21
TXN001902,ACC00224,CUST0178,2023-07-08,Purchase,Debit,6736.26,Restaurants,Mobile App,Purchase - Utilities,N,2023-07-10
TXN001903,ACC00211,CUST0125,2023-10-15,Transfer,Credit,4115.54,Restaurants,Mobile App,Transfer - Restaurants,N,2023-10-15
TXN001904,ACC00103,CUST0127,2024-10-03,PayID,Credit,10295.1,Restaurants,Mobile App,PayID - Entertainment,N,2024-10-03
TXN001905,ACC00107,CUST0055,2023-03-23,Purchase,Debit,30.67,Groceries,EFTPOS,Purchase - Travel,N,2023-03-24
TXN001906,ACC00207,CUST0085,2024-07-17,Purchase,Debit,3589.85,Groceries,Mobile App,Purchase - Fuel,N,2024-07-17
TXN001907,ACC00208,CUST0103,2022-01-06,Refund,Credit,348.12,Fuel,ATM,Refund - Restaurants,N,2022-01-06
TXN001908,ACC00254,CUST0071,2023-02-17,PayID,Credit,14007.35,Retail,EFTPOS,PayID - Groceries,N,2023-02-19
TXN001909,ACC00173,CUST0087,2023-09-07,Refund,Credit,8150.36,Fuel,EFTPOS,Refund - Travel,N,2023-09-08
TXN001910,ACC00199,CUST0198,2023-05-17,Purchase,Debit,610.42,Healthcare,Internet Banking,Purchase - Utilities,N,2023-05-17
TXN001911,ACC00126,CUST0046,2024-07-01,Purchase,Debit,1238.15,Fuel,Branch,Purchase - Fuel,N,2024-07-03
TXN001912,ACC00331,CUST0083,2024-01-27,Direct Debit,Debit,10414.85,Restaurants,EFTPOS,Direct Debit - Healthcare,N,2024-01-27
TXN001913,ACC00097,CUST0182,2023-06-17,PayID,Credit,12073.99,Groceries,Mobile App,PayID - Entertainment,N,2023-06-17
TXN001914,ACC00143,CUST0108,2024-04-25,ATM Withdrawal,Debit,6167.33,Entertainment,ATM,ATM Withdrawal - Healthcare,N,2024-04-27
TXN001915,ACC00140,CUST0085,2024-04-08,Transfer,Credit,6479.7,Groceries,Mobile App,Transfer - Groceries,N,2024-04-09
TXN001916,ACC00330,CUST0068,2022-02-02,PayID,Credit,12151.89,Fuel,EFTPOS,PayID - Restaurants,N,2022-02-04
TXN001917,ACC00114,CUST0127,2024-11-17,Refund,Credit,6701.63,Healthcare,Mobile App,Refund - Restaurants,N,2024-11-18
TXN001918,ACC00073,CUST0086,2022-03-10,BPAY,Debit,7963.65,Fuel,ATM,BPAY - Healthcare,N,2022-03-10
TXN001919,ACC00240,CUST0175,2023-04-11,Direct Debit,Debit,11845.24,Utilities,ATM,Direct Debit - Healthcare,N,2023-04-11
TXN001920,ACC00177,CUST0093,2024-07-19,Direct Debit,Debit,261.94,Fuel,Internet Banking,Direct Debit - Fuel,N,2024-07-21
TXN001921,ACC00072,CUST0118,2023-11-11,Purchase,Debit,1608.64,Travel,Mobile App,Purchase - Restaurants,N,2023-11-12
TXN001922,ACC00178,CUST0153,2022-02-06,Refund,Credit,4303.68,Travel,Mobile App,Refund - Groceries,N,2022-02-08
TXN001923,ACC00089,CUST0173,2023-03-25,ATM Withdrawal,Debit,831.67,Travel,Mobile App,ATM Withdrawal - Groceries,N,2023-03-27
TXN001924,ACC00125,CUST0058,2024-12-05,Purchase,Debit,2150.72,Groceries,Mobile App,Purchase - Restaurants,N,2024-12-05
TXN001925,ACC00291,CUST0189,2024-05-24,Purchase,Debit,1030.59,Restaurants,Mobile App,Purchase - Healthcare,N,2024-05-26
TXN001926,ACC00192,CUST0125,2022-01-24,ATM Withdrawal,Debit,7466.88,Travel,Branch,ATM Withdrawal - Utilities,N,2022-01-26
TXN001927,ACC00133,CUST0075,2023-10-02,Purchase,Debit,5728.15,Healthcare,Internet Banking,Purchase - Restaurants,N,2023-10-03
TXN001928,ACC00113,CUST0053,2023-09-07,Purchase,Debit,5742.91,Fuel,EFTPOS,Purchase - Fuel,N,2023-09-07
TXN001929,ACC00188,CUST0186,2024-10-19,Refund,Credit,10787.96,Utilities,Branch,Refund - Retail,N,2024-10-20
TXN001930,ACC00121,CUST0185,2023-12-18,ATM Withdrawal,Debit,8375.46,Fuel,ATM,ATM Withdrawal - Travel,N,2023-12-18
TXN001931,ACC00163,CUST0024,2022-07-27,Transfer,Credit,11242.05,Retail,Internet Banking,Transfer - Travel,N,2022-07-27
TXN001932,ACC00261,CUST0117,2024-03-13,PayID,Credit,12709.71,Travel,Branch,PayID - Travel,N,2024-03-13
TXN001933,ACC00142,CUST0158,2022-06-06,BPAY,Debit,14345.93,Retail,ATM,BPAY - Retail,N,2022-06-07
TXN001934,ACC00320,CUST0015,2023-08-24,Refund,Credit,7100.1,Fuel,Internet Banking,Refund - Groceries,N,2023-08-25
TXN001935,ACC00008,CUST0096,2022-03-16,Purchase,Debit,6192.3,Healthcare,EFTPOS,Purchase - Retail,N,2022-03-16
TXN001936,ACC00065,CUST0199,2023-04-27,Direct Debit,Debit,4698.79,Utilities,Branch,Direct Debit - Groceries,N,2023-04-28
TXN001937,ACC00194,CUST0002,2022-11-09,Transfer,Credit,14212.17,Fuel,Branch,Transfer - Travel,N,2022-11-11
TXN001938,ACC00183,CUST0144,2022-12-02,BPAY,Debit,5354.4,Restaurants,Mobile App,BPAY - Travel,N,2022-12-03
TXN001939,ACC00145,CUST0008,2022-06-30,Purchase,Debit,11496.46,Retail,Internet Banking,Purchase - Fuel,N,2022-07-01
TXN001940,ACC00128,CUST0119,2022-01-06,ATM Withdrawal,Debit,12857.76,Utilities,Branch,ATM Withdrawal - Utilities,N,2022-01-08
TXN001941,ACC00148,CUST0145,2024-10-21,BPAY,Debit,13116.6,Restaurants,Mobile App,BPAY - Healthcare,N,2024-10-22
TXN001942,ACC00275,CUST0105,2022-02-17,ATM Withdrawal,Debit,14896.09,Healthcare,Mobile App,ATM Withdrawal - Entertainment,N,2022-02-17
TXN001943,ACC00023,CUST0197,2023-01-08,Refund,Credit,1367.53,Entertainment,Branch,Refund - Utilities,N,2023-01-09
TXN001944,ACC00043,CUST0148,2023-01-17,Purchase,Debit,3707.77,Fuel,ATM,Purchase - Groceries,N,2023-01-19
TXN001945,ACC00271,CUST0154,2024-05-18,Transfer,Credit,63.87,Retail,Internet Banking,Transfer - Fuel,N,2024-05-20
TXN001946,ACC00259,CUST0041,2024-02-28,Purchase,Debit,794.02,Utilities,Internet Banking,Purchase - Groceries,N,2024-02-28
TXN001947,ACC00054,CUST0185,2024-07-03,BPAY,Debit,8261.83,Groceries,Mobile App,BPAY - Fuel,N,2024-07-03
TXN001948,ACC00007,CUST0099,2023-03-06,ATM Withdrawal,Debit,4467.91,Fuel,Internet Banking,ATM Withdrawal - Fuel,N,2023-03-07
TXN001949,ACC00051,CUST0081,2024-08-13,BPAY,Debit,11429.15,Travel,Mobile App,BPAY - Fuel,N,2024-08-14
TXN001950,ACC00080,CUST0193,2023-12-28,BPAY,Debit,10256.46,Groceries,EFTPOS,BPAY - Healthcare,N,2023-12-30
TXN001951,ACC00146,CUST0062,2024-08-13,Direct Debit,Debit,12322.31,Entertainment,Mobile App,Direct Debit - Fuel,N,2024-08-14
TXN001952,ACC00175,CUST0190,2023-04-03,Transfer,Credit,5066.12,Fuel,Mobile App,Transfer - Retail,N,2023-04-05
TXN001953,ACC00271,CUST0154,2024-06-27,Purchase,Debit,7839.27,Retail,Internet Banking,Purchase - Retail,N,2024-06-27
TXN001954,ACC00117,CUST0180,2024-08-16,ATM Withdrawal,Debit,1680.15,Fuel,ATM,ATM Withdrawal - Groceries,N,2024-08-18
TXN001955,ACC00057,CUST0138,2024-08-20,Transfer,Credit,14639.24,Restaurants,Internet Banking,Transfer - Travel,N,2024-08-21
TXN001956,ACC00062,CUST0140,2023-02-10,Refund,Credit,7277.98,Utilities,Mobile App,Refund - Retail,N,2023-02-12
TXN001957,ACC00055,CUST0196,2022-01-15,Direct Debit,Debit,2731.74,Groceries,EFTPOS,Direct Debit - Entertainment,N,2022-01-16
TXN001958,ACC00257,CUST0168,2022-03-06,PayID,Credit,221.94,Healthcare,Branch,PayID - Utilities,N,2022-03-06
TXN001959,ACC00110,CUST0113,2024-03-20,Transfer,Credit,14460.17,Fuel,ATM,Transfer - Groceries,N,2024-03-21
TXN001960,ACC00309,CUST0168,2024-02-23,Refund,Credit,8272.74,Retail,Branch,Refund - Travel,N,2024-02-23
TXN001961,ACC00200,CUST0107,2024-06-25,Direct Debit,Debit,10233.92,Fuel,ATM,Direct Debit - Fuel,N,2024-06-26
TXN001962,ACC00073,CUST0086,2022-07-03,PayID,Credit,4828.49,Fuel,ATM,PayID - Healthcare,N,2022-07-04
TXN001963,ACC00038,CUST0168,2022-01-10,Purchase,Debit,7205.66,Utilities,Internet Banking,Purchase - Entertainment,N,2022-01-12
TXN001964,ACC00268,CUST0022,2023-06-13,Transfer,Credit,13391.93,Healthcare,Internet Banking,Transfer - Fuel,N,2023-06-13
TXN001965,ACC00296,CUST0098,2022-10-08,Refund,Credit,4329.09,Healthcare,EFTPOS,Refund - Fuel,N,2022-10-08
TXN001966,ACC00155,CUST0182,2022-08-08,BPAY,Debit,11079.11,Fuel,Mobile App,BPAY - Entertainment,N,2022-08-08
TXN001967,ACC00076,CUST0187,2022-07-26,Purchase,Debit,5525.15,Travel,ATM,Purchase - Entertainment,N,2022-07-28
TXN001968,ACC00282,CUST0050,2024-03-05,ATM Withdrawal,Debit,10474.59,Utilities,Internet Banking,ATM Withdrawal - Entertainment,N,2024-03-07
TXN001969,ACC00047,CUST0116,2022-07-11,Purchase,Debit,48.1,Fuel,Branch,Purchase - Retail,N,2022-07-11
TXN001970,ACC00252,CUST0033,2024-11-01,BPAY,Debit,12304.12,Travel,Mobile App,BPAY - Entertainment,N,2024-11-03
TXN001971,ACC00173,CUST0087,2023-10-20,Refund,Credit,11167.16,Fuel,Internet Banking,Refund - Fuel,N,2023-10-21
TXN001972,ACC00169,CUST0023,2022-07-21,BPAY,Debit,2010.66,Entertainment,EFTPOS,BPAY - Retail,N,2022-07-22
TXN001973,ACC00186,CUST0189,2023-06-16,Refund,Credit,2322.31,Groceries,EFTPOS,Refund - Retail,N,2023-06-18
TXN001974,ACC00197,CUST0088,2022-02-08,Refund,Credit,2303.47,Healthcare,ATM,Refund - Entertainment,N,2022-02-09
TXN001975,ACC00237,CUST0019,2024-08-17,Direct Debit,Debit,2121.06,Fuel,ATM,Direct Debit - Fuel,Y,2024-08-17
TXN001976,ACC00032,CUST0135,2024-10-21,Direct Debit,Debit,6958.22,Travel,Branch,Direct Debit - Retail,N,2024-10-23
TXN001977,ACC00118,CUST0040,2024-09-12,Purchase,Debit,9969.03,Utilities,Mobile App,Purchase - Retail,N,2024-09-12
TXN001978,ACC00272,CUST0199,2022-02-02,ATM Withdrawal,Debit,11644.97,Healthcare,Mobile App,ATM Withdrawal - Healthcare,N,2022-02-03
TXN001979,ACC00236,CUST0011,2023-01-06,Transfer,Credit,5750.46,Restaurants,Branch,Transfer - Healthcare,N,2023-01-07
TXN001980,ACC00271,CUST0154,2024-04-04,ATM Withdrawal,Debit,14719.0,Restaurants,EFTPOS,ATM Withdrawal - Healthcare,N,2024-04-05
TXN001981,ACC00214,CUST0130,2024-05-27,Purchase,Debit,3760.82,Retail,ATM,Purchase - Utilities,N,2024-05-27
TXN001982,ACC00106,CUST0014,2023-11-24,BPAY,Debit,3124.48,Travel,ATM,BPAY - Travel,N,2023-11-25
TXN001983,ACC00310,CUST0008,2022-09-14,BPAY,Debit,3269.1,Travel,EFTPOS,BPAY - Retail,N,2022-09-15
TXN001984,ACC00344,CUST0150,2022-03-03,BPAY,Debit,11960.17,Travel,EFTPOS,BPAY - Utilities,N,2022-03-05
TXN001985,ACC00172,CUST0037,2024-01-29,Direct Debit,Debit,11661.53,Groceries,Branch,Direct Debit - Groceries,N,2024-01-31
TXN001986,ACC00075,CUST0084,2024-08-29,ATM Withdrawal,Debit,3001.02,Fuel,Branch,ATM Withdrawal - Retail,N,2024-08-30
TXN001987,ACC00005,CUST0013,2023-10-06,PayID,Credit,2878.59,Entertainment,ATM,PayID - Retail,N,2023-10-07
TXN001988,ACC00257,CUST0168,2024-08-06,Direct Debit,Debit,7497.67,Entertainment,Branch,Direct Debit - Restaurants,N,2024-08-06
TXN001989,ACC00301,CUST0177,2022-02-26,Refund,Credit,3619.36,Healthcare,Internet Banking,Refund - Restaurants,N,2022-02-27
TXN001990,ACC00067,CUST0163,2024-07-21,Transfer,Credit,10929.91,Groceries,Internet Banking,Transfer - Restaurants,N,2024-07-21
TXN001991,ACC00247,CUST0073,2022-07-31,Purchase,Debit,1597.15,Retail,Branch,Purchase - Retail,N,2022-07-31
TXN001992,ACC00252,CUST0033,2022-08-07,Purchase,Debit,6344.59,Healthcare,Internet Banking,Purchase - Entertainment,N,2022-08-08
TXN001993,ACC00283,CUST0168,2024-04-07,Transfer,Credit,8657.29,Groceries,Branch,Transfer - Restaurants,N,2024-04-08
TXN001994,ACC00297,CUST0094,2022-01-17,Refund,Credit,3110.75,Restaurants,Internet Banking,Refund - Groceries,N,2022-01-19
TXN001995,ACC00212,CUST0172,2022-01-29,Direct Debit,Debit,1435.73,Restaurants,ATM,Direct Debit - Healthcare,N,2022-01-29
TXN001996,ACC00032,CUST0135,2024-05-14,Refund,Credit,8195.96,Fuel,ATM,Refund - Retail,N,2024-05-14
TXN001997,ACC00111,CUST0026,2022-06-14,Transfer,Credit,6001.53,Retail,Mobile App,Transfer - Entertainment,N,2022-06-14
TXN001998,ACC00150,CUST0016,2023-02-11,ATM Withdrawal,Debit,3130.97,Retail,Internet Banking,ATM Withdrawal - Healthcare,N,2023-02-12
TXN001999,ACC00296,CUST0098,2023-04-04,Refund,Credit,12792.32,Retail,Internet Banking,Refund - Healthcare,N,2023-04-05
TXN002000,ACC00124,CUST0012,2022-01-11,BPAY,Debit,8099.43,Groceries,ATM,BPAY - Entertainment,N,2022-01-11
